,PLAYER,TEAM,GP,W,L,MIN,DRIVES,FGM,FGA,FG%,FTM,FTA,FT%,PTS,PTS%,PASS,PASS%,AST,AST%,TO,TOV%,PF,PF%
0,A.J. Lawson,DAL,12,5,7,4.2,0.1,0.0,0.0,0.0,0.0,0.0,0.0,0.0,0.0,0.1,100.0,0.0,0.0,0.0,0.0,0.0,0.0
1,AJ Green,MIL,25,19,6,8.9,0.2,0.0,0.0,100.0,0.0,0.0,0.0,0.1,33.3,0.2,66.7,0.0,0.0,0.0,16.7,0.0,0.0
2,AJ Griffin,ATL,52,24,28,20.6,2.9,0.9,1.7,51.1,0.3,0.4,85.0,2.1,72.4,0.7,25.0,0.1,4.6,0.2,6.6,0.2,6.6
3,Aaron Gordon,DEN,49,35,14,30.3,3.3,0.9,1.5,58.3,0.7,1.2,58.6,2.5,76.5,0.9,25.9,0.3,8.0,0.3,9.3,0.6,17.3
4,Aaron Holiday,ATL,48,25,23,14.9,3.4,0.6,1.3,42.9,0.2,0.3,75.0,1.4,40.6,1.6,47.3,0.3,7.9,0.2,6.7,0.1,3.6
5,Aaron Nesmith,IND,50,21,29,24.2,3.9,0.8,1.7,44.7,0.4,0.5,84.6,2.0,51.0,1.5,38.3,0.3,8.2,0.3,8.2,0.3,6.6
6,Aaron Wiggins,OKC,44,24,20,18.7,3.1,0.6,1.2,48.1,0.2,0.3,75.0,1.4,45.9,1.3,42.2,0.3,11.1,0.3,8.1,0.1,4.4
7,Admiral Schofield,ORL,27,11,16,13.0,0.8,0.3,0.6,60.0,0.2,0.2,100.0,0.9,113.6,0.1,9.1,0.0,0.0,0.0,4.5,0.1,13.6
8,Al Horford,BOS,43,30,13,30.8,1.5,0.3,0.5,59.1,0.0,0.1,50.0,0.7,44.4,0.8,57.1,0.2,12.7,0.0,0.0,0.0,3.2
9,Alec Burks,DET,43,12,31,22.0,4.8,1.1,2.1,51.1,0.9,1.2,74.0,3.3,67.6,1.7,35.3,0.4,8.7,0.2,4.8,0.6,12.1
10,Aleksej Pokusevski,OKC,31,15,16,21.9,2.8,0.4,1.2,34.2,0.2,0.3,70.0,1.1,38.4,1.1,39.5,0.2,8.1,0.2,7.0,0.2,5.8
11,Alex Caruso,CHI,46,19,27,24.3,2.6,0.2,0.7,36.7,0.3,0.3,93.8,0.8,31.9,1.4,54.6,0.4,15.1,0.2,9.2,0.2,6.7
12,Alex Len,SAC,13,8,5,3.5,0.1,0.0,0.0,0.0,0.0,0.0,0.0,0.0,0.0,0.1,100.0,0.0,0.0,0.0,0.0,0.0,0.0
13,Alize Johnson,SAS,4,1,3,7.4,1.0,0.3,0.3,100.0,0.0,0.0,0.0,0.5,50.0,0.5,50.0,0.3,25.0,0.0,0.0,0.0,0.0
14,Alondes Williams,BKN,1,1,0,5.3,0.0,0.0,0.0,0.0,0.0,0.0,0.0,0.0,0.0,0.0,0.0,0.0,0.0,0.0,0.0,0.0,0.0
15,Alperen Sengun,HOU,51,10,41,28.3,4.2,1.1,1.9,57.6,0.6,0.9,75.0,3.0,71.2,1.4,34.0,0.4,9.3,0.3,7.0,0.4,10.2
16,Amir Coffey,LAC,39,20,19,14.6,2.6,0.6,1.4,41.8,0.5,0.6,79.2,1.7,64.7,0.7,28.4,0.2,6.9,0.1,4.9,0.3,11.8
17,Andre Drummond,CHI,42,19,23,13.0,0.3,0.1,0.2,37.5,0.0,0.0,100.0,0.2,66.7,0.0,16.7,0.0,8.3,0.0,8.3,0.0,8.3
18,Andre Iguodala,GSW,2,0,2,12.3,1.0,0.0,0.0,0.0,0.0,0.0,0.0,0.0,0.0,0.5,50.0,0.0,0.0,0.5,50.0,0.0,0.0
19,Andrew Nembhard,IND,50,22,28,27.4,6.7,1.0,2.4,40.3,0.2,0.2,75.0,2.1,32.1,3.5,53.2,0.8,12.6,0.4,5.4,0.1,1.8
20,Andrew Wiggins,GSW,34,17,17,32.1,4.8,0.6,1.9,34.9,0.3,0.4,71.4,1.6,33.3,2.1,44.4,0.5,11.1,0.4,8.6,0.2,4.3
21,Anfernee Simons,POR,54,26,28,35.9,8.9,2.4,4.4,53.6,0.8,0.9,91.3,5.6,63.2,3.4,38.0,0.8,8.9,0.5,5.6,0.4,4.8
22,Anthony Davis,LAL,32,14,18,33.5,2.2,0.8,1.5,51.0,0.3,0.4,66.7,2.0,88.7,0.4,16.9,0.1,4.2,0.1,5.6,0.2,8.5
23,Anthony Edwards,MIN,59,30,29,36.2,12.3,3.5,6.6,53.5,1.9,2.4,78.9,9.2,74.6,3.3,26.8,0.8,6.9,0.9,7.6,1.2,9.8
24,Anthony Gill,WAS,38,15,23,10.4,0.7,0.1,0.3,45.5,0.2,0.2,75.0,0.4,64.0,0.2,36.0,0.1,8.0,0.0,4.0,0.1,16.0
25,Anthony Lamb,GSW,41,22,19,19.2,1.8,0.3,0.4,76.5,0.1,0.1,83.3,0.8,47.2,1.0,58.3,0.1,8.3,0.1,8.3,0.1,4.2
26,Austin Reaves,LAL,38,17,21,28.2,5.1,1.0,1.8,57.4,0.9,1.1,85.7,3.2,63.2,2.1,40.9,0.4,7.8,0.4,8.8,0.6,10.9
27,Austin Rivers,MIN,44,22,22,21.1,3.7,0.8,1.3,57.6,0.4,0.5,90.0,2.0,55.2,1.9,51.5,0.4,11.0,0.2,4.9,0.2,6.1
28,Ayo Dosunmu,CHI,52,25,27,28.0,5.2,1.3,2.1,62.4,0.3,0.4,75.0,2.9,56.7,2.3,45.5,0.5,10.4,0.4,8.2,0.2,3.7
29,Bam Adebayo,MIA,51,28,23,35.2,5.4,1.6,3.1,51.6,1.0,1.2,88.3,4.3,80.3,1.2,21.5,0.1,2.2,0.3,5.5,0.6,10.9
30,Ben Simmons,BKN,39,23,16,27.1,3.7,0.8,1.5,53.3,0.2,0.3,58.3,1.8,49.3,1.7,45.1,0.3,8.3,0.2,5.6,0.2,4.9
31,Bennedict Mathurin,IND,57,25,32,28.2,7.5,2.0,4.4,44.6,1.9,2.2,85.0,6.1,80.5,1.2,16.5,0.2,2.8,0.6,7.4,1.1,14.9
32,Bismack Biyombo,PHX,45,25,20,14.0,0.1,0.0,0.0,0.0,0.0,0.0,0.0,0.0,0.0,0.0,50.0,0.0,0.0,0.0,0.0,0.0,0.0
33,Blake Griffin,BOS,24,16,8,13.4,0.4,0.0,0.1,33.3,0.0,0.1,0.0,0.1,30.0,0.1,20.0,0.0,0.0,0.1,20.0,0.0,10.0
34,Blake Wesley,SAS,11,2,9,13.4,3.5,0.5,1.5,35.3,0.1,0.2,50.0,1.2,33.3,1.6,46.2,0.2,5.1,0.2,5.1,0.1,2.6
35,Boban Marjanovic,HOU,17,1,16,4.2,0.0,0.0,0.0,0.0,0.0,0.0,0.0,0.0,0.0,0.0,0.0,0.0,0.0,0.0,0.0,0.0,0.0
36,Bobby Portis,MIL,47,30,17,26.8,2.0,0.7,1.2,56.9,0.2,0.3,91.7,1.7,83.0,0.4,21.3,0.2,8.5,0.2,8.5,0.1,6.4
37,Bogdan Bogdanovic,ATL,31,15,16,30.1,6.1,1.6,2.9,54.9,0.5,0.6,88.9,3.8,61.6,2.5,41.1,0.5,8.9,0.3,4.7,0.3,4.7
38,Bojan Bogdanovic,DET,53,15,38,31.9,8.7,2.4,4.3,55.2,1.2,1.3,85.9,6.1,69.5,2.8,32.0,0.8,9.1,0.6,6.5,0.7,7.8
39,Bol Bol,ORL,51,20,31,23.6,3.4,1.1,1.9,55.7,0.5,0.6,71.9,2.6,76.4,0.8,23.0,0.2,5.7,0.3,9.8,0.3,9.2
40,Bones Hyland,LAC,42,28,14,19.5,6.4,1.0,2.9,35.8,0.8,0.9,91.7,3.0,46.4,2.2,34.5,0.6,9.7,0.5,8.6,0.4,6.7
41,Bradley Beal,WAS,32,17,15,32.8,14.1,3.7,6.3,58.1,1.6,1.9,83.3,9.2,65.3,5.4,38.5,1.4,9.7,0.8,5.8,0.9,6.6
42,Brandon Boston Jr.,LAC,20,7,13,12.2,3.9,0.8,2.3,35.6,0.7,0.9,76.5,2.2,57.1,1.0,24.7,0.3,6.5,0.2,5.2,0.4,10.4
43,Brandon Clarke,MEM,49,28,21,19.7,1.0,0.3,0.5,52.0,0.2,0.2,75.0,0.8,76.0,0.2,20.0,0.0,4.0,0.1,12.0,0.1,12.0
44,Brandon Ingram,NOP,22,11,11,32.1,13.1,3.3,6.2,53.7,2.3,2.6,86.2,9.2,70.2,4.0,30.8,1.2,9.0,1.0,7.3,1.3,10.0
45,Braxton Key,DET,3,0,3,3.0,0.0,0.0,0.0,0.0,0.0,0.0,0.0,0.0,0.0,0.0,0.0,0.0,0.0,0.0,0.0,0.0,0.0
46,Brook Lopez,MIL,55,38,17,30.4,0.8,0.3,0.5,60.0,0.1,0.1,83.3,0.8,95.6,0.1,13.3,0.0,4.4,0.1,13.3,0.1,6.7
47,Bruce Brown,DEN,55,38,17,28.7,6.0,1.2,2.7,44.3,0.3,0.5,73.1,2.8,47.1,2.5,42.3,0.7,11.5,0.5,7.6,0.2,3.9
48,Bruno Fernando,ATL,31,9,22,11.7,0.4,0.0,0.2,16.7,0.1,0.1,50.0,0.1,30.8,0.1,23.1,0.1,15.4,0.0,7.7,0.1,15.4
49,Bryce McGowens,CHA,23,6,17,14.2,2.3,0.4,1.3,31.0,0.3,0.3,100.0,1.2,52.8,0.7,32.1,0.3,13.2,0.2,7.5,0.1,5.7
50,Bryn Forbes,MIN,25,9,16,10.7,1.5,0.3,0.8,38.1,0.3,0.3,100.0,1.0,68.4,0.4,26.3,0.0,2.6,0.1,5.3,0.2,10.5
51,Buddy Boeheim,DET,1,0,1,1.0,0.0,0.0,0.0,0.0,0.0,0.0,0.0,0.0,0.0,0.0,0.0,0.0,0.0,0.0,0.0,0.0,0.0
52,Buddy Hield,IND,57,25,32,32.2,6.3,1.1,2.4,44.6,0.3,0.3,88.9,2.5,39.3,3.0,48.2,0.5,8.6,0.4,7.0,0.2,2.5
53,CJ McCollum,NOP,51,26,25,35.0,12.5,2.7,5.5,49.1,1.0,1.2,81.7,6.5,52.1,5.2,41.3,1.5,12.2,0.8,6.6,0.6,4.7
54,Cade Cunningham,DET,12,3,9,33.3,16.6,3.8,8.0,46.9,2.2,2.5,86.7,9.8,59.3,5.5,33.2,1.5,9.0,1.3,7.5,1.3,7.5
55,Caleb Houstan,ORL,32,11,21,16.4,0.3,0.1,0.1,50.0,0.0,0.0,0.0,0.1,40.0,0.2,60.0,0.1,20.0,0.0,0.0,0.0,0.0
56,Caleb Martin,MIA,46,25,21,30.4,3.2,0.6,1.3,44.1,0.3,0.4,80.0,1.5,48.3,1.3,40.0,0.3,9.0,0.3,9.7,0.2,6.9
57,Cam Reddish,POR,21,9,12,21.7,4.0,1.1,2.2,50.0,0.3,0.4,75.0,2.6,66.3,1.2,31.3,0.0,1.2,0.2,4.8,0.2,4.8
58,Cam Thomas,BKN,38,24,14,16.3,7.1,1.6,3.4,46.9,1.1,1.3,84.0,4.5,63.4,2.4,34.7,0.5,7.5,0.5,6.7,0.7,9.3
59,Cameron Johnson,BKN,17,13,4,25.3,2.7,0.7,1.3,54.5,0.3,0.4,83.3,1.9,69.6,0.9,34.8,0.2,8.7,0.2,6.5,0.2,6.5
60,Cameron Payne,PHX,28,15,13,24.0,8.6,2.0,4.7,43.2,0.8,1.1,70.0,4.9,57.1,2.9,33.3,0.9,10.0,0.4,5.0,0.5,6.3
61,Caris LeVert,CLE,52,31,21,30.8,10.5,1.9,4.5,43.0,0.9,1.2,74.6,4.9,46.8,4.5,42.8,1.5,14.3,0.6,5.3,0.6,5.7
62,Cedi Osman,CLE,56,35,21,21.3,2.9,0.6,1.3,44.3,0.3,0.4,63.6,1.4,49.1,1.1,39.1,0.3,10.6,0.2,6.8,0.2,6.8
63,Charles Bassey,SAS,24,5,19,13.6,0.0,0.0,0.0,0.0,0.0,0.0,0.0,0.0,0.0,0.0,0.0,0.0,0.0,0.0,100.0,0.0,0.0
64,Chima Moneke,SAC,2,1,1,4.0,0.5,0.0,0.0,0.0,0.0,0.0,0.0,0.0,0.0,0.0,0.0,0.0,0.0,0.5,100.0,0.0,0.0
65,Chimezie Metu,SAC,42,24,18,10.9,0.6,0.1,0.2,37.5,0.0,0.0,50.0,0.2,29.2,0.2,37.5,0.0,4.2,0.1,12.5,0.0,4.2
66,Chris Boucher,TOR,51,24,27,20.8,0.7,0.1,0.4,36.8,0.2,0.2,91.7,0.5,72.2,0.2,27.8,0.1,8.3,0.0,2.8,0.1,16.7
67,Chris Duarte,IND,34,13,21,19.3,4.1,0.7,1.5,46.2,0.7,0.9,83.3,2.2,53.2,1.7,41.7,0.6,14.4,0.3,6.5,0.4,10.8
68,Chris Paul,PHX,37,19,18,31.8,9.6,1.9,3.8,50.7,0.4,0.5,77.8,4.3,44.5,4.9,51.0,1.3,13.8,0.4,4.5,0.2,2.5
69,Chris Silva,DAL,1,1,0,3.0,0.0,0.0,0.0,0.0,0.0,0.0,0.0,0.0,0.0,0.0,0.0,0.0,0.0,0.0,0.0,0.0,0.0
70,Christian Braun,DEN,51,35,16,14.8,1.8,0.4,0.8,47.5,0.2,0.3,64.3,0.9,52.2,0.7,41.1,0.2,11.1,0.1,6.7,0.1,7.8
71,Christian Koloko,TOR,45,21,24,14.6,0.0,0.0,0.0,0.0,0.0,0.0,0.0,0.0,0.0,0.0,0.0,0.0,0.0,0.0,0.0,0.0,0.0
72,Christian Wood,DAL,45,26,19,28.1,3.6,1.1,2.0,56.2,0.7,0.9,82.1,3.1,84.1,0.8,22.6,0.2,6.7,0.2,6.7,0.4,11.6
73,Chuma Okeke,ORL,18,5,13,21.8,2.3,0.3,0.7,38.5,0.3,0.3,100.0,0.9,41.5,1.3,56.1,0.3,12.2,0.1,4.9,0.2,7.3
74,Clint Capela,ATL,40,22,18,26.8,0.2,0.1,0.2,33.3,0.0,0.1,50.0,0.1,62.5,0.0,12.5,0.0,0.0,0.0,0.0,0.0,12.5
75,Coby White,CHI,46,22,24,21.8,4.5,0.7,1.5,49.3,0.3,0.4,83.3,1.8,40.0,2.4,54.1,0.5,12.2,0.2,4.9,0.2,4.4
76,Cody Martin,CHA,7,2,5,19.1,3.6,0.7,1.6,45.5,0.1,0.1,100.0,1.9,52.0,1.7,48.0,0.4,12.0,0.3,8.0,0.1,4.0
77,Cole Anthony,ORL,38,18,20,25.2,8.0,1.9,3.5,53.4,1.3,1.4,92.5,5.2,64.8,3.1,39.1,0.8,10.5,0.5,6.3,0.7,8.9
78,Cole Swider,LAL,6,1,5,6.7,0.2,0.0,0.2,0.0,0.0,0.0,0.0,0.0,0.0,0.0,0.0,0.0,0.0,0.0,0.0,0.0,0.0
79,Collin Sexton,UTA,44,23,21,24.2,9.7,2.4,4.5,52.8,1.9,2.3,81.6,6.9,71.6,2.9,29.6,0.9,8.9,0.7,7.3,1.2,12.2
80,Corey Kispert,WAS,46,21,25,27.4,1.8,0.4,0.8,48.6,0.3,0.3,86.7,1.1,61.0,0.7,36.6,0.2,11.0,0.1,6.1,0.2,8.5
81,Cory Joseph,DET,38,10,28,15.8,3.9,0.6,1.3,45.1,0.4,0.5,77.8,1.6,40.9,2.0,50.3,0.7,18.8,0.3,6.7,0.2,6.0
82,D'Angelo Russell,LAL,54,27,27,32.9,7.0,1.5,2.9,52.9,1.1,1.4,81.6,4.3,61.6,2.8,39.5,0.8,11.3,0.5,6.6,0.7,10.0
83,Daishen Nix,HOU,41,11,30,15.5,3.7,0.3,0.9,38.9,0.3,0.4,77.8,1.0,28.1,2.2,58.2,0.3,7.2,0.4,9.8,0.2,5.9
84,Dalano Banton,TOR,24,12,12,9.7,1.9,0.1,0.7,17.6,0.2,0.3,83.3,0.5,23.9,0.9,45.7,0.1,6.5,0.1,6.5,0.1,6.5
85,Dalen Terry,CHI,19,10,9,3.3,0.6,0.1,0.3,33.3,0.2,0.2,75.0,0.4,63.6,0.1,18.2,0.0,0.0,0.1,9.1,0.1,18.2
86,Damian Jones,UTA,22,6,16,8.0,0.1,0.0,0.0,0.0,0.0,0.0,0.0,0.0,0.0,0.0,33.3,0.0,33.3,0.0,0.0,0.0,0.0
87,Damian Lillard,POR,44,22,22,36.2,15.7,3.8,6.4,58.3,3.1,3.4,92.6,11.0,70.2,6.2,39.5,1.6,10.4,1.0,6.4,1.7,10.7
88,Damion Lee,PHX,58,31,27,22.3,4.3,0.7,1.7,43.0,0.3,0.4,86.4,1.8,42.5,1.9,44.1,0.4,8.5,0.3,6.9,0.2,4.5
89,Daniel Gafford,WAS,52,23,29,18.4,0.4,0.2,0.2,83.3,0.2,0.2,80.0,0.6,131.8,0.0,9.1,0.0,0.0,0.0,9.1,0.1,22.7
90,Daniel Theis,IND,5,1,4,14.2,1.0,0.4,0.4,100.0,0.0,0.4,0.0,0.8,80.0,0.2,20.0,0.0,0.0,0.2,20.0,0.2,20.0
91,Danny Green,HOU,3,1,2,14.5,1.0,0.0,0.7,0.0,0.0,0.0,0.0,0.0,0.0,0.3,33.3,0.0,0.0,0.0,0.0,0.0,0.0
92,Danuel House Jr.,PHI,36,23,13,15.1,1.6,0.3,0.5,61.1,0.2,0.2,100.0,0.8,48.3,0.9,56.9,0.2,12.1,0.1,3.4,0.1,5.2
93,Dario Saric,OKC,37,17,20,14.4,2.0,0.3,0.9,30.3,0.2,0.3,75.0,0.9,43.8,0.6,31.5,0.3,13.7,0.2,11.0,0.2,8.2
94,Darius Bazley,PHX,36,16,20,15.4,2.3,0.4,0.9,39.4,0.5,1.0,52.8,1.3,56.8,0.5,23.5,0.1,3.7,0.2,8.6,0.5,22.2
95,Darius Days,HOU,1,0,1,2.5,0.0,0.0,0.0,0.0,0.0,0.0,0.0,0.0,0.0,0.0,0.0,0.0,0.0,0.0,0.0,0.0,0.0
96,Darius Garland,CLE,48,26,22,35.1,17.3,3.3,6.5,50.3,1.8,2.1,86.3,8.6,49.9,8.0,46.6,2.7,15.4,1.1,6.4,1.1,6.3
97,David Duke Jr.,BKN,15,7,8,9.1,3.3,0.9,1.6,54.2,0.1,0.1,50.0,1.8,55.1,1.2,36.7,0.3,10.2,0.3,10.2,0.1,2.0
98,David Roddy,MEM,46,29,17,17.8,2.2,0.6,1.3,46.8,0.2,0.3,66.7,1.5,67.3,0.5,20.8,0.1,5.0,0.2,9.9,0.2,6.9
99,Davion Mitchell,SAC,54,30,24,18.1,4.9,0.8,1.5,53.8,0.1,0.1,71.4,1.7,35.1,2.9,58.9,0.6,11.3,0.4,7.5,0.1,1.5
100,Davis Bertans,DAL,34,17,17,10.6,0.4,0.1,0.1,66.7,0.0,0.0,0.0,0.1,35.7,0.3,71.4,0.1,21.4,0.0,0.0,0.0,0.0
101,Davon Reed,LAL,35,23,12,9.0,1.4,0.1,0.4,21.4,0.3,0.3,75.0,0.4,30.6,0.6,44.9,0.1,6.1,0.1,10.2,0.2,12.2
102,Day'Ron Sharpe,BKN,30,16,14,10.3,0.2,0.0,0.1,25.0,0.0,0.0,0.0,0.1,28.6,0.0,14.3,0.0,0.0,0.1,28.6,0.0,0.0
103,De'Aaron Fox,SAC,50,30,20,33.8,15.5,4.4,7.6,58.0,2.5,3.1,79.0,11.6,75.2,4.9,31.8,1.1,7.4,1.0,6.2,1.6,10.3
104,De'Andre Hunter,ATL,46,26,20,32.0,5.7,1.4,3.3,41.7,1.0,1.1,88.0,3.8,66.2,1.3,22.8,0.3,4.9,0.3,5.7,0.6,9.9
105,De'Anthony Melton,PHI,51,33,18,28.8,4.9,0.8,1.8,44.7,0.2,0.2,66.7,1.8,37.2,2.6,53.6,0.5,11.2,0.2,4.4,0.1,2.4
106,DeAndre Jordan,DEN,33,20,13,14.7,0.0,0.0,0.0,100.0,0.0,0.0,0.0,0.1,200.0,0.0,0.0,0.0,0.0,0.0,0.0,0.0,0.0
107,DeMar DeRozan,CHI,50,24,26,36.2,12.2,3.5,5.9,58.6,2.5,2.8,88.6,9.9,81.1,3.9,32.3,0.9,7.6,0.6,4.8,1.4,11.3
108,Dean Wade,CLE,28,20,8,23.1,1.7,0.2,0.6,29.4,0.4,0.5,71.4,0.8,43.8,0.6,37.5,0.2,12.5,0.2,10.4,0.3,14.6
109,Deandre Ayton,PHX,49,23,26,30.0,0.4,0.1,0.2,25.0,0.0,0.1,33.3,0.2,36.4,0.0,9.1,0.0,4.5,0.1,22.7,0.1,13.6
110,Dejounte Murray,ATL,51,26,25,36.6,11.8,2.7,5.9,46.2,1.0,1.2,81.7,6.6,56.0,4.2,35.6,1.1,9.6,0.8,6.8,0.6,5.0
111,Delon Wright,WAS,25,16,9,22.0,5.0,0.8,1.9,43.8,0.4,0.4,100.0,2.2,42.9,2.5,50.0,0.7,13.5,0.3,5.6,0.2,4.0
112,Deni Avdija,WAS,52,24,28,26.4,4.3,1.0,1.9,53.1,0.6,0.9,68.1,2.7,63.2,1.6,36.8,0.4,10.3,0.2,4.5,0.5,10.8
113,Dennis Schroder,LAL,43,21,22,30.2,8.8,1.7,3.6,45.5,1.3,1.5,88.9,4.8,54.6,3.5,40.3,1.1,12.7,0.5,6.1,0.7,8.5
114,Dennis Smith Jr.,CHA,35,9,26,24.8,8.7,1.7,3.4,49.2,0.5,0.6,72.7,3.8,43.8,4.4,50.0,1.2,13.7,0.5,5.9,0.3,3.6
115,Deonte Burton,SAC,2,1,1,3.3,0.5,0.0,0.5,0.0,0.0,0.0,0.0,0.0,0.0,0.0,0.0,0.0,0.0,0.0,0.0,0.0,0.0
116,Dereon Seabron,NOP,4,2,2,1.9,0.8,0.0,0.5,0.0,0.0,0.0,0.0,0.0,0.0,0.3,33.3,0.0,0.0,0.0,0.0,0.0,0.0
117,Derrick Jones Jr.,CHI,43,17,26,15.4,0.4,0.1,0.2,66.7,0.1,0.1,66.7,0.4,94.7,0.1,15.8,0.0,10.5,0.0,10.5,0.1,21.1
118,Derrick Rose,NYK,26,11,15,12.9,4.7,1.1,2.5,43.8,0.2,0.2,100.0,2.4,51.2,1.9,39.8,0.6,12.2,0.2,3.3,0.1,2.4
119,Derrick White,BOS,56,40,16,27.3,5.4,1.2,2.3,53.1,0.5,0.5,86.7,3.0,55.8,2.5,45.5,0.7,12.9,0.2,4.3,0.3,5.3
120,Desmond Bane,MEM,33,21,12,31.1,8.2,2.0,4.4,45.5,1.1,1.2,90.2,5.3,64.0,2.2,27.2,0.7,8.5,0.8,9.2,0.6,7.7
121,Devin Booker,PHX,31,20,11,34.0,12.4,3.1,6.0,52.2,1.9,2.3,85.7,8.5,68.1,4.3,34.5,1.3,10.1,0.7,5.5,1.1,9.1
122,Devin Vassell,SAS,29,8,21,31.3,9.1,1.4,3.6,40.4,0.9,1.1,81.3,3.9,42.8,4.3,47.3,1.0,11.4,0.4,4.5,0.6,6.1
123,Devon Dotson,WAS,6,1,5,8.9,3.2,0.0,0.7,0.0,0.0,0.0,0.0,0.0,0.0,2.3,73.7,0.7,21.1,0.2,5.3,0.0,0.0
124,Devonte' Graham,SAS,54,27,27,15.7,2.2,0.2,0.5,33.3,0.3,0.4,62.5,0.7,29.8,1.4,64.5,0.3,13.2,0.0,1.7,0.2,9.9
125,Dewayne Dedmon,MIA,30,17,13,11.7,0.3,0.2,0.2,100.0,0.1,0.1,75.0,0.4,162.5,0.0,12.5,0.0,0.0,0.0,0.0,0.1,25.0
126,Dillon Brooks,MEM,50,31,19,30.3,7.0,2.1,4.7,44.7,0.6,0.9,72.1,4.9,70.0,1.5,21.1,0.4,5.1,0.3,4.9,0.4,6.0
127,Domantas Sabonis,SAC,53,30,23,34.4,4.1,0.7,1.2,62.9,0.6,0.9,70.2,2.2,52.5,2.0,49.8,0.5,11.1,0.3,7.8,0.4,10.6
128,Dominick Barlow,SAS,7,0,7,7.6,0.1,0.1,0.1,100.0,0.0,0.0,0.0,0.3,200.0,0.0,0.0,0.0,0.0,0.0,0.0,0.0,0.0
129,Donovan Mitchell,CLE,47,31,16,35.3,12.3,3.5,5.9,60.1,1.7,1.8,91.8,9.0,73.3,4.5,37.0,1.1,9.4,0.5,4.2,0.9,7.3
130,Donte DiVincenzo,GSW,44,25,19,25.1,3.7,0.4,0.8,44.4,0.2,0.3,75.0,1.0,25.6,2.4,65.2,0.6,15.9,0.3,6.7,0.1,3.7
131,Dorian Finney-Smith,BKN,41,20,21,32.2,3.0,0.4,0.9,39.5,0.3,0.3,78.6,1.0,34.1,1.6,52.0,0.4,12.2,0.3,8.9,0.2,5.7
132,Doug McDermott,SAS,49,14,35,20.4,2.8,0.6,1.5,41.1,0.2,0.3,78.6,1.5,53.2,0.9,33.1,0.2,6.5,0.2,6.5,0.1,5.0
133,Draymond Green,GSW,48,26,22,31.8,1.9,0.5,0.9,53.5,0.1,0.2,62.5,1.1,55.9,0.8,40.9,0.2,11.8,0.1,5.4,0.1,4.3
134,Drew Eubanks,POR,54,25,29,19.3,0.5,0.2,0.2,69.2,0.1,0.1,57.1,0.4,84.0,0.1,32.0,0.0,4.0,0.0,0.0,0.1,16.0
135,Dru Smith,BKN,7,4,3,13.2,2.0,0.4,1.0,42.9,0.0,0.0,0.0,0.9,42.9,1.0,50.0,0.3,14.3,0.0,0.0,0.0,0.0
136,Duane Washington Jr.,PHX,31,17,14,12.7,5.1,1.2,3.2,38.8,0.1,0.2,50.0,2.6,51.3,1.6,31.0,0.5,10.1,0.2,3.8,0.1,1.9
137,Duncan Robinson,MIA,28,14,14,17.9,2.3,0.4,0.7,57.9,0.0,0.0,0.0,0.8,34.4,1.4,62.5,0.3,14.1,0.2,7.8,0.0,0.0
138,Dwight Powell,DAL,52,30,22,19.7,0.2,0.1,0.2,50.0,0.0,0.0,100.0,0.2,111.1,0.0,0.0,0.0,0.0,0.0,0.0,0.0,11.1
139,Dyson Daniels,NOP,39,21,18,19.9,3.3,0.5,1.3,42.0,0.1,0.1,75.0,1.2,35.7,1.7,51.2,0.5,14.0,0.2,6.2,0.1,1.6
140,Edmond Sumner,BKN,46,28,18,14.5,4.5,0.7,1.7,41.6,0.9,1.0,91.3,2.4,52.9,1.8,40.8,0.4,8.3,0.3,7.8,0.5,11.2
141,Eric Gordon,LAC,47,12,35,30.2,8.9,2.1,4.1,51.0,1.2,1.4,82.4,5.6,63.0,3.1,35.3,0.8,8.8,0.6,6.4,0.7,8.1
142,Eugene Omoruyi,OKC,22,8,14,12.0,0.9,0.2,0.4,50.0,0.1,0.3,50.0,0.5,55.0,0.2,20.0,0.0,0.0,0.2,20.0,0.1,15.0
143,Evan Fournier,NYK,22,12,10,18.7,3.0,0.5,1.4,35.5,0.3,0.3,100.0,1.3,43.1,1.2,40.0,0.5,15.4,0.1,4.6,0.1,4.6
144,Evan Mobley,CLE,56,34,22,34.1,3.8,0.9,2.0,43.9,0.3,0.5,67.9,2.2,57.3,1.0,26.3,0.4,10.3,0.4,10.8,0.3,6.6
145,Facundo Campazzo,DAL,8,2,6,6.5,0.6,0.0,0.1,0.0,0.0,0.0,0.0,0.0,0.0,0.5,80.0,0.0,0.0,0.0,0.0,0.0,0.0
146,Frank Kaminsky,HOU,26,11,15,6.8,0.4,0.1,0.1,66.7,0.1,0.1,100.0,0.2,60.0,0.2,60.0,0.0,10.0,0.0,0.0,0.0,10.0
147,Frank Ntilikina,DAL,33,17,16,11.8,1.8,0.2,0.6,40.0,0.2,0.2,83.3,0.7,36.7,1.0,53.3,0.2,13.3,0.1,6.7,0.1,5.0
148,Franz Wagner,ORL,55,22,33,33.1,11.4,3.2,6.5,49.7,1.3,1.6,85.1,7.9,69.5,3.3,28.6,0.8,7.3,0.7,6.0,0.8,7.0
149,Fred VanVleet,TOR,48,22,26,37.0,13.8,1.8,4.3,43.1,1.5,1.5,97.3,5.3,38.1,7.9,57.1,1.9,13.6,0.6,4.7,0.8,5.4
150,Furkan Korkmaz,PHI,25,17,8,10.2,2.2,0.4,1.0,45.8,0.3,0.5,66.7,1.2,54.5,0.8,34.5,0.2,9.1,0.2,10.9,0.2,10.9
151,Gabe Vincent,MIA,42,24,18,25.5,5.1,1.0,2.3,45.3,0.3,0.4,81.3,2.4,47.4,2.2,43.7,0.6,11.6,0.3,6.5,0.2,3.7
152,Garrett Temple,NOP,18,11,7,7.2,0.6,0.1,0.2,33.3,0.1,0.1,100.0,0.2,36.4,0.4,63.6,0.1,18.2,0.0,0.0,0.1,9.1
153,Garrison Mathews,ATL,45,12,33,13.4,0.5,0.0,0.2,14.3,0.1,0.2,75.0,0.2,36.4,0.2,45.5,0.1,13.6,0.0,4.5,0.1,18.2
154,Gary Harris,ORL,27,11,16,24.3,2.2,0.6,1.3,50.0,0.1,0.1,100.0,1.4,66.1,0.6,28.8,0.1,6.8,0.2,8.5,0.1,3.4
155,Gary Payton II,GSW,15,8,7,17.0,0.5,0.0,0.1,0.0,0.0,0.0,0.0,0.0,0.0,0.2,42.9,0.1,14.3,0.1,28.6,0.0,0.0
156,Gary Trent Jr.,TOR,50,23,27,33.6,4.9,1.6,3.1,51.3,0.6,0.8,81.6,3.9,79.4,1.1,22.7,0.2,3.6,0.3,6.1,0.4,7.7
157,George Hill,IND,35,24,11,19.1,2.7,0.5,0.8,58.6,0.1,0.3,55.6,1.1,41.5,1.3,50.0,0.3,11.7,0.3,11.7,0.1,4.3
158,Georges Niang,PHI,52,34,18,19.9,2.5,0.6,1.1,54.2,0.1,0.2,87.5,1.4,57.7,1.0,40.0,0.2,6.2,0.2,9.2,0.1,3.1
159,Giannis Antetokounmpo,MIL,45,33,12,33.3,14.5,4.1,6.7,61.7,3.2,4.9,65.5,11.8,81.6,3.7,25.7,0.8,5.7,1.2,8.1,2.5,17.1
160,Goga Bitadze,IND,21,8,13,9.6,0.0,0.0,0.0,0.0,0.0,0.0,0.0,0.0,0.0,0.0,0.0,0.0,0.0,0.0,0.0,0.0,0.0
161,Goran Dragic,CHI,48,22,26,15.8,4.9,0.8,1.9,43.5,0.1,0.2,87.5,1.8,36.9,2.5,51.3,0.8,16.9,0.4,7.6,0.1,1.7
162,Gordon Hayward,CHA,31,10,21,31.0,8.0,1.3,2.9,45.6,0.6,0.8,83.3,3.4,42.5,3.8,47.4,0.8,10.5,0.8,10.1,0.4,4.9
163,Gorgui Dieng,SAS,18,2,16,10.2,0.6,0.1,0.2,66.7,0.1,0.1,50.0,0.3,50.0,0.3,50.0,0.1,20.0,0.1,10.0,0.1,10.0
164,Grant Williams,BOS,55,40,15,27.7,2.7,0.7,1.2,52.9,0.3,0.3,77.8,1.6,59.6,0.9,34.2,0.1,4.8,0.2,6.8,0.2,6.2
165,Grayson Allen,MIL,52,37,15,27.5,6.0,1.0,2.1,45.5,0.7,0.8,84.1,2.7,44.7,2.8,46.3,0.6,10.3,0.5,7.7,0.4,7.1
166,Greg Brown III,POR,16,10,6,5.8,0.9,0.3,0.5,50.0,0.1,0.3,50.0,0.7,78.6,0.2,21.4,0.1,7.1,0.1,7.1,0.1,14.3
167,Hamidou Diallo,DET,47,12,35,16.6,3.3,0.8,1.9,42.5,0.5,0.8,57.9,2.1,64.7,0.6,19.6,0.1,3.9,0.2,7.2,0.4,12.4
168,Harrison Barnes,SAC,55,31,24,32.5,6.6,1.2,2.7,45.9,2.3,2.6,86.1,4.9,74.5,2.0,30.7,0.3,5.3,0.3,5.3,1.3,19.9
169,Haywood Highsmith,MIA,40,22,18,19.5,1.4,0.2,0.5,50.0,0.0,0.1,25.0,0.5,35.2,0.7,48.1,0.1,5.6,0.2,11.1,0.1,3.7
170,Herbert Jones,NOP,41,18,23,28.9,3.7,0.8,1.9,42.9,0.7,0.8,90.9,2.4,64.2,1.2,33.1,0.4,11.9,0.1,4.0,0.4,11.3
171,Immanuel Quickley,NYK,56,30,26,27.9,7.6,1.9,3.4,55.8,0.7,0.8,89.1,4.7,62.2,3.3,43.5,0.7,9.5,0.4,5.2,0.4,5.4
172,Isaac Okoro,CLE,58,36,22,20.9,2.0,0.4,1.0,46.4,0.3,0.3,88.9,1.2,60.9,0.7,36.5,0.2,11.3,0.1,7.0,0.2,7.8
173,Isaiah Hartenstein,NYK,57,30,27,19.4,0.2,0.1,0.1,66.7,0.0,0.0,0.0,0.1,57.1,0.1,50.0,0.0,7.1,0.0,7.1,0.0,0.0
174,Isaiah Jackson,IND,42,16,26,15.2,0.2,0.0,0.1,33.3,0.1,0.1,100.0,0.1,60.0,0.1,30.0,0.0,10.0,0.0,20.0,0.0,20.0
175,Isaiah Joe,OKC,47,24,23,15.6,0.8,0.1,0.2,37.5,0.1,0.1,100.0,0.2,27.8,0.4,58.3,0.1,13.9,0.1,11.1,0.0,5.6
176,Isaiah Livers,DET,34,9,25,20.9,1.2,0.1,0.3,36.4,0.2,0.2,75.0,0.4,33.3,0.7,54.8,0.1,9.5,0.1,9.5,0.1,9.5
177,Isaiah Mobley,CLE,8,5,3,3.3,0.1,0.0,0.1,0.0,0.0,0.0,0.0,0.0,0.0,0.0,0.0,0.0,0.0,0.0,0.0,0.0,0.0
178,Isaiah Roby,SAS,39,9,30,11.2,1.7,0.4,0.8,42.4,0.1,0.3,50.0,0.9,52.3,0.5,29.2,0.2,13.8,0.2,10.8,0.1,7.7
179,Isaiah Stewart,DET,45,12,33,28.3,2.0,0.5,1.1,50.0,0.2,0.3,91.7,1.3,64.1,0.5,26.1,0.2,12.0,0.3,13.0,0.1,6.5
180,Isaiah Todd,WAS,4,2,2,3.1,0.0,0.0,0.0,0.0,0.0,0.0,0.0,0.0,0.0,0.0,0.0,0.0,0.0,0.0,0.0,0.0,0.0
181,Ish Smith,DEN,27,17,10,9.5,4.3,0.6,1.2,51.5,0.0,0.0,0.0,1.3,29.6,2.6,61.7,0.6,13.0,0.4,9.6,0.0,0.0
182,Ish Wainright,PHX,40,21,19,15.6,1.0,0.2,0.3,53.8,0.2,0.3,80.0,0.6,57.5,0.4,37.5,0.1,10.0,0.1,10.0,0.1,12.5
183,Ivica Zubac,LAC,57,30,27,29.4,0.3,0.2,0.3,60.0,0.0,0.0,0.0,0.3,120.0,0.0,0.0,0.0,0.0,0.0,0.0,0.0,0.0
184,JD Davison,BOS,5,4,1,2.3,0.6,0.0,0.2,0.0,0.0,0.0,0.0,0.0,0.0,0.4,66.7,0.0,0.0,0.0,0.0,0.0,0.0
185,JT Thor,CHA,44,10,34,10.8,0.9,0.2,0.5,50.0,0.1,0.1,75.0,0.6,65.8,0.3,34.2,0.0,2.6,0.1,7.9,0.0,5.3
186,Ja Morant,MEM,46,30,16,32.7,21.0,5.3,10.7,49.0,3.7,4.9,75.9,14.7,70.1,6.0,28.5,2.1,10.0,1.2,5.7,2.4,11.4
187,JaMychal Green,GSW,35,18,17,14.7,0.2,0.0,0.1,0.0,0.0,0.0,0.0,0.0,0.0,0.0,14.3,0.0,0.0,0.1,28.6,0.0,0.0
188,JaVale McGee,DAL,33,17,16,8.2,0.7,0.4,0.5,70.6,0.1,0.1,100.0,0.8,122.7,0.1,9.1,0.0,0.0,0.1,9.1,0.0,4.5
189,Jabari Smith Jr.,HOU,53,12,41,29.8,2.9,0.7,1.6,47.0,0.5,0.6,76.5,2.0,70.6,0.6,21.6,0.1,3.3,0.2,8.5,0.3,11.1
190,Jabari Walker,POR,36,18,18,8.5,0.6,0.1,0.2,42.9,0.1,0.1,75.0,0.3,47.6,0.2,38.1,0.1,14.3,0.1,14.3,0.1,9.5
191,Jack White,DEN,12,10,2,3.4,0.3,0.2,0.3,66.7,0.0,0.0,0.0,0.4,166.7,0.0,0.0,0.0,0.0,0.0,0.0,0.0,0.0
192,Jaden Hardy,DAL,28,15,13,11.1,4.0,1.0,1.9,51.9,0.5,0.5,86.7,2.6,63.7,1.3,32.7,0.2,4.4,0.4,8.8,0.3,7.1
193,Jaden Ivey,DET,52,15,37,30.1,11.4,1.8,4.1,44.8,1.6,2.1,74.5,5.5,47.8,4.8,41.9,1.4,12.5,0.9,7.6,1.1,9.4
194,Jaden McDaniels,MIN,56,29,27,30.5,4.7,0.9,2.0,44.6,0.4,0.5,82.1,2.3,48.7,1.9,40.4,0.6,12.5,0.4,8.7,0.3,5.3
195,Jaden Springer,PHI,7,7,0,3.7,1.0,0.1,0.4,33.3,0.1,0.3,50.0,0.4,42.9,0.3,28.6,0.1,14.3,0.1,14.3,0.1,14.3
196,Jae'Sean Tate,HOU,18,3,15,20.9,5.7,1.1,2.7,40.8,0.4,0.7,58.3,2.7,48.0,2.2,38.2,0.4,6.9,0.3,5.9,0.3,5.9
197,Jake LaRavia,MEM,30,20,10,12.7,0.9,0.2,0.4,50.0,0.1,0.1,75.0,0.5,53.6,0.3,35.7,0.0,3.6,0.1,14.3,0.1,7.1
198,Jakob Poeltl,TOR,46,11,35,25.9,2.0,0.7,1.1,64.0,0.2,0.3,66.7,1.6,78.5,0.6,31.2,0.2,8.6,0.1,6.5,0.1,6.5
199,Jalen Brunson,NYK,53,28,25,35.0,20.1,4.5,9.2,48.6,2.1,2.5,86.2,11.6,57.7,8.1,40.3,1.9,9.3,0.9,4.5,1.2,6.1
200,Jalen Duren,DET,48,14,34,25.4,0.2,0.0,0.1,66.7,0.0,0.0,0.0,0.1,44.4,0.1,55.6,0.0,11.1,0.0,0.0,0.0,11.1
201,Jalen Green,HOU,52,11,41,34.3,12.5,2.6,6.0,43.5,2.7,3.2,83.1,8.1,64.9,3.7,29.3,0.9,6.9,0.7,5.7,1.6,12.5
202,Jalen Johnson,ATL,52,26,26,14.6,1.6,0.3,0.6,51.6,0.3,0.4,73.9,0.9,59.8,0.7,41.5,0.1,4.9,0.1,6.1,0.2,13.4
203,Jalen McDaniels,PHI,56,15,41,26.7,4.8,0.9,2.3,39.7,0.6,0.6,86.1,2.4,50.2,1.6,32.3,0.4,7.4,0.5,10.0,0.3,6.7
204,Jalen Smith,IND,49,23,26,18.6,0.8,0.3,0.6,44.8,0.1,0.1,75.0,0.6,73.2,0.2,19.5,0.0,2.4,0.0,4.9,0.0,4.9
205,Jalen Suggs,ORL,31,12,19,22.6,3.6,0.9,1.8,50.9,0.3,0.5,57.1,2.1,58.0,1.1,29.5,0.3,8.9,0.4,10.7,0.2,6.3
206,Jalen Williams,OKC,51,25,26,29.0,7.8,1.7,3.3,50.0,0.4,0.6,73.3,3.8,49.5,3.5,44.9,0.9,11.4,0.5,5.8,0.3,3.8
207,Jamal Cain,MIA,13,8,5,13.9,0.6,0.2,0.5,42.9,0.0,0.0,0.0,0.5,75.0,0.1,12.5,0.0,0.0,0.0,0.0,0.0,0.0
208,Jamal Murray,DEN,45,32,13,32.5,10.0,2.4,4.8,50.0,0.9,1.0,89.4,5.8,58.5,3.9,39.5,1.4,14.3,0.5,4.7,0.5,5.1
209,Jamaree Bouyea,MIA,1,1,0,14.1,1.0,1.0,1.0,100.0,0.0,0.0,0.0,2.0,200.0,0.0,0.0,0.0,0.0,0.0,0.0,0.0,0.0
210,James Bouknight,CHA,26,5,21,13.6,2.0,0.5,1.0,50.0,0.2,0.2,66.7,1.2,58.8,0.6,29.4,0.1,3.9,0.2,11.8,0.1,5.9
211,James Harden,PHI,38,25,13,36.5,13.5,2.4,5.0,48.4,2.4,2.8,85.7,7.5,55.3,6.1,45.3,1.7,12.6,0.6,4.7,1.4,10.3
212,James Johnson,IND,12,5,7,8.2,1.4,0.3,0.9,36.4,0.2,0.2,100.0,0.8,58.8,0.3,23.5,0.2,11.8,0.0,0.0,0.1,5.9
213,James Wiseman,DET,21,9,12,12.5,0.1,0.0,0.0,100.0,0.0,0.0,100.0,0.1,150.0,0.0,0.0,0.0,0.0,0.0,50.0,0.0,50.0
214,Jared Rhoden,DET,1,0,1,12.0,1.0,0.0,1.0,0.0,0.0,0.0,0.0,0.0,0.0,0.0,0.0,0.0,0.0,0.0,0.0,0.0,0.0
215,Jaren Jackson Jr.,MEM,38,24,14,27.3,4.8,1.6,3.0,52.6,1.3,1.8,73.9,4.6,95.1,0.5,9.8,0.1,1.6,0.4,8.2,0.9,19.0
216,Jarred Vanderbilt,LAL,52,25,27,24.1,1.6,0.2,0.4,40.9,0.3,0.4,61.9,0.6,36.9,0.8,52.4,0.2,13.1,0.1,7.1,0.2,11.9
217,Jarrett Allen,CLE,51,33,18,33.1,0.4,0.1,0.2,41.7,0.1,0.1,50.0,0.3,59.1,0.1,18.2,0.0,0.0,0.1,13.6,0.1,13.6
218,Jarrett Culver,ATL,10,5,5,13.7,2.2,0.4,1.0,40.0,0.2,0.2,100.0,1.0,45.5,0.7,31.8,0.1,4.5,0.2,9.1,0.1,4.5
219,Jason Preston,LAC,13,3,10,9.4,2.5,0.4,1.1,35.7,0.0,0.0,0.0,0.8,31.3,1.1,43.8,0.2,9.4,0.3,12.5,0.0,0.0
220,Javonte Green,CHI,28,11,17,16.0,1.1,0.1,0.4,33.3,0.3,0.5,57.1,0.6,53.3,0.3,23.3,0.1,6.7,0.1,13.3,0.3,23.3
221,Jaxson Hayes,NOP,31,14,17,14.0,0.9,0.1,0.4,36.4,0.2,0.3,60.0,0.5,50.0,0.3,28.6,0.0,3.6,0.1,10.7,0.2,17.9
222,Jaylen Brown,BOS,48,33,15,35.6,10.9,3.2,5.5,57.7,1.9,2.3,82.7,8.6,78.5,3.1,28.8,0.7,6.5,0.9,7.8,1.1,10.5
223,Jaylen Nowell,MIN,59,30,29,19.9,5.8,1.7,3.2,51.6,0.5,0.6,73.7,3.9,68.2,1.8,30.9,0.5,9.1,0.3,5.6,0.3,5.6
224,Jaylin Williams,OKC,23,11,12,15.3,0.7,0.2,0.3,57.1,0.2,0.2,100.0,0.5,80.0,0.2,26.7,0.0,6.7,0.1,13.3,0.1,13.3
225,Jayson Tatum,BOS,53,38,15,37.3,11.2,2.9,5.7,50.7,2.0,2.3,83.9,8.0,71.7,3.5,31.0,0.8,7.3,0.6,5.6,1.2,10.5
226,Jeff Dowtin Jr.,TOR,14,9,5,6.6,0.9,0.3,0.5,57.1,0.0,0.0,0.0,0.6,69.2,0.4,38.5,0.1,7.7,0.1,7.7,0.0,0.0
227,Jeff Green,DEN,34,21,13,18.9,1.7,0.5,0.9,53.3,0.5,0.6,80.0,1.4,83.1,0.3,18.6,0.1,3.4,0.2,11.9,0.3,16.9
228,Jerami Grant,POR,54,25,29,35.7,6.3,1.5,3.1,48.8,1.3,1.7,77.4,4.4,70.2,1.6,25.1,0.5,7.4,0.6,9.1,0.9,13.9
229,Jeremiah Robinson-Earl,OKC,26,10,16,21.1,0.8,0.2,0.2,100.0,0.2,0.2,100.0,0.5,63.6,0.4,50.0,0.1,13.6,0.1,9.1,0.1,9.1
230,Jeremy Sochan,SAS,44,11,33,25.9,5.9,1.0,2.4,43.4,0.6,0.7,81.3,2.8,46.9,2.6,43.5,0.6,10.0,0.5,7.7,0.4,6.2
231,Jericho Sims,NYK,44,24,20,15.9,0.0,0.0,0.0,100.0,0.0,0.0,0.0,0.0,100.0,0.0,50.0,0.0,0.0,0.0,0.0,0.0,0.0
232,Jevon Carter,MIL,56,39,17,22.5,3.4,0.4,1.0,36.4,0.1,0.1,66.7,0.8,23.3,2.0,58.2,0.4,11.1,0.3,7.4,0.1,1.6
233,Jimmy Butler,MIA,41,23,18,33.8,13.7,2.7,5.4,49.8,2.1,2.4,88.0,7.9,57.9,6.1,44.7,1.2,8.9,0.5,3.7,1.2,8.9
234,Jock Landale,PHX,49,25,24,14.4,0.1,0.0,0.1,66.7,0.0,0.0,0.0,0.1,57.1,0.1,42.9,0.0,14.3,0.0,14.3,0.0,0.0
235,Joe Harris,BKN,48,28,20,24.4,2.6,0.3,0.7,37.5,0.1,0.2,50.0,0.6,23.2,1.6,60.8,0.4,15.2,0.2,8.8,0.1,3.2
236,Joe Ingles,MIL,23,15,8,22.2,2.8,0.4,0.8,52.6,0.0,0.0,0.0,0.9,32.8,1.7,59.4,0.3,12.5,0.2,7.8,0.0,0.0
237,Joe Wieskamp,TOR,2,1,1,8.5,0.0,0.0,0.0,0.0,0.0,0.0,0.0,0.0,0.0,0.0,0.0,0.0,0.0,0.0,0.0,0.0,0.0
238,Joel Embiid,PHI,42,27,15,34.9,5.8,1.7,3.3,52.5,1.6,1.8,86.8,5.3,91.8,0.7,11.5,0.2,4.1,0.5,9.5,0.9,16.0
239,John Butler Jr.,POR,7,1,6,3.4,0.0,0.0,0.0,0.0,0.0,0.0,0.0,0.0,0.0,0.0,0.0,0.0,0.0,0.0,0.0,0.0,0.0
240,John Collins,ATL,48,25,23,31.3,2.6,0.9,1.5,56.8,0.2,0.2,100.0,2.0,76.0,0.7,25.6,0.2,7.2,0.2,8.8,0.1,4.0
241,John Konchar,MEM,47,29,18,23.0,1.3,0.1,0.7,16.1,0.1,0.1,83.3,0.3,24.2,0.4,32.3,0.1,11.3,0.2,12.9,0.1,4.8
242,John Wall,HOU,34,15,19,22.2,8.6,1.2,2.8,43.2,1.2,1.6,77.8,3.8,44.0,4.0,46.7,0.9,10.7,0.6,7.2,0.8,9.3
243,Johnny Davis,WAS,11,4,7,5.1,1.2,0.2,0.5,33.3,0.2,0.2,100.0,0.6,53.8,0.4,30.8,0.0,0.0,0.0,0.0,0.1,7.7
244,Jonas Valanciunas,NOP,56,28,28,24.6,0.6,0.1,0.3,42.1,0.1,0.1,75.0,0.4,71.0,0.0,6.5,0.0,0.0,0.1,12.9,0.1,12.9
245,Jonathan Isaac,ORL,8,6,2,10.0,0.4,0.0,0.1,0.0,0.0,0.0,0.0,0.0,0.0,0.3,66.7,0.0,0.0,0.0,0.0,0.0,0.0
246,Jonathan Kuminga,GSW,43,24,19,19.5,3.7,1.0,1.7,56.2,0.4,0.6,66.7,2.3,62.5,1.4,36.9,0.4,10.0,0.3,8.1,0.3,7.5
247,Jordan Clarkson,UTA,55,27,28,32.3,15.1,3.5,6.8,52.4,1.3,1.5,83.3,8.6,56.7,5.7,37.5,1.7,11.3,1.3,8.9,0.8,5.0
248,Jordan Goodwin,WAS,39,14,25,18.4,4.6,1.1,2.1,51.3,0.2,0.4,50.0,2.4,53.4,1.9,41.0,0.5,10.7,0.3,5.6,0.2,4.5
249,Jordan Hall,SAS,9,1,8,9.2,1.6,0.1,0.2,50.0,0.3,0.4,75.0,0.6,35.7,0.9,57.1,0.3,21.4,0.2,14.3,0.2,14.3
250,Jordan McLaughlin,MIN,22,12,10,15.5,3.3,0.5,1.1,50.0,0.3,0.3,100.0,1.4,41.7,1.8,55.6,0.5,16.7,0.1,4.2,0.1,4.2
251,Jordan Nwora,IND,38,26,12,15.7,2.6,0.4,1.1,33.3,0.5,0.6,90.9,1.3,51.0,0.9,35.0,0.2,7.0,0.2,8.0,0.3,11.0
252,Jordan Poole,GSW,54,27,27,30.5,8.5,2.0,3.9,51.7,1.1,1.3,84.3,5.4,62.9,2.9,33.6,0.8,8.9,0.8,9.3,0.6,7.6
253,Jordan Schakel,WAS,2,0,2,3.1,1.5,0.0,0.5,0.0,0.0,0.0,0.0,0.0,0.0,0.5,33.3,0.0,0.0,0.0,0.0,0.0,0.0
254,Jose Alvarado,NOP,56,29,27,21.6,6.9,1.4,3.0,45.6,0.6,0.8,76.1,3.4,50.0,3.0,43.2,0.8,10.9,0.4,6.0,0.4,6.0
255,Josh Christopher,HOU,38,7,31,9.7,3.3,1.0,2.0,49.4,0.2,0.3,69.2,2.2,66.9,0.8,25.2,0.2,5.5,0.3,9.4,0.2,5.5
256,Josh Giddey,OKC,50,22,28,30.9,11.9,2.9,6.1,47.7,0.4,0.4,81.8,6.3,52.9,4.6,38.6,1.2,9.9,0.7,5.7,0.2,1.8
257,Josh Green,DAL,37,20,17,24.0,4.6,1.1,1.7,61.9,0.6,0.8,85.7,2.8,61.8,2.0,43.5,0.4,9.4,0.3,6.5,0.4,8.2
258,Josh Hart,NYK,51,25,26,33.4,3.9,0.8,1.5,50.0,0.3,0.4,75.0,1.9,48.0,1.9,49.0,0.4,11.0,0.2,6.0,0.2,5.0
259,Josh Minott,MIN,11,5,6,6.2,0.7,0.1,0.5,16.7,0.0,0.0,0.0,0.2,25.0,0.2,25.0,0.0,0.0,0.0,0.0,0.0,0.0
260,Josh Okogie,PHX,48,24,24,13.9,3.1,0.4,1.0,41.3,0.6,1.0,62.5,1.4,46.3,1.2,40.1,0.4,12.9,0.3,8.2,0.5,16.3
261,Josh Richardson,NOP,41,11,30,23.8,5.7,1.1,2.3,48.4,0.3,0.3,78.6,2.5,44.0,2.7,47.0,0.9,15.4,0.4,7.3,0.2,3.0
262,Joshua Primo,SAS,4,3,1,23.3,7.5,1.0,2.0,50.0,0.8,1.0,75.0,2.8,36.7,4.0,53.3,0.8,10.0,1.0,13.3,0.5,6.7
263,Jrue Holiday,MIL,45,33,12,32.9,12.4,2.8,5.4,52.0,1.0,1.2,82.1,6.9,55.5,5.4,43.5,1.4,11.6,0.7,5.4,0.6,5.0
264,Juan Toscano-Anderson,UTA,30,12,18,12.2,0.9,0.2,0.3,50.0,0.0,0.0,0.0,0.3,37.0,0.4,44.4,0.0,3.7,0.1,14.8,0.0,0.0
265,Juancho Hernangomez,TOR,41,20,21,14.8,0.2,0.0,0.1,33.3,0.0,0.0,0.0,0.0,22.2,0.1,55.6,0.0,0.0,0.0,0.0,0.0,0.0
266,Julian Champagnie,PHI,2,2,0,3.3,0.0,0.0,0.0,0.0,0.0,0.0,0.0,0.0,0.0,0.0,0.0,0.0,0.0,0.0,0.0,0.0,0.0
267,Julius Randle,NYK,57,30,27,35.9,9.3,1.8,3.6,51.2,1.2,1.7,70.7,5.1,54.3,3.9,42.3,1.1,12.3,0.7,7.2,0.9,9.4
268,Justin Champagnie,TOR,3,2,1,3.6,0.3,0.3,0.3,100.0,0.0,0.0,0.0,0.7,200.0,0.0,0.0,0.0,0.0,0.0,0.0,0.0,0.0
269,Justin Holiday,HOU,28,12,16,14.7,0.5,0.1,0.1,66.7,0.0,0.0,0.0,0.1,30.8,0.3,69.2,0.1,15.4,0.0,7.7,0.0,0.0
270,Justin Jackson,BOS,23,15,8,4.7,0.4,0.0,0.1,33.3,0.0,0.0,0.0,0.1,20.0,0.3,70.0,0.1,30.0,0.0,0.0,0.0,0.0
271,Justise Winslow,POR,29,15,14,26.8,3.7,0.5,1.5,34.1,0.1,0.3,50.0,1.2,32.1,1.6,42.5,0.4,11.3,0.4,10.4,0.1,3.8
272,Jusuf Nurkic,POR,45,23,22,27.3,0.8,0.3,0.5,63.6,0.2,0.2,70.0,0.8,92.1,0.2,18.4,0.0,2.6,0.1,7.9,0.1,13.2
273,KZ Okpala,SAC,35,19,16,7.1,0.6,0.1,0.2,33.3,0.1,0.1,100.0,0.2,27.3,0.4,59.1,0.1,9.1,0.0,4.5,0.0,4.5
274,Kai Jones,CHA,27,6,21,8.8,0.7,0.1,0.4,33.3,0.1,0.2,50.0,0.4,60.0,0.2,25.0,0.0,5.0,0.0,0.0,0.1,15.0
275,Karl-Anthony Towns,MIN,21,10,11,33.8,7.3,1.9,3.4,55.6,1.7,1.9,90.0,5.7,78.4,2.1,28.8,0.5,6.5,0.5,6.5,1.0,13.1
276,Kawhi Leonard,LAC,32,21,11,32.2,10.7,2.6,4.4,59.6,1.3,1.6,82.0,6.8,64.2,4.8,45.5,0.9,8.5,0.3,3.2,0.8,7.3
277,Keegan Murray,SAC,53,30,23,29.7,2.2,0.5,1.1,44.1,0.2,0.2,90.0,1.2,54.2,0.8,34.7,0.1,4.2,0.2,9.3,0.1,4.2
278,Keita Bates-Diop,SAS,41,10,31,19.9,2.4,0.6,1.5,42.6,0.4,0.6,66.7,1.8,72.7,0.4,18.2,0.1,4.0,0.2,7.1,0.3,12.1
279,Keldon Johnson,SAS,48,13,35,32.6,11.9,3.3,7.0,47.5,1.9,2.4,79.1,8.9,74.3,2.8,23.8,0.5,4.4,0.6,5.1,1.2,10.1
280,Kelly Olynyk,UTA,45,21,24,28.0,4.1,0.7,1.6,45.8,0.5,0.5,87.5,2.1,50.8,1.5,37.7,0.6,14.2,0.5,11.5,0.3,6.6
281,Kelly Oubre Jr.,CHA,35,10,25,32.6,7.3,2.2,4.9,44.7,1.1,1.7,63.8,5.7,77.3,1.0,13.3,0.2,2.7,0.4,5.9,0.8,11.3
282,Kemba Walker,DAL,9,5,4,16.0,5.3,1.3,2.2,60.0,1.0,1.3,75.0,3.8,70.8,2.2,41.7,0.6,10.4,0.1,2.1,0.7,12.5
283,Kendall Brown,IND,6,1,5,6.7,0.5,0.0,0.2,0.0,0.0,0.0,0.0,0.0,0.0,0.3,66.7,0.0,0.0,0.0,0.0,0.0,0.0
284,Kendrick Nunn,WAS,46,22,24,14.2,3.5,0.7,1.7,41.3,0.2,0.2,100.0,1.6,46.3,1.3,37.7,0.3,9.9,0.3,9.9,0.1,1.9
285,Kennedy Chandler,MEM,24,15,9,9.2,2.4,0.4,1.2,34.5,0.0,0.1,33.3,0.8,34.5,1.0,41.4,0.5,22.4,0.1,3.4,0.0,1.7
286,Kenneth Lofton Jr.,MEM,8,5,3,3.9,0.6,0.3,0.4,66.7,0.1,0.3,50.0,0.6,100.0,0.1,20.0,0.1,20.0,0.0,0.0,0.1,20.0
287,Kenrich Williams,OKC,47,25,22,22.4,2.3,0.3,0.8,41.7,0.0,0.1,16.7,0.7,29.4,1.2,53.2,0.3,13.8,0.1,6.4,0.1,2.8
288,Kentavious Caldwell-Pope,DEN,53,37,16,31.3,1.8,0.3,0.7,45.9,0.2,0.3,64.3,0.8,47.4,0.8,45.3,0.2,12.6,0.2,8.4,0.1,7.4
289,Kenyon Martin Jr.,HOU,56,13,43,26.2,2.2,0.6,1.0,57.4,0.2,0.4,60.0,1.4,62.9,0.9,41.1,0.2,7.3,0.1,4.8,0.2,8.1
290,Keon Ellis,SAC,8,4,4,4.4,0.5,0.1,0.3,50.0,0.0,0.0,0.0,0.3,50.0,0.3,50.0,0.3,50.0,0.0,0.0,0.0,0.0
291,Keon Johnson,POR,26,11,15,10.2,2.2,0.4,1.0,42.3,0.2,0.3,62.5,1.0,47.4,0.8,36.8,0.1,3.5,0.2,10.5,0.2,7.0
292,Kessler Edwards,SAC,14,5,9,5.7,0.2,0.1,0.2,33.3,0.0,0.0,0.0,0.1,66.7,0.0,0.0,0.0,0.0,0.0,0.0,0.0,0.0
293,Kevin Durant,PHX,39,26,13,36.0,9.5,3.5,5.6,63.0,1.6,1.6,96.9,9.1,95.4,2.3,24.1,0.6,6.2,0.6,5.9,0.8,8.6
294,Kevin Huerter,SAC,52,28,24,30.3,4.3,0.9,1.8,52.1,0.3,0.5,63.0,2.3,53.2,1.8,41.0,0.5,12.2,0.3,8.1,0.3,6.3
295,Kevin Knox II,POR,42,8,34,14.1,1.1,0.3,0.5,54.5,0.3,0.3,100.0,0.9,78.3,0.3,23.9,0.1,6.5,0.1,10.9,0.1,13.0
296,Kevin Love,CLE,41,24,17,20.0,0.5,0.1,0.2,40.0,0.0,0.0,100.0,0.3,50.0,0.2,40.9,0.0,0.0,0.0,4.5,0.0,4.5
297,Kevin Porter Jr.,HOU,40,10,30,34.0,14.9,2.5,5.8,43.7,1.8,2.2,81.6,7.0,47.1,6.8,45.4,1.6,10.6,1.0,6.7,1.0,6.9
298,Kevon Harris,ORL,27,10,17,12.4,1.7,0.2,0.6,29.4,0.2,0.2,83.3,0.6,33.3,0.6,33.3,0.1,6.7,0.3,20.0,0.1,6.7
299,Kevon Looney,GSW,54,27,27,23.2,0.4,0.1,0.2,40.0,0.1,0.1,75.0,0.3,65.2,0.1,30.4,0.0,8.7,0.0,0.0,0.1,17.4
300,Khem Birch,SAS,20,9,11,8.1,0.1,0.0,0.0,0.0,0.0,0.0,0.0,0.0,0.0,0.1,100.0,0.1,50.0,0.0,0.0,0.0,0.0
301,Khris Middleton,MIL,16,13,3,21.2,6.3,1.3,2.8,46.7,0.8,0.8,92.3,3.5,55.4,2.5,39.6,0.8,12.9,0.5,7.9,0.4,6.9
302,Killian Hayes,DET,52,14,38,26.7,7.9,1.5,3.8,38.8,0.3,0.3,83.3,3.3,41.3,3.4,42.8,0.9,11.7,0.5,5.9,0.2,2.2
303,Kira Lewis Jr.,NOP,12,5,7,11.0,3.0,0.6,1.8,33.3,0.3,0.3,100.0,1.6,52.8,0.9,30.6,0.2,5.6,0.0,0.0,0.2,5.6
304,Klay Thompson,GSW,42,22,20,33.0,5.4,0.8,2.0,40.0,0.2,0.2,80.0,1.9,34.2,2.9,52.6,0.9,15.8,0.3,5.3,0.1,2.2
305,Kristaps Porzingis,WAS,46,19,27,32.6,3.3,0.9,1.8,48.8,0.8,0.9,88.4,2.7,82.7,0.7,20.7,0.1,4.0,0.3,8.0,0.5,14.0
306,Kyle Anderson,MIN,46,24,22,26.0,5.9,1.4,2.8,51.2,0.7,0.8,76.9,3.5,60.0,2.3,38.9,0.9,15.2,0.3,4.8,0.4,7.4
307,Kyle Kuzma,WAS,51,24,27,34.9,9.3,2.5,5.0,51.0,1.0,1.3,77.3,6.3,67.7,2.5,27.5,1.0,10.4,0.9,9.7,0.6,7.0
308,Kyle Lowry,MIA,44,22,22,33.3,7.2,1.1,2.1,51.1,0.9,1.0,86.4,3.1,43.8,4.0,56.5,0.8,11.4,0.3,4.4,0.5,7.0
309,Kyrie Irving,DAL,42,26,16,36.9,11.0,3.5,6.0,58.7,1.4,1.6,88.2,8.7,79.6,3.3,30.4,1.0,9.1,0.5,5.0,0.8,7.4
310,LaMelo Ball,CHA,30,8,22,35.1,15.3,2.7,6.5,41.5,1.4,1.7,86.0,7.0,45.5,6.6,43.4,1.7,10.9,1.0,6.3,0.8,5.2
311,Lamar Stevens,CLE,41,26,15,17.9,1.6,0.4,1.0,42.5,0.0,0.0,100.0,0.9,56.3,0.4,26.6,0.1,7.8,0.1,7.8,0.0,1.6
312,Landry Shamet,PHX,30,14,16,21.4,3.0,0.4,1.4,29.3,0.4,0.4,100.0,1.2,39.6,1.3,42.9,0.4,12.1,0.1,2.2,0.2,6.6
313,Larry Nance Jr.,NOP,47,23,24,22.7,0.4,0.1,0.2,37.5,0.0,0.0,0.0,0.1,35.3,0.1,41.2,0.0,0.0,0.0,5.9,0.0,0.0
314,Lauri Markkanen,UTA,52,26,26,34.2,5.1,1.3,2.5,51.9,1.2,1.3,91.4,4.0,78.6,1.3,24.8,0.2,4.1,0.4,7.5,0.7,13.2
315,LeBron James,LAL,44,21,23,36.4,10.0,2.6,4.7,56.0,1.4,1.9,75.9,7.1,70.8,3.6,35.8,1.1,11.2,0.5,4.8,1.0,9.6
316,Leandro Bolmaro,UTA,14,8,6,4.9,2.0,0.2,0.9,25.0,0.0,0.0,0.0,0.4,21.4,1.0,50.0,0.1,7.1,0.1,3.6,0.0,0.0
317,Lindy Waters III,OKC,21,10,11,11.1,0.1,0.0,0.0,100.0,0.0,0.0,0.0,0.1,100.0,0.0,50.0,0.0,50.0,0.0,0.0,0.0,0.0
318,Lonnie Walker IV,LAL,39,15,24,28.0,4.7,1.1,2.3,50.0,0.8,0.9,97.1,3.2,68.5,1.7,35.3,0.4,9.2,0.3,6.5,0.5,9.8
319,Luguentz Dort,OKC,48,24,24,30.1,10.1,1.6,3.8,43.1,1.3,1.6,82.9,4.7,46.5,4.6,45.2,1.0,9.9,0.6,6.0,0.8,7.9
320,Luka Doncic,DAL,47,28,19,36.5,20.6,5.6,8.8,63.9,3.1,4.4,72.2,15.0,72.5,8.1,39.3,2.3,11.0,1.1,5.4,2.1,10.3
321,Luka Garza,MIN,22,13,9,9.3,0.7,0.4,0.5,72.7,0.1,0.1,100.0,0.9,133.3,0.0,6.7,0.0,0.0,0.1,13.3,0.0,6.7
322,Luke Kennard,MEM,35,20,15,20.7,2.3,0.6,1.2,46.5,0.2,0.2,87.5,1.4,59.3,0.7,30.9,0.1,6.2,0.2,7.4,0.1,4.9
323,Luke Kornet,BOS,48,32,16,12.0,0.0,0.0,0.0,0.0,0.0,0.0,0.0,0.0,0.0,0.0,0.0,0.0,0.0,0.0,50.0,0.0,0.0
324,Malachi Flynn,TOR,40,19,21,13.8,3.1,0.4,1.1,40.5,0.2,0.2,75.0,1.0,33.3,1.7,53.7,0.4,12.2,0.2,5.7,0.1,3.3
325,Malaki Branham,SAS,41,8,33,21.4,4.0,1.1,2.0,55.4,0.3,0.4,68.8,2.5,63.0,1.5,37.6,0.3,7.9,0.2,4.2,0.2,4.8
326,Malcolm Brogdon,BOS,48,34,14,24.9,11.0,2.0,4.3,47.1,1.1,1.3,84.4,5.3,48.3,5.0,45.3,1.4,12.3,0.8,7.0,0.7,6.1
327,Malcolm Hill,CHI,3,3,0,0.4,0.0,0.0,0.0,0.0,0.0,0.0,0.0,0.0,0.0,0.0,0.0,0.0,0.0,0.0,0.0,0.0,0.0
328,Malik Beasley,LAL,55,27,28,26.8,3.0,0.7,1.5,46.3,0.2,0.2,83.3,1.6,52.1,1.1,37.0,0.4,12.7,0.2,6.7,0.1,3.6
329,Malik Monk,SAC,54,31,23,22.6,8.9,1.6,3.0,53.8,0.9,1.0,88.7,4.2,47.5,4.5,50.8,1.5,17.1,0.7,8.1,0.5,5.6
330,Mamadi Diakite,CLE,16,12,4,6.2,0.3,0.2,0.3,75.0,0.0,0.0,0.0,0.4,120.0,0.1,20.0,0.0,0.0,0.0,0.0,0.0,0.0
331,MarJon Beauchamp,MIL,37,24,13,14.6,1.8,0.4,0.7,56.0,0.2,0.3,60.0,0.9,51.5,0.6,31.8,0.1,6.1,0.4,21.2,0.1,7.6
332,Marcus Morris Sr.,LAC,51,27,24,29.0,3.1,0.9,1.9,48.5,0.2,0.3,68.8,2.1,69.0,0.8,26.6,0.2,7.0,0.1,2.5,0.2,5.1
333,Marcus Smart,BOS,41,30,11,32.5,7.4,1.3,2.5,52.0,0.4,0.6,66.7,3.0,40.7,4.0,53.1,1.0,13.1,0.5,6.2,0.3,3.9
334,Mark Williams,CHA,26,8,18,14.6,0.1,0.0,0.1,50.0,0.0,0.0,0.0,0.1,100.0,0.0,0.0,0.0,0.0,0.0,0.0,0.0,0.0
335,Markelle Fultz,ORL,35,18,17,28.7,11.4,2.5,4.8,51.2,0.8,1.1,71.1,5.8,50.5,5.1,44.3,1.6,13.8,0.8,6.8,0.5,4.8
336,Markieff Morris,DAL,27,16,11,10.6,0.4,0.1,0.2,60.0,0.0,0.0,0.0,0.2,50.0,0.2,50.0,0.0,8.3,0.0,8.3,0.0,0.0
337,Marko Simonovic,CHI,1,0,1,1.7,0.0,0.0,0.0,0.0,0.0,0.0,0.0,0.0,0.0,0.0,0.0,0.0,0.0,0.0,0.0,0.0,0.0
338,Marvin Bagley III,DET,25,6,19,21.3,2.0,0.6,1.4,47.1,0.4,0.5,75.0,1.7,86.0,0.4,20.0,0.0,0.0,0.0,0.0,0.2,12.0
339,Mason Plumlee,LAC,56,15,41,28.5,2.1,0.5,0.8,63.8,0.3,0.5,57.7,1.4,66.1,0.8,39.0,0.1,6.8,0.1,4.2,0.2,11.0
340,Matisse Thybulle,POR,49,32,17,12.1,0.5,0.1,0.2,33.3,0.1,0.1,75.0,0.2,45.8,0.2,37.5,0.1,12.5,0.0,0.0,0.0,8.3
341,Matt Ryan,MIN,32,14,18,9.5,0.2,0.0,0.2,20.0,0.0,0.0,0.0,0.1,28.6,0.0,14.3,0.0,0.0,0.0,14.3,0.0,0.0
342,Matthew Dellavedova,SAC,23,13,10,6.3,1.5,0.2,0.6,38.5,0.1,0.1,100.0,0.5,34.3,0.9,57.1,0.3,20.0,0.0,2.9,0.0,2.9
343,Max Christie,LAL,34,14,20,14.5,1.1,0.1,0.4,38.5,0.1,0.1,75.0,0.4,36.1,0.5,50.0,0.1,8.3,0.1,5.6,0.1,5.6
344,Max Strus,MIA,54,29,25,29.7,3.6,0.7,1.5,43.4,0.2,0.3,85.7,1.6,43.5,1.6,45.6,0.3,7.8,0.2,5.7,0.1,3.6
345,Maxi Kleber,DAL,22,13,9,25.7,0.8,0.1,0.2,60.0,0.2,0.2,100.0,0.5,58.8,0.4,52.9,0.1,11.8,0.0,5.9,0.1,11.8
346,McKinley Wright IV,DAL,19,11,8,10.2,3.0,0.7,1.2,56.5,0.1,0.1,50.0,1.4,47.4,1.4,47.4,0.4,14.0,0.2,7.0,0.1,1.8
347,Mfiondu Kabengele,BOS,2,1,1,7.0,0.0,0.0,0.0,0.0,0.0,0.0,0.0,0.0,0.0,0.0,0.0,0.0,0.0,0.0,0.0,0.0,0.0
348,Micah Potter,UTA,3,2,1,4.8,0.0,0.0,0.0,0.0,0.0,0.0,0.0,0.0,0.0,0.0,0.0,0.0,0.0,0.0,0.0,0.0,0.0
349,Michael Foster Jr.,PHI,1,1,0,1.0,0.0,0.0,0.0,0.0,0.0,0.0,0.0,0.0,0.0,0.0,0.0,0.0,0.0,0.0,0.0,0.0,0.0
350,Michael Porter Jr.,DEN,39,27,12,29.1,2.4,0.8,1.4,54.5,0.3,0.4,62.5,1.8,76.6,0.5,19.1,0.1,2.1,0.3,10.6,0.2,8.5
351,Mikal Bridges,BKN,56,30,26,36.4,7.3,1.8,3.7,47.1,1.1,1.2,91.0,4.8,65.8,2.4,32.5,0.6,8.1,0.4,5.1,0.6,8.3
352,Mike Conley,MIN,44,22,22,29.6,9.4,1.4,3.0,45.8,0.7,1.0,73.8,3.5,37.6,5.1,54.1,1.6,17.2,0.6,6.6,0.5,5.1
353,Mike Muscala,BOS,44,21,23,14.5,0.4,0.0,0.1,50.0,0.1,0.1,100.0,0.2,50.0,0.2,56.3,0.0,0.0,0.0,0.0,0.0,12.5
354,Miles McBride,NYK,45,24,21,13.0,1.6,0.2,0.6,29.6,0.1,0.2,60.0,0.5,31.4,0.8,48.6,0.3,20.0,0.0,2.9,0.1,7.1
355,Mitchell Robinson,NYK,38,21,17,26.9,0.0,0.0,0.0,0.0,0.0,0.0,0.0,0.0,0.0,0.0,0.0,0.0,0.0,0.0,0.0,0.0,0.0
356,Mo Bamba,LAL,40,18,22,17.0,0.2,0.0,0.1,33.3,0.1,0.2,83.3,0.2,77.8,0.0,11.1,0.0,0.0,0.0,0.0,0.1,33.3
357,Monte Morris,WAS,46,22,24,28.3,5.2,1.3,2.5,52.6,0.3,0.4,88.9,3.0,58.8,2.3,43.7,0.5,10.1,0.1,2.5,0.2,3.8
358,Montrezl Harrell,PHI,49,31,18,12.7,0.3,0.1,0.2,41.7,0.1,0.1,75.0,0.3,93.8,0.0,0.0,0.0,0.0,0.0,12.5,0.0,12.5
359,Moritz Wagner,ORL,35,17,18,21.3,1.7,0.5,1.0,52.8,0.5,0.5,88.9,1.7,100.0,0.2,13.6,0.1,3.4,0.1,8.5,0.3,15.3
360,Moses Brown,LAC,34,16,18,8.5,0.1,0.0,0.0,100.0,0.0,0.1,50.0,0.1,150.0,0.0,0.0,0.0,0.0,0.0,0.0,0.0,50.0
361,Moses Moody,GSW,40,20,20,14.6,1.9,0.3,0.6,59.1,0.3,0.4,68.8,0.9,49.3,0.9,49.3,0.2,12.0,0.2,9.3,0.2,10.7
362,Moussa Diabate,LAC,16,7,9,10.5,0.4,0.1,0.3,50.0,0.1,0.1,50.0,0.4,85.7,0.0,0.0,0.0,0.0,0.1,28.6,0.1,14.3
363,Myles Turner,IND,48,22,26,29.7,1.8,0.7,1.1,60.4,0.4,0.7,65.6,1.8,103.5,0.1,5.9,0.0,0.0,0.2,9.4,0.3,18.8
364,Naji Marshall,NOP,52,27,25,25.1,5.5,1.4,3.1,47.2,0.8,1.0,77.4,3.9,70.6,1.5,26.6,0.4,7.0,0.4,7.0,0.5,9.1
365,Nassir Little,POR,35,18,17,16.4,2.1,0.5,1.1,47.5,0.3,0.4,64.3,1.4,67.1,0.6,27.4,0.1,5.5,0.1,5.5,0.2,9.6
366,Nathan Knight,MIN,33,16,17,8.1,1.2,0.3,0.5,66.7,0.5,0.6,75.0,1.1,87.5,0.3,25.0,0.1,7.5,0.1,10.0,0.3,25.0
367,Naz Reid,MIN,51,24,27,17.9,2.4,0.8,1.3,62.7,0.2,0.4,54.5,1.9,79.0,0.5,22.6,0.1,4.0,0.2,8.9,0.2,8.9
368,Neemias Queta,SAC,4,1,3,6.1,0.0,0.0,0.0,0.0,0.0,0.0,0.0,0.0,0.0,0.0,0.0,0.0,0.0,0.0,0.0,0.0,0.0
369,Nerlens Noel,DET,14,2,12,10.8,0.1,0.0,0.1,0.0,0.1,0.1,100.0,0.1,100.0,0.0,0.0,0.0,0.0,0.0,0.0,0.1,50.0
370,Nic Claxton,BKN,51,29,22,29.7,1.7,0.6,1.0,60.4,0.3,0.5,57.7,1.6,94.3,0.3,17.2,0.1,3.4,0.1,5.7,0.3,14.9
371,Nick Richards,CHA,42,10,32,17.0,0.1,0.0,0.1,66.7,0.1,0.1,100.0,0.2,133.3,0.0,0.0,0.0,0.0,0.0,16.7,0.0,33.3
372,Nickeil Alexander-Walker,MIN,37,18,19,14.3,4.4,0.7,1.4,49.0,0.4,0.5,80.0,1.8,42.2,2.1,47.8,0.5,12.4,0.4,8.7,0.3,6.2
373,Nicolas Batum,LAC,55,31,24,21.9,0.2,0.0,0.1,50.0,0.1,0.1,50.0,0.1,53.8,0.1,30.8,0.0,7.7,0.0,15.4,0.1,23.1
374,Nikola Jokic,DEN,48,35,13,33.6,4.6,1.1,1.6,68.8,0.6,0.8,80.6,2.9,62.4,2.1,44.8,0.8,16.3,0.3,7.2,0.4,8.1
375,Nikola Jovic,MIA,15,7,8,13.6,0.7,0.0,0.2,0.0,0.0,0.0,0.0,0.0,0.0,0.3,50.0,0.0,0.0,0.1,20.0,0.0,0.0
376,Nikola Vucevic,CHI,54,25,29,33.9,1.9,0.5,0.8,57.8,0.1,0.1,75.0,1.1,57.4,0.8,43.6,0.1,5.0,0.1,6.9,0.1,4.0
377,Noah Vonleh,BOS,23,17,6,7.5,0.3,0.1,0.2,50.0,0.1,0.1,100.0,0.3,85.7,0.0,14.3,0.0,0.0,0.0,14.3,0.0,14.3
378,Norman Powell,LAC,49,26,23,25.8,8.2,2.0,3.7,55.2,1.2,1.5,79.2,5.4,66.3,2.7,33.3,0.5,6.5,0.7,8.8,0.7,9.0
379,O.G. Anunoby,TOR,45,21,24,35.8,7.4,1.4,3.6,40.0,0.7,1.0,71.1,3.7,49.7,2.4,32.3,0.4,6.0,0.8,10.2,0.5,6.9
380,Obi Toppin,NYK,42,20,22,15.0,1.0,0.2,0.5,40.9,0.0,0.0,100.0,0.5,47.6,0.4,40.5,0.1,9.5,0.0,2.4,0.0,2.4
381,Ochai Agbaji,UTA,34,20,14,13.8,1.2,0.2,0.5,47.1,0.0,0.1,0.0,0.5,42.5,0.5,40.0,0.1,10.0,0.1,7.5,0.0,2.5
382,Onyeka Okongwu,ATL,54,28,26,24.2,0.5,0.2,0.4,50.0,0.0,0.1,25.0,0.5,86.2,0.1,13.8,0.0,0.0,0.0,0.0,0.0,6.9
383,Orlando Robinson,MIA,26,16,10,14.2,0.0,0.0,0.0,100.0,0.0,0.0,0.0,0.1,200.0,0.0,0.0,0.0,0.0,0.0,0.0,0.0,0.0
384,Oshae Brissett,IND,48,21,27,16.2,1.9,0.4,1.0,37.0,0.6,0.9,71.4,1.3,66.7,0.4,18.3,0.1,3.2,0.2,8.6,0.4,22.6
385,Otto Porter Jr.,TOR,8,4,4,18.3,0.5,0.0,0.1,0.0,0.0,0.0,0.0,0.0,0.0,0.4,75.0,0.1,25.0,0.0,0.0,0.0,0.0
386,Ousmane Dieng,OKC,19,8,11,15.0,1.6,0.1,0.6,18.2,0.0,0.0,0.0,0.2,13.3,0.8,50.0,0.2,13.3,0.2,10.0,0.0,0.0
387,P.J. Tucker,PHI,52,33,19,26.2,0.3,0.0,0.0,50.0,0.0,0.0,0.0,0.0,15.4,0.2,76.9,0.0,7.7,0.0,7.7,0.0,0.0
388,P.J. Washington,CHA,56,15,41,32.8,5.3,1.3,2.9,44.4,0.4,0.5,77.8,3.0,56.9,1.7,32.0,0.4,6.7,0.4,7.4,0.3,4.7
389,PJ Dozier,SAC,4,4,0,2.6,0.0,0.0,0.0,0.0,0.0,0.0,0.0,0.0,0.0,0.0,0.0,0.0,0.0,0.0,0.0,0.0,0.0
390,Paolo Banchero,ORL,49,20,29,33.7,9.6,2.0,4.5,44.6,2.2,3.0,72.6,6.4,67.2,2.5,26.0,0.5,5.3,0.8,8.1,1.5,15.6
391,Pascal Siakam,TOR,47,21,26,37.6,15.3,3.1,6.7,46.0,2.5,3.3,75.8,9.0,58.8,5.6,36.5,1.3,8.6,0.8,5.3,1.7,11.0
392,Pat Connaughton,MIL,40,27,13,25.2,2.1,0.4,0.9,47.1,0.1,0.3,50.0,1.0,46.3,1.0,48.8,0.3,14.6,0.0,1.2,0.1,6.1
393,Patrick Baldwin Jr.,GSW,15,5,10,8.5,0.9,0.2,0.5,37.5,0.2,0.3,75.0,0.6,64.3,0.3,28.6,0.1,7.1,0.0,0.0,0.1,14.3
394,Patrick Beverley,ORL,45,21,24,26.9,4.6,0.6,1.2,50.0,0.4,0.4,85.0,1.7,36.9,2.5,55.3,0.7,15.5,0.4,8.7,0.2,4.9
395,Patrick Williams,CHI,54,25,29,28.9,2.0,0.5,1.2,40.6,0.2,0.2,91.7,1.2,60.7,0.5,26.2,0.1,7.5,0.1,7.5,0.1,5.6
396,Patty Mills,BKN,35,18,17,13.5,1.8,0.4,0.6,61.9,0.1,0.1,100.0,0.8,45.3,1.1,57.8,0.3,14.1,0.1,4.7,0.0,1.6
397,Paul George,LAC,42,25,17,34.2,10.9,2.0,4.0,50.6,1.5,1.9,80.2,5.7,52.5,4.5,41.2,1.3,11.8,1.1,10.0,1.0,8.7
398,Paul Reed,PHI,41,25,16,9.4,0.3,0.1,0.1,50.0,0.0,0.0,0.0,0.1,42.9,0.1,21.4,0.0,0.0,0.1,35.7,0.0,0.0
399,Payton Pritchard,BOS,40,29,11,12.6,2.7,0.3,0.8,34.4,0.1,0.2,62.5,0.7,24.8,1.7,60.6,0.3,10.1,0.2,5.5,0.1,3.7
400,Peyton Watson,DEN,10,6,4,3.6,1.0,0.5,0.7,71.4,0.0,0.0,0.0,1.0,100.0,0.3,30.0,0.0,0.0,0.0,0.0,0.0,0.0
401,Precious Achiuwa,TOR,33,17,16,23.0,2.7,0.8,1.5,49.0,0.5,0.6,89.5,2.0,73.3,0.5,18.9,0.1,3.3,0.3,11.1,0.3,10.0
402,Quentin Grimes,NYK,46,24,22,30.7,3.7,0.7,1.3,51.7,0.5,0.5,87.5,1.8,49.4,1.9,52.4,0.5,13.7,0.2,6.0,0.3,7.7
403,R.J. Hampton,ORL,26,7,19,13.9,4.2,0.8,1.6,51.2,0.4,0.5,83.3,2.1,50.5,1.8,43.1,0.4,9.2,0.3,6.4,0.2,5.5
404,RJ Barrett,NYK,50,25,25,34.8,12.6,3.0,6.4,46.6,2.0,2.6,77.5,8.3,66.1,3.5,28.1,0.9,7.3,0.9,7.0,1.3,10.2
405,Raul Neto,CLE,38,26,12,10.3,2.5,0.6,0.9,63.6,0.2,0.3,80.0,1.3,53.7,1.3,51.6,0.3,11.6,0.1,2.1,0.2,6.3
406,Reggie Bullock,DAL,55,30,25,30.1,0.4,0.1,0.2,36.4,0.0,0.0,0.0,0.1,36.4,0.2,40.9,0.0,4.5,0.0,9.1,0.0,0.0
407,Reggie Jackson,CHA,52,28,24,25.7,6.7,1.6,3.4,48.0,0.5,0.5,88.9,3.9,58.0,2.4,35.9,0.6,9.5,0.4,6.6,0.3,4.0
408,Richaun Holmes,SAC,33,16,17,9.1,0.2,0.1,0.1,50.0,0.1,0.1,100.0,0.2,100.0,0.0,16.7,0.0,0.0,0.0,0.0,0.0,16.7
409,Ricky Rubio,CLE,12,8,4,16.3,6.3,0.7,1.7,40.0,0.3,0.7,50.0,1.7,26.7,3.8,60.0,1.0,16.0,0.3,4.0,0.3,5.3
410,Robert Covington,LAC,36,15,21,16.2,1.5,0.2,0.5,38.9,0.3,0.3,83.3,0.7,43.6,0.6,41.8,0.3,16.4,0.1,9.1,0.2,10.9
411,Robert Williams III,BOS,21,14,7,23.7,0.1,0.0,0.0,0.0,0.1,0.1,100.0,0.1,100.0,0.0,50.0,0.0,0.0,0.0,0.0,0.0,50.0
412,Robin Lopez,CLE,30,22,8,7.9,0.3,0.1,0.2,50.0,0.0,0.0,0.0,0.2,66.7,0.0,11.1,0.0,0.0,0.1,22.2,0.0,0.0
413,Rodney McGruder,DET,21,3,18,10.4,0.9,0.0,0.4,0.0,0.0,0.1,0.0,0.0,0.0,0.4,44.4,0.1,16.7,0.0,5.6,0.0,5.6
414,Romeo Langford,SAS,31,10,21,20.3,4.5,1.2,2.6,46.3,0.4,0.6,72.2,2.9,63.1,1.3,28.4,0.4,7.8,0.2,4.3,0.3,6.4
415,Ron Harper Jr.,TOR,3,2,1,3.1,0.3,0.0,0.3,0.0,0.0,0.0,0.0,0.0,0.0,0.0,0.0,0.0,0.0,0.0,0.0,0.0,0.0
416,Royce O'Neale,BKN,52,30,22,34.1,4.1,0.5,1.5,32.9,0.3,0.4,65.0,1.3,31.5,1.9,46.9,0.6,13.6,0.4,10.3,0.2,4.2
417,Rudy Gay,UTA,42,22,20,14.7,0.9,0.3,0.6,44.0,0.2,0.2,100.0,0.8,88.9,0.1,13.9,0.1,8.3,0.0,0.0,0.1,13.9
418,Rudy Gobert,MIN,48,22,26,30.4,0.8,0.3,0.5,59.1,0.1,0.1,83.3,0.7,88.9,0.1,13.9,0.0,0.0,0.1,13.9,0.1,8.3
419,Rui Hachimura,LAL,38,20,18,24.9,3.5,1.1,2.4,44.4,0.4,0.6,72.7,2.6,73.7,0.5,15.0,0.1,2.3,0.2,6.8,0.3,8.3
420,Russell Westbrook,UTA,52,25,27,28.7,15.1,2.5,5.3,47.4,1.4,2.0,70.6,6.5,43.3,7.4,49.2,2.3,15.0,1.0,6.9,1.0,6.5
421,Ryan Arcidiacono,POR,11,7,4,2.4,0.2,0.0,0.2,0.0,0.0,0.0,0.0,0.0,0.0,0.0,0.0,0.0,0.0,0.0,0.0,0.0,0.0
422,Ryan Rollins,GSW,12,5,7,5.2,1.8,0.1,0.4,20.0,0.2,0.2,100.0,0.3,18.2,1.0,54.5,0.1,4.5,0.3,13.6,0.1,4.5
423,Saben Lee,PHX,18,11,7,15.6,6.6,0.7,1.6,41.4,1.1,1.4,73.1,2.4,36.1,3.3,50.4,0.6,8.4,0.7,10.9,0.7,10.9
424,Saddiq Bey,ATL,51,12,39,28.9,5.6,1.3,2.8,46.1,1.8,2.0,87.5,4.6,81.5,1.3,22.4,0.3,5.2,0.5,8.4,1.0,18.2
425,Sam Hauser,BOS,54,38,16,15.0,0.7,0.1,0.2,66.7,0.0,0.1,50.0,0.4,52.8,0.4,55.6,0.1,19.4,0.0,2.8,0.0,5.6
426,Sandro Mamukelashvili,MIL,23,16,7,8.6,1.0,0.1,0.2,60.0,0.2,0.3,50.0,0.4,43.5,0.3,34.8,0.1,13.0,0.2,21.7,0.2,17.4
427,Santi Aldama,MEM,52,31,21,22.0,2.0,0.5,0.9,54.2,0.2,0.2,66.7,1.2,61.2,0.7,36.9,0.4,19.4,0.2,7.8,0.1,5.8
428,Scottie Barnes,TOR,54,24,30,35.1,6.1,1.6,3.2,49.1,0.6,0.7,85.0,3.9,63.7,2.0,32.6,0.4,7.3,0.4,6.1,0.4,6.1
429,Scotty Pippen Jr.,LAL,6,1,5,5.3,2.3,0.5,1.0,50.0,0.2,0.3,50.0,1.2,50.0,0.8,35.7,0.2,7.1,0.2,7.1,0.2,7.1
430,Serge Ibaka,IND,16,11,5,11.6,0.7,0.3,0.4,57.1,0.0,0.0,0.0,0.5,72.7,0.2,27.3,0.0,0.0,0.1,9.1,0.0,0.0
431,Seth Curry,BKN,39,26,13,23.2,3.6,0.7,1.3,53.8,0.2,0.2,100.0,1.6,45.7,1.9,53.6,0.5,14.3,0.2,5.0,0.1,2.9
432,Shaedon Sharpe,POR,55,26,29,20.1,1.7,0.5,1.0,49.1,0.1,0.1,37.5,1.1,63.0,0.5,28.3,0.1,3.3,0.1,6.5,0.1,4.3
433,Shai Gilgeous-Alexander,OKC,51,24,27,35.5,24.3,5.6,11.0,51.0,5.1,5.7,89.3,16.9,69.5,8.4,34.6,1.8,7.4,1.5,6.0,2.8,11.7
434,Shake Milton,PHI,50,35,15,21.9,7.2,1.5,3.4,45.2,0.5,0.6,89.3,3.6,50.0,2.9,40.1,0.7,9.1,0.4,5.5,0.3,3.9
435,Simone Fontecchio,UTA,28,16,12,9.2,0.9,0.3,0.5,61.5,0.0,0.1,50.0,0.6,70.8,0.3,37.5,0.1,8.3,0.0,4.2,0.0,4.2
436,Spencer Dinwiddie,BKN,54,29,25,34.2,10.7,2.4,4.9,49.4,1.9,2.3,80.6,6.9,64.8,3.7,34.4,0.9,8.7,0.6,5.6,1.1,10.8
437,Stanley Johnson,SAS,28,5,23,15.9,2.8,0.6,1.1,51.6,0.4,0.7,63.2,1.6,59.7,1.1,40.3,0.4,13.0,0.1,3.9,0.4,13.0
438,Stephen Curry,GSW,37,19,18,34.9,8.8,2.6,4.4,59.1,1.3,1.4,94.0,6.6,75.5,3.2,35.9,0.7,8.3,0.4,4.6,0.6,7.4
439,Sterling Brown,LAL,4,2,2,6.1,0.0,0.0,0.0,0.0,0.0,0.0,0.0,0.0,0.0,0.0,0.0,0.0,0.0,0.0,0.0,0.0,0.0
440,Steven Adams,MEM,42,28,14,27.0,0.9,0.4,0.6,57.7,0.1,0.2,40.0,0.8,89.7,0.1,12.8,0.0,0.0,0.0,5.1,0.1,12.8
441,Svi Mykhailiuk,CHA,13,8,5,3.1,0.2,0.0,0.1,0.0,0.0,0.0,0.0,0.0,0.0,0.1,33.3,0.1,33.3,0.0,0.0,0.0,0.0
442,T.J. McConnell,IND,54,23,31,19.6,11.7,2.3,4.4,52.5,0.3,0.4,85.0,5.1,43.4,6.1,51.7,1.3,10.8,0.8,6.8,0.2,1.6
443,T.J. Warren,PHX,26,16,10,18.8,2.9,0.8,2.0,39.6,0.3,0.4,70.0,1.9,64.5,0.5,18.4,0.2,5.3,0.2,5.3,0.2,6.6
444,Taj Gibson,WAS,35,16,19,9.8,0.1,0.1,0.1,66.7,0.0,0.0,0.0,0.1,100.0,0.1,40.0,0.0,0.0,0.0,0.0,0.0,0.0
445,Talen Horton-Tucker,UTA,43,22,21,15.9,6.7,1.6,3.1,52.2,0.8,1.1,78.3,4.2,62.5,2.3,34.7,0.6,9.0,0.6,8.7,0.5,8.0
446,Tari Eason,HOU,56,13,43,19.4,3.9,0.6,1.8,34.3,0.3,0.4,86.4,1.6,41.6,1.5,39.3,0.2,5.5,0.3,7.3,0.2,5.0
447,Taurean Prince,MIN,35,20,15,21.2,3.1,0.9,1.6,56.4,0.0,0.1,25.0,1.8,59.8,0.9,28.0,0.1,4.7,0.5,15.0,0.1,1.9
448,Terance Mann,LAC,58,31,27,23.3,4.3,1.0,1.9,51.9,0.5,0.6,88.6,2.5,58.6,1.8,41.4,0.4,10.4,0.3,6.0,0.3,7.2
449,Terence Davis,SAC,42,23,19,13.2,2.2,0.3,0.6,44.4,0.3,0.4,87.5,0.9,40.4,1.0,46.8,0.2,9.6,0.3,12.8,0.2,8.5
450,Terrence Ross,ORL,42,16,26,22.5,2.3,0.8,1.5,51.6,0.2,0.2,100.0,1.7,74.5,0.6,25.5,0.2,7.1,0.1,4.1,0.1,4.1
451,Terry Rozier,CHA,47,12,35,35.8,13.1,2.9,6.4,44.5,1.2,1.5,78.6,7.1,53.8,5.0,38.4,1.1,8.8,0.6,4.5,0.7,5.7
452,Terry Taylor,IND,26,9,17,8.8,1.2,0.4,0.7,52.6,0.1,0.2,75.0,0.9,76.7,0.3,23.3,0.0,3.3,0.1,6.7,0.1,6.7
453,Thaddeus Young,TOR,45,18,27,16.1,0.9,0.2,0.4,55.6,0.1,0.1,66.7,0.5,60.0,0.4,40.0,0.1,10.0,0.1,7.5,0.1,7.5
454,Thanasis Antetokounmpo,MIL,24,16,8,4.1,0.3,0.0,0.1,0.0,0.0,0.1,50.0,0.0,16.7,0.1,50.0,0.0,0.0,0.0,0.0,0.0,16.7
455,Theo Maledon,CHA,36,10,26,16.1,4.7,0.8,1.8,43.9,0.8,0.9,90.9,2.5,53.3,2.1,45.0,0.5,10.7,0.2,3.6,0.5,10.1
456,Theo Pinson,DAL,29,15,14,6.3,0.6,0.1,0.2,50.0,0.0,0.1,50.0,0.3,50.0,0.2,43.8,0.1,12.5,0.1,12.5,0.0,6.3
457,Thomas Bryant,DEN,41,21,20,21.4,0.4,0.1,0.2,75.0,0.0,0.1,50.0,0.4,100.0,0.0,13.3,0.0,0.0,0.1,20.0,0.0,13.3
458,Tim Hardaway Jr.,DAL,53,31,22,30.5,3.0,0.6,1.8,34.0,0.4,0.5,67.9,1.7,56.7,0.7,22.9,0.1,4.5,0.1,4.5,0.3,8.9
459,Tobias Harris,PHI,50,32,18,33.8,6.6,1.6,3.2,50.6,0.4,0.5,88.0,3.8,57.8,2.6,39.2,0.6,8.5,0.4,5.8,0.3,4.0
460,Tony Bradley,CHI,10,4,6,2.9,0.0,0.0,0.0,0.0,0.0,0.0,0.0,0.0,0.0,0.0,0.0,0.0,0.0,0.0,0.0,0.0,0.0
461,Torrey Craig,PHX,55,30,25,25.8,2.0,0.3,0.8,37.8,0.1,0.1,62.5,0.7,36.7,0.8,39.4,0.3,12.8,0.3,12.8,0.1,3.7
462,Trae Young,ATL,49,26,23,35.6,18.3,4.0,8.6,46.9,2.7,3.1,86.7,11.0,60.0,6.7,36.6,2.2,12.3,1.0,5.7,1.5,8.4
463,Tre Jones,SAS,50,14,36,29.4,11.4,2.6,6.0,42.7,1.0,1.0,92.3,6.2,54.6,4.1,35.9,0.9,8.3,0.5,4.4,0.5,4.6
464,Tre Mann,OKC,50,24,26,18.6,6.1,1.1,2.5,44.4,0.3,0.4,75.0,2.6,42.3,2.9,47.6,0.5,8.8,0.4,5.9,0.2,3.3
465,Trendon Watford,POR,40,20,20,16.2,2.7,0.8,1.2,63.3,0.5,0.6,75.0,2.1,79.4,0.9,34.6,0.2,7.5,0.1,4.7,0.3,11.2
466,Trent Forrest,ATL,18,6,12,13.3,4.5,0.9,1.9,48.6,0.0,0.0,0.0,1.9,43.2,2.3,50.6,0.7,16.0,0.2,3.7,0.0,0.0
467,Trevelin Queen,IND,7,2,5,10.0,1.1,0.1,0.4,33.3,0.0,0.0,0.0,0.3,25.0,0.7,62.5,0.0,0.0,0.0,0.0,0.0,0.0
468,Trevor Hudgins,HOU,2,0,2,4.8,1.0,0.0,0.0,0.0,0.0,0.0,0.0,0.0,0.0,1.0,100.0,0.0,0.0,0.0,0.0,0.0,0.0
469,Trevor Keels,NYK,1,1,0,1.0,0.0,0.0,0.0,0.0,0.0,0.0,0.0,0.0,0.0,0.0,0.0,0.0,0.0,0.0,0.0,0.0,0.0
470,Trey Lyles,SAC,49,28,21,15.7,2.2,0.5,0.9,55.6,0.4,0.5,83.3,1.5,67.9,0.8,35.8,0.3,11.9,0.2,9.2,0.2,11.0
471,Trey Murphy III,NOP,54,26,28,29.5,3.1,0.7,1.4,50.0,0.5,0.5,92.9,1.9,61.9,1.2,38.7,0.4,11.9,0.2,5.4,0.3,8.3
472,Troy Brown Jr.,LAL,50,22,28,24.4,1.3,0.4,0.8,46.3,0.0,0.0,100.0,0.8,62.7,0.4,26.9,0.1,6.0,0.1,10.4,0.0,1.5
473,Ty Jerome,GSW,33,14,19,17.8,5.2,1.2,2.3,51.9,0.5,0.5,88.2,2.9,56.4,2.4,45.3,0.6,11.0,0.2,4.1,0.3,5.2
474,TyTy Washington Jr.,HOU,21,3,18,12.0,3.0,1.0,1.5,65.6,0.1,0.2,50.0,2.1,72.6,1.2,40.3,0.2,8.1,0.1,4.8,0.1,3.2
475,Tyler Dorsey,DAL,3,2,1,2.8,0.0,0.0,0.0,0.0,0.0,0.0,0.0,0.0,0.0,0.0,0.0,0.0,0.0,0.0,0.0,0.0,0.0
476,Tyler Herro,MIA,44,24,20,35.2,11.0,2.7,5.2,51.3,1.2,1.4,83.9,6.8,61.1,4.2,38.1,1.0,9.1,0.7,6.2,0.7,6.4
477,Tyrese Haliburton,IND,45,23,22,33.3,14.3,2.8,5.3,52.1,1.0,1.2,83.9,6.9,48.4,7.5,52.1,2.0,14.0,0.6,4.5,0.6,4.5
478,Tyrese Martin,ATL,12,7,5,3.6,0.5,0.0,0.3,0.0,0.2,0.2,100.0,0.2,33.3,0.2,33.3,0.0,0.0,0.0,0.0,0.1,16.7
479,Tyrese Maxey,PHI,35,22,13,32.8,9.7,2.6,5.6,46.4,1.4,1.8,77.4,6.7,69.2,2.7,27.9,0.7,7.3,0.3,3.2,0.9,9.1
480,Tyus Jones,MEM,55,34,21,23.5,5.0,1.5,3.2,48.3,0.4,0.5,80.8,3.5,70.8,1.4,27.4,0.3,5.8,0.1,2.9,0.2,4.7
481,Udoka Azubuike,UTA,21,12,9,5.3,0.0,0.0,0.0,0.0,0.0,0.0,0.0,0.0,0.0,0.0,0.0,0.0,0.0,0.0,0.0,0.0,0.0
482,Udonis Haslem,MIA,6,3,3,7.9,0.0,0.0,0.0,0.0,0.0,0.0,0.0,0.0,0.0,0.0,0.0,0.0,0.0,0.0,0.0,0.0,0.0
483,Usman Garuba,HOU,49,12,37,13.7,0.1,0.0,0.0,0.0,0.0,0.0,50.0,0.0,14.3,0.0,28.6,0.0,0.0,0.0,14.3,0.0,14.3
484,Vernon Carey Jr.,WAS,9,6,3,2.6,0.2,0.0,0.1,0.0,0.0,0.0,0.0,0.0,0.0,0.1,50.0,0.1,50.0,0.0,0.0,0.0,0.0
485,Victor Oladipo,MIA,26,17,9,28.4,7.1,1.6,3.1,51.3,0.7,0.9,78.3,3.8,54.3,2.9,40.8,0.6,8.7,0.3,4.9,0.4,6.0
486,Vince Williams Jr.,MEM,9,5,4,5.4,0.0,0.0,0.0,0.0,0.0,0.0,0.0,0.0,0.0,0.0,0.0,0.0,0.0,0.0,0.0,0.0,0.0
487,Vit Krejci,ATL,20,10,10,5.8,0.7,0.1,0.2,25.0,0.0,0.0,0.0,0.1,14.3,0.5,71.4,0.2,28.6,0.0,0.0,0.0,0.0
488,Vlatko Cancar,DEN,41,27,14,15.3,1.0,0.1,0.5,21.1,0.0,0.0,100.0,0.2,23.3,0.4,39.5,0.1,14.0,0.0,4.7,0.0,2.3
489,Walker Kessler,UTA,54,26,28,20.8,0.1,0.0,0.1,66.7,0.0,0.0,50.0,0.1,125.0,0.0,0.0,0.0,0.0,0.0,0.0,0.0,25.0
490,Wendell Carter Jr.,ORL,36,15,21,30.0,2.8,1.0,1.7,58.3,0.7,0.9,81.3,2.6,93.1,0.5,16.7,0.1,2.9,0.2,7.8,0.5,17.6
491,Wendell Moore Jr.,MIN,24,13,11,5.8,0.8,0.2,0.2,100.0,0.1,0.1,100.0,0.4,55.6,0.4,50.0,0.0,5.6,0.2,22.2,0.0,5.6
492,Wenyen Gabriel,LAL,43,20,23,15.7,0.6,0.1,0.2,75.0,0.0,0.0,0.0,0.3,48.0,0.3,52.0,0.0,0.0,0.1,12.0,0.0,0.0
493,Wesley Matthews,MIL,37,27,10,15.6,0.8,0.1,0.3,30.0,0.2,0.2,100.0,0.4,50.0,0.4,46.4,0.1,7.1,0.0,3.6,0.1,14.3
494,Will Barton,WAS,40,18,22,19.6,4.0,0.7,1.8,36.1,0.4,0.5,80.0,1.7,43.4,1.7,42.1,0.5,12.6,0.3,6.3,0.3,6.3
495,Willy Hernangomez,NOP,28,16,12,12.7,0.5,0.1,0.2,66.7,0.2,0.2,100.0,0.5,107.7,0.1,15.4,0.0,0.0,0.1,15.4,0.1,23.1
496,Xavier Tillman,MEM,36,23,13,14.5,0.5,0.2,0.3,54.5,0.0,0.0,0.0,0.3,63.2,0.1,26.3,0.0,0.0,0.0,5.3,0.0,0.0
497,Yuta Watanabe,BKN,41,23,18,18.6,1.5,0.3,0.6,44.0,0.1,0.1,66.7,0.6,42.6,0.7,47.5,0.2,11.5,0.1,4.9,0.1,4.9
498,Zach Collins,SAS,44,13,31,20.8,1.0,0.4,0.6,63.0,0.1,0.2,60.0,0.9,97.6,0.1,14.3,0.0,4.8,0.0,4.8,0.1,11.9
499,Zach LaVine,CHI,50,24,26,35.9,10.0,2.4,4.6,52.6,2.0,2.4,84.3,7.1,71.5,3.4,34.3,0.7,7.2,0.6,6.2,1.2,12.2
500,Zeke Nnaji,DEN,43,29,14,13.5,0.2,0.0,0.0,50.0,0.0,0.0,0.0,0.0,28.6,0.1,57.1,0.0,0.0,0.0,0.0,0.0,0.0
501,Ziaire Williams,MEM,28,16,12,17.4,1.5,0.3,0.7,45.0,0.1,0.1,100.0,0.8,51.2,0.5,36.6,0.1,7.3,0.2,12.2,0.0,2.4
502,Zion Williamson,NOP,29,17,12,33.0,16.2,4.6,7.9,58.3,2.9,3.9,74.6,12.5,77.2,4.2,26.2,0.9,5.3,1.6,9.6,1.9,11.9
