,PLAYER,TEAM,GP,W,L,MIN,Touches,Elbow Touches,FGM,FGA,FG%,FTM,FTA,FT%,PTS,PTS%,PASS,PASS%,AST,AST%,TO,TOV%,PF,PF%
0,A.J. Lawson,DAL,13,5,8,4.8,4.8,0.0,0.0,0.0,0.0,0.0,0.0,0.0,0.0,0.0,0.0,0.0,0.0,0.0,0.0,0.0,0.0,0.0
1,AJ Green,MIL,26,20,6,9.4,11.7,0.1,0.0,0.0,0.0,0.0,0.0,0.0,0.0,0.0,0.1,100.0,0.0,50.0,0.0,0.0,0.0,0.0
2,AJ Griffin,ATL,55,25,30,20.4,22.1,0.5,0.2,0.3,73.3,0.0,0.0,0.0,0.4,85.2,0.2,33.3,0.0,22.2,0.0,3.7,0.0,0.0
3,Aaron Gordon,DEN,49,35,14,30.3,42.8,1.8,0.3,0.5,58.3,0.3,0.4,65.0,0.9,47.8,1.1,57.8,0.2,17.3,0.1,3.3,0.2,10.0
4,Aaron Holiday,ATL,50,26,24,14.5,21.1,0.1,0.0,0.1,25.0,0.0,0.0,0.0,0.0,28.6,0.1,42.9,0.0,33.3,0.0,0.0,0.0,0.0
5,Aaron Nesmith,IND,54,22,32,24.7,34.8,0.4,0.2,0.2,81.8,0.0,0.0,0.0,0.3,85.7,0.1,38.1,0.0,0.0,0.0,9.5,0.0,0.0
6,Aaron Wiggins,OKC,46,25,21,18.4,21.1,0.6,0.1,0.2,40.0,0.1,0.1,100.0,0.2,35.7,0.3,50.0,0.0,7.1,0.1,10.7,0.0,3.6
7,Admiral Schofield,ORL,27,11,16,13.0,20.0,0.5,0.1,0.2,66.7,0.0,0.0,0.0,0.3,61.5,0.3,53.8,0.1,28.6,0.0,0.0,0.0,0.0
8,Al Horford,BOS,46,33,13,30.7,46.5,1.2,0.2,0.3,46.7,0.0,0.0,0.0,0.3,27.3,0.8,67.3,0.3,32.4,0.0,3.6,0.0,0.0
9,Alec Burks,DET,46,12,34,22.0,34.7,0.3,0.1,0.2,37.5,0.0,0.0,0.0,0.2,53.3,0.2,46.7,0.0,28.6,0.0,0.0,0.0,0.0
10,Aleksej Pokusevski,OKC,31,15,16,21.9,44.4,1.6,0.5,0.7,65.2,0.0,0.1,50.0,1.0,60.8,0.7,43.1,0.0,0.0,0.2,9.8,0.0,2.0
11,Alex Caruso,CHI,48,19,29,24.3,46.2,0.8,0.1,0.2,40.0,0.0,0.0,0.0,0.2,20.0,0.6,67.5,0.1,22.2,0.0,2.5,0.0,0.0
12,Alex Len,SAC,14,9,5,3.4,6.1,1.3,0.1,0.4,40.0,0.1,0.1,100.0,0.4,33.3,0.7,55.6,0.1,10.0,0.1,11.1,0.1,5.6
13,Alize Johnson,SAS,4,1,3,7.4,11.5,0.0,0.0,0.0,0.0,0.0,0.0,0.0,0.0,0.0,0.0,0.0,0.0,0.0,0.0,0.0,0.0,0.0
14,Alondes Williams,BKN,1,1,0,5.3,9.0,0.0,0.0,0.0,0.0,0.0,0.0,0.0,0.0,0.0,0.0,0.0,0.0,0.0,0.0,0.0,0.0,0.0
15,Alperen Sengun,HOU,53,10,43,28.3,53.8,5.4,1.2,2.3,53.3,0.6,0.9,71.7,3.1,57.5,2.1,39.3,0.4,20.5,0.4,7.0,0.4,7.4
16,Amir Coffey,LAC,40,21,19,14.3,15.5,0.2,0.0,0.0,0.0,0.0,0.1,50.0,0.0,16.7,0.1,66.7,0.0,0.0,0.0,0.0,0.0,16.7
17,Andre Drummond,CHI,46,19,27,12.9,18.4,1.8,0.5,0.8,56.8,0.2,0.4,50.0,1.2,62.4,0.6,32.9,0.1,14.3,0.2,9.4,0.2,11.8
18,Andre Iguodala,GSW,2,0,2,12.3,21.0,1.0,0.0,0.0,0.0,0.0,0.0,0.0,0.0,0.0,1.0,100.0,0.0,0.0,0.0,0.0,0.0,0.0
19,Andrew Nembhard,IND,54,23,31,27.0,43.7,0.5,0.1,0.2,60.0,0.0,0.0,0.0,0.2,46.2,0.3,53.8,0.0,14.3,0.0,7.7,0.0,0.0
20,Andrew Wiggins,GSW,36,18,18,32.3,46.2,0.7,0.3,0.4,56.3,0.1,0.1,75.0,0.6,80.8,0.2,26.9,0.0,14.3,0.0,0.0,0.1,7.7
21,Anfernee Simons,POR,56,27,29,35.5,69.2,0.3,0.2,0.2,69.2,0.0,0.0,0.0,0.3,118.8,0.0,12.5,0.0,50.0,0.0,6.3,0.0,0.0
22,Anthony Davis,LAL,36,17,19,33.2,67.3,4.9,1.5,2.7,54.1,0.6,0.7,91.7,3.7,74.6,1.4,29.4,0.3,23.1,0.3,5.1,0.3,6.2
23,Anthony Edwards,MIN,61,31,30,36.2,73.0,0.5,0.1,0.2,69.2,0.0,0.0,100.0,0.3,65.6,0.2,37.5,0.0,25.0,0.1,15.6,0.0,3.1
24,Anthony Gill,WAS,41,17,24,10.0,10.0,0.5,0.1,0.2,75.0,0.0,0.0,0.0,0.3,60.0,0.3,55.0,0.0,18.2,0.0,0.0,0.0,0.0
25,Anthony Lamb,GSW,43,22,21,19.5,33.0,0.7,0.1,0.2,62.5,0.0,0.0,50.0,0.3,37.9,0.4,58.6,0.1,17.6,0.0,6.9,0.0,3.4
26,Austin Reaves,LAL,42,20,22,27.7,35.3,0.6,0.1,0.2,55.6,0.1,0.1,80.0,0.3,44.4,0.4,55.6,0.1,26.7,0.0,0.0,0.1,11.1
27,Austin Rivers,MIN,46,23,23,20.8,24.4,0.1,0.0,0.0,100.0,0.0,0.0,0.0,0.1,100.0,0.0,25.0,0.0,0.0,0.0,0.0,0.0,0.0
28,Ayo Dosunmu,CHI,56,25,31,28.5,48.6,0.3,0.1,0.1,85.7,0.0,0.0,100.0,0.3,100.0,0.1,35.7,0.0,0.0,0.0,7.1,0.0,7.1
29,Bam Adebayo,MIA,54,29,25,35.3,65.0,7.1,2.2,3.7,59.1,0.6,0.9,76.1,5.1,70.7,2.5,35.0,0.4,14.8,0.4,5.4,0.4,6.0
30,Ben Simmons,BKN,42,24,18,26.3,61.4,2.3,0.4,0.7,51.6,0.0,0.1,25.0,0.8,34.4,1.4,59.4,0.3,21.1,0.0,2.1,0.0,2.1
31,Bennedict Mathurin,IND,61,26,35,28.2,42.3,1.2,0.4,0.5,71.0,0.3,0.4,79.2,1.1,97.2,0.4,31.0,0.0,9.1,0.0,4.2,0.2,16.9
32,Bismack Biyombo,PHX,46,25,21,14.0,23.1,2.5,0.4,0.8,51.4,0.1,0.2,37.5,0.9,35.0,1.5,57.3,0.3,17.9,0.1,4.3,0.1,3.4
33,Blake Griffin,BOS,26,17,9,14.4,21.0,1.2,0.3,0.4,72.7,0.1,0.2,50.0,0.7,60.0,0.6,53.3,0.2,25.0,0.0,0.0,0.1,6.7
34,Blake Wesley,SAS,15,2,13,14.0,27.3,0.4,0.1,0.1,50.0,0.1,0.1,50.0,0.2,50.0,0.2,50.0,0.0,0.0,0.0,0.0,0.1,16.7
35,Boban Marjanovic,HOU,19,1,18,4.4,5.7,0.5,0.3,0.3,83.3,0.1,0.1,50.0,0.7,130.0,0.1,20.0,0.1,50.0,0.1,10.0,0.1,10.0
36,Bobby Portis,MIL,47,30,17,26.8,52.6,1.6,0.4,0.7,67.7,0.0,0.0,50.0,0.9,58.1,0.8,50.0,0.1,16.2,0.1,5.4,0.0,1.4
37,Bogdan Bogdanovic,ATL,34,16,18,29.8,43.0,0.8,0.2,0.4,50.0,0.0,0.0,0.0,0.4,44.4,0.4,51.9,0.1,21.4,0.0,0.0,0.0,0.0
38,Bojan Bogdanovic,DET,56,15,41,32.0,46.6,0.8,0.3,0.6,58.1,0.1,0.1,100.0,0.8,97.7,0.1,18.6,0.0,25.0,0.0,2.3,0.0,4.7
39,Bol Bol,ORL,55,22,33,23.0,24.7,0.4,0.2,0.2,84.6,0.0,0.0,100.0,0.5,113.6,0.1,31.8,0.0,28.6,0.0,4.5,0.0,4.5
40,Bones Hyland,LAC,44,30,14,19.4,46.4,0.2,0.1,0.1,75.0,0.0,0.0,0.0,0.1,60.0,0.1,50.0,0.0,20.0,0.0,10.0,0.0,0.0
41,Bradley Beal,WAS,36,20,16,32.9,66.6,2.1,0.5,1.1,50.0,0.1,0.1,100.0,1.3,60.0,0.8,40.0,0.1,16.7,0.1,5.3,0.1,2.7
42,Brandon Boston Jr.,LAC,21,8,13,11.7,20.3,0.1,0.0,0.1,50.0,0.0,0.0,0.0,0.1,100.0,0.0,0.0,0.0,0.0,0.0,0.0,0.0,0.0
43,Brandon Clarke,MEM,52,29,23,19.9,29.3,4.3,1.2,1.7,67.4,0.2,0.3,57.1,2.6,58.8,2.3,52.7,0.4,16.8,0.1,2.7,0.1,3.1
44,Brandon Ingram,NOP,25,12,13,32.3,64.8,1.4,0.5,0.7,72.2,0.1,0.1,100.0,1.2,82.9,0.5,37.1,0.2,46.2,0.0,2.9,0.0,2.9
45,Braxton Key,DET,3,0,3,3.0,3.3,0.0,0.0,0.0,0.0,0.0,0.0,0.0,0.0,0.0,0.0,0.0,0.0,0.0,0.0,0.0,0.0,0.0
46,Brook Lopez,MIL,57,40,17,30.3,33.9,2.3,0.4,0.8,52.2,0.2,0.2,71.4,1.1,46.2,1.2,51.5,0.2,16.4,0.1,5.4,0.1,5.4
47,Bruce Brown,DEN,59,42,17,28.7,52.6,0.8,0.3,0.5,69.0,0.0,0.1,50.0,0.7,91.7,0.3,31.3,0.1,26.7,0.0,4.2,0.0,4.2
48,Bruno Fernando,ATL,32,9,23,11.5,20.6,1.5,0.2,0.5,41.2,0.1,0.1,50.0,0.5,34.7,0.8,49.0,0.0,4.2,0.1,4.1,0.1,4.1
49,Bryce McGowens,CHA,26,8,18,14.7,15.4,0.0,0.0,0.0,0.0,0.0,0.0,0.0,0.0,0.0,0.0,0.0,0.0,0.0,0.0,0.0,0.0,0.0
50,Bryn Forbes,MIN,25,9,16,10.7,11.9,0.0,0.0,0.0,0.0,0.0,0.0,0.0,0.0,0.0,0.0,100.0,0.0,0.0,0.0,0.0,0.0,0.0
51,Buddy Boeheim,DET,1,0,1,1.0,0.0,0.0,0.0,0.0,0.0,0.0,0.0,0.0,0.0,0.0,0.0,0.0,0.0,0.0,0.0,0.0,0.0,0.0
52,Buddy Hield,IND,61,26,35,32.1,60.2,0.4,0.1,0.1,71.4,0.0,0.0,0.0,0.2,52.2,0.2,56.5,0.0,7.7,0.0,13.0,0.0,0.0
53,CJ McCollum,NOP,53,26,27,35.0,75.0,0.9,0.2,0.4,56.5,0.0,0.0,100.0,0.6,67.4,0.4,41.3,0.1,15.8,0.1,6.5,0.0,2.2
54,Cade Cunningham,DET,12,3,9,33.3,78.3,0.3,0.2,0.3,66.7,0.0,0.0,0.0,0.3,100.0,0.1,25.0,0.1,100.0,0.0,0.0,0.0,0.0
55,Caleb Houstan,ORL,34,12,22,16.1,13.6,0.1,0.0,0.0,0.0,0.0,0.0,0.0,0.0,0.0,0.0,0.0,0.0,0.0,0.0,50.0,0.0,0.0
56,Caleb Martin,MIA,49,26,23,30.3,39.6,0.6,0.2,0.3,69.2,0.0,0.0,100.0,0.4,73.3,0.3,43.3,0.0,7.7,0.0,6.7,0.0,0.0
57,Cam Reddish,POR,24,10,14,22.6,22.3,0.8,0.2,0.4,55.6,0.1,0.1,100.0,0.5,66.7,0.3,33.3,0.1,33.3,0.1,11.1,0.0,5.6
58,Cam Thomas,BKN,41,25,16,16.6,29.5,0.4,0.1,0.2,55.6,0.0,0.0,100.0,0.3,87.5,0.1,31.3,0.0,40.0,0.0,6.3,0.0,0.0
59,Cameron Johnson,BKN,20,14,6,25.9,35.2,0.6,0.3,0.5,55.6,0.0,0.0,0.0,0.5,83.3,0.1,16.7,0.0,0.0,0.0,0.0,0.0,0.0
60,Cameron Payne,PHX,28,15,13,24.0,57.8,0.1,0.0,0.0,0.0,0.0,0.0,0.0,0.0,0.0,0.1,100.0,0.0,0.0,0.0,0.0,0.0,0.0
61,Caris LeVert,CLE,56,33,23,30.5,49.4,0.6,0.1,0.3,35.7,0.1,0.1,75.0,0.3,48.5,0.2,39.4,0.0,7.7,0.0,3.0,0.1,12.1
62,Carlik Jones,CHI,1,0,1,21.7,35.0,0.0,0.0,0.0,0.0,0.0,0.0,0.0,0.0,0.0,0.0,0.0,0.0,0.0,0.0,0.0,0.0,0.0
63,Cedi Osman,CLE,59,37,22,21.1,30.2,0.4,0.2,0.2,90.9,0.0,0.0,0.0,0.3,95.2,0.2,42.9,0.0,22.2,0.0,0.0,0.0,4.8
64,Charles Bassey,SAS,27,5,22,13.8,23.6,1.4,0.2,0.4,50.0,0.2,0.2,83.3,0.7,46.2,0.7,48.7,0.2,31.6,0.1,10.3,0.1,5.1
65,Chima Moneke,SAC,2,1,1,4.0,6.5,0.5,0.0,0.0,0.0,0.0,0.0,0.0,0.0,0.0,0.5,100.0,0.0,0.0,0.0,0.0,0.0,0.0
66,Chimezie Metu,SAC,45,26,19,10.9,16.2,1.3,0.2,0.4,50.0,0.1,0.1,66.7,0.5,36.8,0.7,57.9,0.2,24.2,0.1,7.0,0.0,3.5
67,Chris Boucher,TOR,54,27,27,20.8,24.6,0.5,0.1,0.2,46.2,0.1,0.1,66.7,0.3,68.0,0.1,24.0,0.0,16.7,0.0,8.0,0.1,12.0
68,Chris Duarte,IND,37,14,23,19.2,28.6,0.3,0.1,0.2,33.3,0.1,0.1,100.0,0.2,72.7,0.1,18.2,0.0,0.0,0.0,9.1,0.1,18.2
69,Chris Paul,PHX,39,20,19,32.0,75.8,0.3,0.0,0.1,0.0,0.1,0.1,60.0,0.0,8.3,0.2,58.3,0.0,14.3,0.0,8.3,0.0,8.3
70,Chris Silva,DAL,1,1,0,3.0,4.0,0.0,0.0,0.0,0.0,0.0,0.0,0.0,0.0,0.0,0.0,0.0,0.0,0.0,0.0,0.0,0.0,0.0
71,Christian Braun,DEN,55,39,16,15.3,17.3,0.3,0.1,0.1,80.0,0.1,0.1,75.0,0.2,68.8,0.1,50.0,0.0,25.0,0.0,6.3,0.0,12.5
72,Christian Koloko,TOR,45,21,24,14.6,15.4,0.9,0.1,0.4,33.3,0.1,0.2,85.7,0.4,41.5,0.4,46.3,0.1,15.8,0.0,2.4,0.1,7.3
73,Christian Wood,DAL,49,27,22,27.6,48.6,2.2,0.5,0.8,65.0,0.4,0.5,91.7,1.6,70.6,0.9,42.2,0.2,19.6,0.1,5.5,0.2,11.0
74,Chuma Okeke,ORL,19,5,14,21.3,25.0,0.2,0.1,0.1,100.0,0.0,0.0,0.0,0.1,66.7,0.1,66.7,0.1,50.0,0.0,0.0,0.0,0.0
75,Clint Capela,ATL,43,23,20,26.9,37.0,2.7,0.7,0.9,70.0,0.1,0.2,62.5,1.4,54.4,1.5,55.3,0.2,15.9,0.1,4.4,0.1,3.5
76,Coby White,CHI,50,22,28,22.4,34.7,0.0,0.0,0.0,100.0,0.0,0.0,0.0,0.0,100.0,0.0,50.0,0.0,0.0,0.0,0.0,0.0,0.0
77,Cody Martin,CHA,7,2,5,19.1,21.4,0.1,0.0,0.0,0.0,0.0,0.0,0.0,0.0,0.0,0.1,100.0,0.0,0.0,0.0,0.0,0.0,0.0
78,Cole Anthony,ORL,40,19,21,24.9,53.6,0.3,0.1,0.1,100.0,0.0,0.1,50.0,0.2,58.3,0.2,58.3,0.0,14.3,0.0,8.3,0.0,8.3
79,Cole Swider,LAL,6,1,5,6.7,9.2,0.0,0.0,0.0,0.0,0.0,0.0,0.0,0.0,0.0,0.0,0.0,0.0,0.0,0.0,0.0,0.0,0.0
80,Collin Sexton,UTA,47,24,23,24.0,46.1,0.4,0.0,0.1,40.0,0.1,0.1,100.0,0.2,52.6,0.2,42.1,0.1,37.5,0.0,5.3,0.1,15.8
81,Corey Kispert,WAS,50,24,26,27.2,30.6,0.5,0.1,0.3,50.0,0.0,0.0,100.0,0.3,73.9,0.1,26.1,0.0,33.3,0.0,8.7,0.0,4.3
82,Cory Joseph,DET,41,10,31,15.8,33.8,0.1,0.0,0.1,33.3,0.0,0.0,0.0,0.0,40.0,0.0,40.0,0.0,50.0,0.0,0.0,0.0,0.0
83,D'Angelo Russell,LAL,58,30,28,32.4,81.6,0.6,0.2,0.3,66.7,0.0,0.0,0.0,0.4,76.5,0.2,38.2,0.0,0.0,0.0,5.9,0.0,0.0
84,Daishen Nix,HOU,41,11,30,15.5,35.0,0.0,0.0,0.0,100.0,0.0,0.0,0.0,0.0,100.0,0.0,50.0,0.0,100.0,0.0,0.0,0.0,0.0
85,Dalano Banton,TOR,26,14,12,9.5,21.4,0.2,0.1,0.1,66.7,0.0,0.0,0.0,0.2,100.0,0.0,0.0,0.0,0.0,0.0,0.0,0.0,0.0
86,Dalen Terry,CHI,22,10,12,5.2,7.7,0.1,0.0,0.1,0.0,0.0,0.0,0.0,0.0,0.0,0.0,0.0,0.0,0.0,0.0,0.0,0.0,0.0
87,Damian Jones,UTA,24,7,17,8.2,9.8,1.0,0.0,0.2,25.0,0.1,0.1,100.0,0.2,16.7,0.6,58.3,0.0,7.1,0.1,12.5,0.0,4.2
88,Damian Lillard,POR,46,23,23,36.2,88.1,0.4,0.1,0.1,66.7,0.1,0.1,100.0,0.3,68.4,0.2,36.8,0.0,14.3,0.1,21.1,0.0,5.3
89,Damion Lee,PHX,60,32,28,22.1,30.8,0.3,0.1,0.1,83.3,0.0,0.0,0.0,0.2,55.6,0.2,61.1,0.0,0.0,0.0,5.6,0.0,0.0
90,Daniel Gafford,WAS,56,26,30,18.7,26.4,2.0,0.6,0.8,70.2,0.1,0.3,50.0,1.3,67.0,0.9,43.8,0.1,10.2,0.1,7.1,0.1,5.4
91,Daniel Theis,IND,7,1,6,15.5,23.7,2.1,0.7,1.3,55.6,0.1,0.3,50.0,1.7,80.0,0.7,33.3,0.1,20.0,0.0,0.0,0.1,6.7
92,Danny Green,CLE,4,1,3,13.8,18.5,0.3,0.0,0.0,0.0,0.0,0.0,0.0,0.0,0.0,0.3,100.0,0.0,0.0,0.0,0.0,0.0,0.0
93,Danuel House Jr.,PHI,37,24,13,14.8,16.6,0.2,0.1,0.1,75.0,0.0,0.0,0.0,0.2,116.7,0.0,16.7,0.0,100.0,0.0,16.7,0.0,0.0
94,Dario Saric,OKC,39,18,21,14.3,22.4,0.6,0.2,0.2,66.7,0.0,0.0,0.0,0.3,56.5,0.3,56.5,0.1,15.4,0.0,0.0,0.0,0.0
95,Darius Bazley,PHX,36,16,20,15.4,23.9,0.9,0.2,0.4,50.0,0.2,0.3,60.0,0.6,71.0,0.2,22.6,0.0,0.0,0.1,6.5,0.1,16.1
96,Darius Days,HOU,3,0,3,7.8,14.0,0.0,0.0,0.0,0.0,0.0,0.0,0.0,0.0,0.0,0.0,0.0,0.0,0.0,0.0,0.0,0.0,0.0
97,Darius Garland,CLE,52,28,24,35.2,77.8,0.6,0.2,0.3,61.5,0.1,0.1,100.0,0.4,69.0,0.2,41.4,0.1,33.3,0.0,0.0,0.0,6.9
98,David Duke Jr.,BKN,16,7,9,8.8,11.9,0.1,0.0,0.0,0.0,0.0,0.0,0.0,0.0,0.0,0.1,100.0,0.0,0.0,0.0,0.0,0.0,0.0
99,David Roddy,MEM,47,29,18,17.7,19.8,0.4,0.1,0.2,36.4,0.0,0.0,50.0,0.2,52.6,0.1,26.3,0.0,40.0,0.0,10.5,0.0,5.3
100,Davion Mitchell,SAC,57,32,25,17.9,34.4,0.1,0.0,0.1,33.3,0.0,0.0,100.0,0.1,50.0,0.1,50.0,0.1,75.0,0.0,0.0,0.0,12.5
101,Davis Bertans,DAL,34,17,17,10.6,12.6,0.2,0.1,0.1,100.0,0.0,0.0,0.0,0.1,57.1,0.1,71.4,0.0,0.0,0.0,0.0,0.0,0.0
102,Davon Reed,LAL,38,25,13,8.8,16.1,0.1,0.0,0.0,0.0,0.0,0.0,0.0,0.0,0.0,0.1,60.0,0.0,33.3,0.1,40.0,0.0,0.0
103,Day'Ron Sharpe,BKN,32,16,16,10.2,16.4,1.3,0.3,0.4,66.7,0.2,0.3,60.0,0.7,53.7,0.6,43.9,0.1,16.7,0.2,12.2,0.2,12.2
104,De'Aaron Fox,SAC,53,32,21,33.9,79.2,0.4,0.1,0.2,63.6,0.0,0.0,0.0,0.3,66.7,0.1,33.3,0.0,14.3,0.1,14.3,0.0,0.0
105,De'Andre Hunter,ATL,49,27,22,32.0,38.7,1.0,0.4,0.7,57.6,0.1,0.2,87.5,0.9,93.8,0.1,14.6,0.0,14.3,0.1,6.3,0.1,8.3
106,De'Anthony Melton,PHI,55,37,18,28.2,50.8,0.6,0.1,0.2,77.8,0.0,0.0,0.0,0.3,42.4,0.4,72.7,0.1,25.0,0.0,0.0,0.0,0.0
107,DeAndre Jordan,DEN,34,21,13,14.6,19.1,2.4,0.1,0.2,37.5,0.0,0.1,25.0,0.2,8.4,2.0,80.7,0.4,17.9,0.1,4.8,0.1,2.4
108,DeMar DeRozan,CHI,52,24,28,36.3,61.1,1.3,0.3,0.7,43.2,0.3,0.3,92.9,0.9,71.0,0.4,29.0,0.1,25.0,0.0,2.9,0.1,8.7
109,Dean Wade,CLE,32,22,10,21.2,23.5,0.3,0.1,0.1,100.0,0.0,0.0,0.0,0.1,40.0,0.2,60.0,0.0,0.0,0.1,20.0,0.0,0.0
110,Deandre Ayton,PHX,51,24,27,30.2,53.5,5.4,2.1,3.6,58.2,0.4,0.5,75.0,4.5,83.3,1.3,23.6,0.3,23.1,0.3,5.1,0.2,4.0
111,Dejounte Murray,ATL,54,27,27,36.5,72.8,0.6,0.1,0.3,35.3,0.0,0.0,0.0,0.2,34.3,0.3,42.9,0.1,26.7,0.0,5.7,0.0,0.0
112,Delon Wright,WAS,29,19,10,22.5,45.3,0.3,0.1,0.1,100.0,0.0,0.0,0.0,0.2,60.0,0.2,60.0,0.0,16.7,0.0,10.0,0.0,0.0
113,Deni Avdija,WAS,56,27,29,26.3,43.6,0.8,0.2,0.4,61.9,0.0,0.0,50.0,0.5,63.0,0.4,47.8,0.1,22.7,0.0,2.2,0.0,2.2
114,Dennis Schroder,LAL,47,24,23,29.9,52.3,0.3,0.1,0.1,50.0,0.0,0.0,0.0,0.1,50.0,0.1,41.7,0.0,0.0,0.0,8.3,0.0,0.0
115,Dennis Smith Jr.,CHA,38,11,27,25.0,50.7,0.3,0.1,0.2,62.5,0.0,0.0,0.0,0.3,84.6,0.1,23.1,0.0,0.0,0.1,15.4,0.0,0.0
116,Deonte Burton,SAC,2,1,1,3.3,2.0,0.0,0.0,0.0,0.0,0.0,0.0,0.0,0.0,0.0,0.0,0.0,0.0,0.0,0.0,0.0,0.0,0.0
117,Dereon Seabron,NOP,5,2,3,2.3,2.8,0.0,0.0,0.0,0.0,0.0,0.0,0.0,0.0,0.0,0.0,0.0,0.0,0.0,0.0,0.0,0.0,0.0
118,Derrick Jones Jr.,CHI,45,17,28,15.1,20.0,0.7,0.2,0.4,55.6,0.1,0.1,83.3,0.6,81.8,0.2,27.3,0.0,22.2,0.1,9.1,0.1,9.1
119,Derrick Rose,NYK,26,11,15,12.9,27.6,0.2,0.1,0.2,40.0,0.0,0.0,0.0,0.2,66.7,0.0,16.7,0.0,0.0,0.0,0.0,0.0,0.0
120,Derrick White,BOS,60,43,17,27.7,46.5,0.6,0.1,0.2,46.2,0.2,0.2,100.0,0.3,60.6,0.3,45.5,0.1,33.3,0.0,3.0,0.1,9.1
121,Desmond Bane,MEM,36,22,14,31.2,61.1,0.8,0.4,0.6,63.6,0.1,0.1,100.0,0.9,113.8,0.1,10.3,0.0,33.3,0.1,6.9,0.0,3.4
122,Devin Booker,PHX,33,21,12,33.9,62.9,1.0,0.3,0.5,58.8,0.1,0.1,100.0,0.7,70.6,0.4,38.2,0.2,46.2,0.1,5.9,0.1,5.9
123,Devin Vassell,SAS,29,8,21,31.3,54.2,0.7,0.3,0.5,64.3,0.1,0.1,100.0,0.8,121.1,0.1,15.8,0.0,0.0,0.0,0.0,0.1,10.5
124,Devon Dotson,WAS,6,1,5,8.9,16.3,0.5,0.0,0.0,0.0,0.0,0.0,0.0,0.0,0.0,0.5,100.0,0.2,33.3,0.0,0.0,0.0,0.0
125,Devonte' Graham,SAS,58,27,31,16.4,31.5,0.2,0.0,0.0,100.0,0.0,0.0,0.0,0.1,44.4,0.1,55.6,0.1,60.0,0.0,11.1,0.0,0.0
126,Dewayne Dedmon,PHI,30,17,13,11.7,19.7,1.6,0.6,0.9,63.0,0.3,0.3,80.0,1.5,91.7,0.5,29.2,0.0,7.1,0.1,4.2,0.1,8.3
127,Dillon Brooks,MEM,53,32,21,30.5,42.3,0.5,0.1,0.2,53.8,0.0,0.0,100.0,0.3,64.0,0.1,24.0,0.0,33.3,0.1,12.0,0.0,0.0
128,Domantas Sabonis,SAC,56,32,24,34.6,82.7,8.8,2.1,3.1,67.4,0.9,1.1,76.6,5.2,59.4,4.3,49.6,1.0,22.2,0.5,5.9,0.5,5.9
129,Dominick Barlow,SAS,11,0,11,10.1,12.2,1.2,0.3,0.4,75.0,0.0,0.0,0.0,0.5,46.2,0.7,61.5,0.3,37.5,0.1,7.7,0.0,0.0
130,Donovan Mitchell,CLE,51,33,18,35.5,69.0,0.9,0.3,0.5,73.9,0.1,0.1,100.0,0.9,100.0,0.3,38.6,0.1,17.6,0.0,2.3,0.1,6.8
131,Donte DiVincenzo,GSW,48,26,22,25.2,47.1,0.7,0.1,0.1,71.4,0.0,0.0,0.0,0.2,34.4,0.5,75.0,0.1,12.5,0.0,3.1,0.0,0.0
132,Dorian Finney-Smith,BKN,44,21,23,32.0,39.5,0.6,0.1,0.1,100.0,0.0,0.0,0.0,0.3,40.7,0.5,74.1,0.1,20.0,0.0,0.0,0.0,0.0
133,Doug McDermott,SAS,51,14,37,20.5,28.0,0.2,0.1,0.2,70.0,0.0,0.0,0.0,0.3,125.0,0.0,16.7,0.0,0.0,0.0,0.0,0.0,0.0
134,Draymond Green,GSW,52,27,25,31.6,73.3,2.8,0.6,0.9,64.4,0.2,0.2,66.7,1.3,46.2,1.6,57.3,0.4,24.4,0.1,4.9,0.1,4.2
135,Drew Eubanks,POR,57,26,31,19.6,26.0,2.1,0.6,0.9,64.2,0.1,0.2,60.0,1.3,62.5,0.9,45.0,0.1,14.8,0.1,5.0,0.1,4.2
136,Dru Smith,BKN,8,4,4,12.1,20.5,0.3,0.1,0.1,100.0,0.0,0.0,0.0,0.3,100.0,0.1,50.0,0.0,0.0,0.0,0.0,0.0,0.0
137,Duane Washington Jr.,PHX,31,17,14,12.7,30.0,0.1,0.0,0.0,0.0,0.0,0.0,0.0,0.0,0.0,0.1,100.0,0.0,0.0,0.0,0.0,0.0,0.0
138,Duncan Robinson,MIA,29,14,15,18.1,25.0,0.2,0.1,0.1,66.7,0.0,0.0,0.0,0.2,100.0,0.1,40.0,0.0,0.0,0.0,0.0,0.0,0.0
139,Dwight Powell,DAL,56,31,25,19.8,25.1,2.0,0.3,0.5,65.5,0.2,0.3,64.3,0.9,44.6,1.2,60.7,0.2,13.2,0.1,3.6,0.1,6.3
140,Dyson Daniels,NOP,39,21,18,19.9,30.5,0.2,0.0,0.0,100.0,0.0,0.0,0.0,0.1,33.3,0.1,83.3,0.1,80.0,0.0,0.0,0.0,0.0
141,Edmond Sumner,BKN,46,28,18,14.5,24.6,0.2,0.1,0.1,80.0,0.0,0.0,0.0,0.2,72.7,0.1,27.3,0.0,0.0,0.0,18.2,0.0,0.0
142,Eric Gordon,LAC,49,14,35,29.9,41.6,0.2,0.0,0.1,33.3,0.0,0.0,0.0,0.1,36.4,0.1,45.5,0.0,20.0,0.0,0.0,0.0,0.0
143,Eugene Omoruyi,OKC,23,9,14,11.8,13.8,0.5,0.1,0.3,33.3,0.0,0.1,50.0,0.2,41.7,0.1,25.0,0.0,0.0,0.0,8.3,0.0,8.3
144,Evan Fournier,NYK,23,13,10,18.0,23.6,0.0,0.0,0.0,0.0,0.0,0.0,0.0,0.0,0.0,0.0,100.0,0.0,0.0,0.0,0.0,0.0,0.0
145,Evan Mobley,CLE,60,36,24,34.2,58.6,4.2,1.1,1.8,60.7,0.4,0.6,63.2,2.6,62.1,1.9,43.9,0.6,30.6,0.2,4.3,0.3,7.1
146,Facundo Campazzo,DAL,8,2,6,6.5,14.9,0.0,0.0,0.0,0.0,0.0,0.0,0.0,0.0,0.0,0.0,0.0,0.0,0.0,0.0,0.0,0.0,0.0
147,Frank Kaminsky,HOU,28,11,17,7.0,14.3,0.3,0.0,0.0,100.0,0.0,0.0,0.0,0.1,25.0,0.3,87.5,0.0,0.0,0.0,0.0,0.0,0.0
148,Frank Ntilikina,DAL,37,18,19,12.2,16.8,0.1,0.0,0.0,0.0,0.0,0.0,0.0,0.0,0.0,0.1,100.0,0.0,50.0,0.0,0.0,0.0,0.0
149,Franz Wagner,ORL,59,24,35,33.1,54.7,0.7,0.2,0.4,39.1,0.2,0.2,90.0,0.5,70.0,0.2,25.0,0.1,30.0,0.0,5.0,0.1,12.5
150,Fred VanVleet,TOR,50,24,26,36.9,84.4,0.2,0.0,0.0,100.0,0.0,0.0,100.0,0.1,75.0,0.0,25.0,0.0,0.0,0.0,25.0,0.0,12.5
151,Furkan Korkmaz,PHI,25,17,8,10.2,15.3,0.2,0.1,0.2,50.0,0.0,0.1,50.0,0.2,100.0,0.0,16.7,0.0,0.0,0.0,0.0,0.0,16.7
152,Gabe Vincent,MIA,45,25,20,26.3,44.4,0.2,0.1,0.1,100.0,0.0,0.0,0.0,0.1,60.0,0.1,50.0,0.0,0.0,0.0,20.0,0.0,0.0
153,Garrett Temple,NOP,18,11,7,7.2,9.4,0.1,0.0,0.1,0.0,0.0,0.0,0.0,0.0,0.0,0.0,0.0,0.0,0.0,0.0,0.0,0.0,0.0
154,Garrison Mathews,ATL,46,12,34,13.2,14.3,0.1,0.0,0.0,0.0,0.0,0.0,0.0,0.0,0.0,0.1,100.0,0.0,0.0,0.0,0.0,0.0,0.0
155,Gary Harris,ORL,31,13,18,24.6,21.6,0.1,0.0,0.1,50.0,0.0,0.0,0.0,0.1,66.7,0.0,33.3,0.0,0.0,0.0,0.0,0.0,0.0
156,Gary Payton II,GSW,15,8,7,17.0,23.0,0.7,0.1,0.3,25.0,0.0,0.0,0.0,0.1,20.0,0.3,50.0,0.1,20.0,0.1,10.0,0.0,0.0
157,Gary Trent Jr.,TOR,51,24,27,33.7,40.4,0.4,0.2,0.3,73.3,0.0,0.0,100.0,0.5,113.6,0.1,22.7,0.0,20.0,0.0,4.5,0.0,4.5
158,George Hill,IND,36,24,12,18.8,33.1,0.3,0.1,0.1,100.0,0.0,0.1,50.0,0.1,41.7,0.2,58.3,0.1,28.6,0.0,8.3,0.0,8.3
159,Georges Niang,PHI,56,38,18,19.7,30.0,0.1,0.0,0.0,0.0,0.0,0.0,100.0,0.0,40.0,0.1,80.0,0.0,25.0,0.0,0.0,0.0,0.0
160,Giannis Antetokounmpo,MIL,47,35,12,33.1,80.9,4.3,0.9,1.6,51.9,0.6,1.0,63.0,2.4,55.0,1.8,41.1,0.2,13.3,0.2,5.4,0.4,9.9
161,Goga Bitadze,ORL,21,8,13,9.6,14.6,0.8,0.1,0.2,60.0,0.1,0.2,75.0,0.4,56.3,0.4,50.0,0.0,12.5,0.0,6.3,0.1,12.5
162,Goran Dragic,CHI,50,22,28,15.5,34.4,0.1,0.1,0.1,75.0,0.0,0.0,0.0,0.1,100.0,0.0,16.7,0.0,0.0,0.0,16.7,0.0,0.0
163,Gordon Hayward,CHA,34,12,22,31.2,48.0,1.6,0.4,0.6,70.0,0.1,0.2,83.3,1.0,60.0,0.9,52.7,0.1,17.2,0.1,3.6,0.1,5.5
164,Gorgui Dieng,SAS,20,2,18,10.0,18.3,0.7,0.1,0.2,33.3,0.0,0.0,0.0,0.1,14.3,0.5,71.4,0.2,30.0,0.1,7.1,0.0,0.0
165,Grant Williams,BOS,59,43,16,27.5,31.8,0.6,0.1,0.2,50.0,0.0,0.0,100.0,0.2,34.3,0.4,60.0,0.2,42.9,0.1,8.6,0.0,2.9
166,Grayson Allen,MIL,54,39,15,27.6,36.6,0.4,0.1,0.1,83.3,0.0,0.0,0.0,0.2,52.6,0.2,63.2,0.0,16.7,0.0,5.3,0.0,0.0
167,Greg Brown III,POR,16,10,6,5.8,5.3,0.1,0.1,0.1,100.0,0.0,0.0,0.0,0.1,200.0,0.0,0.0,0.0,0.0,0.0,0.0,0.0,0.0
168,Hamidou Diallo,DET,50,12,38,16.8,25.8,1.0,0.5,0.7,77.1,0.2,0.2,80.0,1.3,121.2,0.2,15.4,0.0,25.0,0.1,7.7,0.1,9.6
169,Harrison Barnes,SAC,58,33,25,32.5,47.5,0.7,0.2,0.2,76.9,0.2,0.2,92.9,0.6,87.2,0.2,35.9,0.1,21.4,0.1,12.8,0.1,17.9
170,Haywood Highsmith,MIA,43,23,20,19.7,21.6,0.7,0.1,0.2,42.9,0.0,0.0,0.0,0.2,25.0,0.4,60.7,0.0,11.8,0.0,3.6,0.0,0.0
171,Herbert Jones,NOP,44,19,25,28.9,41.5,0.8,0.1,0.3,41.7,0.1,0.1,50.0,0.3,39.4,0.3,42.4,0.1,21.4,0.1,9.1,0.1,9.1
172,Immanuel Quickley,NYK,59,33,26,27.7,47.5,0.3,0.1,0.1,60.0,0.0,0.0,0.0,0.1,37.5,0.2,62.5,0.0,20.0,0.0,6.3,0.0,0.0
173,Isaac Okoro,CLE,62,38,24,21.2,20.1,0.3,0.1,0.1,62.5,0.0,0.0,0.0,0.2,55.6,0.1,44.4,0.0,37.5,0.0,5.6,0.0,0.0
174,Isaiah Hartenstein,NYK,60,33,27,19.7,29.8,1.8,0.3,0.8,38.3,0.1,0.2,58.3,0.7,40.2,0.9,47.7,0.1,11.8,0.0,0.9,0.1,3.7
175,Isaiah Jackson,IND,45,17,28,15.3,21.4,1.7,0.4,0.9,46.2,0.1,0.2,50.0,0.9,53.8,0.7,39.7,0.1,16.1,0.0,2.6,0.1,6.4
176,Isaiah Joe,OKC,50,25,25,15.8,20.1,0.3,0.1,0.1,100.0,0.0,0.0,100.0,0.2,76.9,0.2,61.5,0.0,0.0,0.0,0.0,0.0,7.7
177,Isaiah Livers,DET,37,9,28,21.1,23.8,0.2,0.1,0.1,100.0,0.0,0.0,0.0,0.1,57.1,0.1,57.1,0.0,0.0,0.0,0.0,0.0,0.0
178,Isaiah Mobley,CLE,8,5,3,3.3,5.1,0.0,0.0,0.0,0.0,0.0,0.0,0.0,0.0,0.0,0.0,0.0,0.0,0.0,0.0,0.0,0.0,0.0
179,Isaiah Roby,SAS,41,9,32,11.3,18.8,0.5,0.1,0.2,57.1,0.1,0.2,50.0,0.3,61.9,0.2,38.1,0.0,12.5,0.0,0.0,0.1,23.8
180,Isaiah Stewart,DET,48,12,36,28.4,39.5,1.5,0.4,0.6,64.5,0.4,0.5,69.2,1.2,78.4,0.5,33.8,0.0,4.0,0.0,2.7,0.3,16.2
181,Isaiah Todd,WAS,4,2,2,3.1,4.3,0.0,0.0,0.0,0.0,0.0,0.0,0.0,0.0,0.0,0.0,0.0,0.0,0.0,0.0,0.0,0.0,0.0
182,Ish Smith,DEN,30,20,10,10.4,24.5,0.2,0.0,0.0,0.0,0.0,0.0,0.0,0.0,0.0,0.1,60.0,0.0,33.3,0.1,40.0,0.0,0.0
183,Ish Wainright,PHX,42,22,20,15.6,15.8,0.0,0.0,0.0,0.0,0.0,0.0,0.0,0.0,0.0,0.0,50.0,0.0,100.0,0.0,0.0,0.0,0.0
184,Ivica Zubac,LAC,59,32,27,29.4,42.7,3.9,0.7,1.2,59.2,0.5,0.7,69.0,2.0,50.9,2.0,50.4,0.4,19.8,0.3,7.0,0.3,8.7
185,JD Davison,BOS,6,5,1,2.3,3.2,0.2,0.2,0.2,100.0,0.0,0.0,0.0,0.3,200.0,0.0,0.0,0.0,0.0,0.0,0.0,0.0,0.0
186,JT Thor,CHA,47,12,35,10.8,13.9,0.2,0.0,0.1,20.0,0.0,0.0,0.0,0.0,18.2,0.1,36.4,0.0,0.0,0.0,9.1,0.0,9.1
187,Ja Morant,MEM,49,31,18,32.7,79.9,0.5,0.1,0.2,40.0,0.1,0.1,60.0,0.2,45.8,0.2,41.7,0.1,30.0,0.0,4.2,0.0,8.3
188,JaMychal Green,GSW,39,19,20,14.7,23.6,1.2,0.2,0.3,61.5,0.1,0.1,100.0,0.5,43.5,0.7,58.7,0.1,18.5,0.1,8.7,0.1,4.3
189,JaVale McGee,DAL,36,17,19,8.1,11.6,1.1,0.3,0.5,66.7,0.0,0.1,50.0,0.7,65.8,0.5,47.4,0.1,16.7,0.0,2.6,0.0,2.6
190,Jabari Smith Jr.,HOU,55,12,43,29.9,45.5,1.3,0.4,0.7,53.8,0.1,0.2,80.0,0.9,71.4,0.4,31.4,0.1,22.7,0.1,4.3,0.1,5.7
191,Jabari Walker,POR,39,19,20,9.0,10.4,0.4,0.2,0.3,70.0,0.0,0.1,50.0,0.4,113.3,0.1,26.7,0.0,25.0,0.0,0.0,0.0,6.7
192,Jack White,DEN,14,12,2,3.1,4.4,0.1,0.0,0.1,0.0,0.0,0.0,0.0,0.0,0.0,0.1,50.0,0.0,0.0,0.0,0.0,0.0,0.0
193,Jaden Hardy,DAL,32,16,16,11.6,18.4,0.1,0.0,0.0,0.0,0.0,0.0,0.0,0.0,0.0,0.1,50.0,0.0,0.0,0.0,0.0,0.0,0.0
194,Jaden Ivey,DET,55,15,40,30.0,54.5,0.8,0.2,0.3,70.6,0.1,0.1,83.3,0.5,69.8,0.3,39.5,0.2,52.9,0.1,7.0,0.1,7.0
195,Jaden McDaniels,MIN,58,30,28,30.5,38.9,0.7,0.2,0.2,64.3,0.1,0.1,100.0,0.4,55.0,0.3,47.5,0.1,15.8,0.1,7.5,0.0,5.0
196,Jaden Springer,PHI,7,7,0,3.7,4.0,0.1,0.0,0.1,0.0,0.0,0.0,0.0,0.0,0.0,0.0,0.0,0.0,0.0,0.0,0.0,0.0,0.0
197,Jae'Sean Tate,HOU,20,3,17,21.0,40.2,0.6,0.1,0.2,50.0,0.0,0.0,0.0,0.2,33.3,0.3,50.0,0.1,33.3,0.1,16.7,0.0,0.0
198,Jake LaRavia,MEM,30,20,10,12.7,15.3,0.1,0.0,0.0,100.0,0.1,0.1,75.0,0.2,125.0,0.0,25.0,0.0,0.0,0.0,0.0,0.1,50.0
199,Jakob Poeltl,TOR,49,14,35,26.2,53.7,6.8,1.4,2.3,60.2,0.3,0.6,53.3,3.2,46.3,3.7,53.7,0.7,18.9,0.4,6.0,0.3,4.5
200,Jalen Brunson,NYK,56,31,25,35.1,84.8,0.1,0.0,0.1,50.0,0.0,0.0,0.0,0.1,50.0,0.1,50.0,0.0,0.0,0.0,0.0,0.0,0.0
201,Jalen Duren,DET,51,14,37,25.2,35.0,1.9,0.4,0.5,67.9,0.2,0.3,64.3,0.9,50.5,1.1,57.9,0.1,12.7,0.1,4.2,0.1,7.4
202,Jalen Green,HOU,54,11,43,33.9,65.9,0.4,0.1,0.2,40.0,0.0,0.1,50.0,0.2,45.5,0.1,22.7,0.0,20.0,0.0,4.5,0.0,9.1
203,Jalen Johnson,ATL,55,27,28,14.4,20.8,0.5,0.1,0.3,47.1,0.1,0.1,75.0,0.4,69.0,0.1,27.6,0.0,25.0,0.0,6.9,0.0,6.9
204,Jalen McDaniels,PHI,60,19,41,26.1,40.3,0.4,0.1,0.3,43.8,0.0,0.0,100.0,0.3,76.2,0.1,19.0,0.0,50.0,0.0,0.0,0.0,4.8
205,Jalen Smith,IND,51,24,27,18.2,29.6,1.3,0.4,0.6,71.0,0.1,0.2,37.5,0.9,75.0,0.4,31.3,0.1,20.0,0.2,12.5,0.1,6.3
206,Jalen Suggs,ORL,35,14,21,22.9,45.7,0.2,0.1,0.2,33.3,0.1,0.1,75.0,0.2,87.5,0.0,0.0,0.0,0.0,0.0,0.0,0.1,25.0
207,Jalen Williams,OKC,54,26,28,29.2,43.3,0.8,0.4,0.5,80.0,0.1,0.1,75.0,0.8,102.3,0.2,27.3,0.0,16.7,0.1,6.8,0.0,4.5
208,Jamal Cain,MIA,13,8,5,13.9,13.3,0.2,0.0,0.0,0.0,0.0,0.0,0.0,0.0,0.0,0.2,100.0,0.1,50.0,0.0,0.0,0.0,0.0
209,Jamal Murray,DEN,46,33,13,32.5,71.3,1.1,0.3,0.5,57.1,0.1,0.1,100.0,0.7,62.7,0.5,45.1,0.1,17.4,0.1,7.8,0.1,5.9
210,Jamaree Bouyea,MIA,4,2,2,16.3,28.0,0.0,0.0,0.0,0.0,0.0,0.0,0.0,0.0,0.0,0.0,0.0,0.0,0.0,0.0,0.0,0.0,0.0
211,James Bouknight,CHA,26,5,21,13.6,18.1,0.1,0.0,0.0,100.0,0.0,0.0,0.0,0.1,100.0,0.0,50.0,0.0,0.0,0.0,0.0,0.0,0.0
212,James Harden,PHI,42,29,13,36.5,93.0,0.3,0.0,0.1,66.7,0.0,0.0,0.0,0.1,36.4,0.1,54.5,0.0,33.3,0.0,18.2,0.0,0.0
213,James Johnson,IND,12,5,7,8.2,10.8,0.3,0.0,0.0,0.0,0.0,0.0,0.0,0.0,0.0,0.3,100.0,0.0,0.0,0.0,0.0,0.0,0.0
214,James Wiseman,DET,23,9,14,13.5,23.5,1.1,0.6,0.8,72.2,0.1,0.1,100.0,1.2,112.0,0.3,24.0,0.1,33.3,0.0,0.0,0.0,4.0
215,Jared Rhoden,DET,1,0,1,12.0,12.0,0.0,0.0,0.0,0.0,0.0,0.0,0.0,0.0,0.0,0.0,0.0,0.0,0.0,0.0,0.0,0.0,0.0
216,Jaren Jackson Jr.,MEM,41,25,16,27.3,38.4,1.1,0.3,0.6,56.0,0.1,0.1,100.0,0.8,75.6,0.3,31.1,0.0,14.3,0.0,2.2,0.1,6.7
217,Jarred Vanderbilt,LAL,56,28,28,23.9,33.0,2.1,0.4,0.8,58.1,0.2,0.2,91.7,1.1,53.9,1.0,47.0,0.4,38.9,0.2,7.8,0.1,5.2
218,Jarrett Allen,CLE,55,35,20,33.2,44.0,5.6,1.4,2.2,61.0,0.3,0.4,80.0,3.1,54.9,2.7,48.4,0.6,20.8,0.4,6.8,0.2,2.9
219,Jarrett Culver,ATL,10,5,5,13.7,20.5,0.1,0.0,0.1,0.0,0.0,0.0,0.0,0.0,0.0,0.0,0.0,0.0,0.0,0.0,0.0,0.0,0.0
220,Jason Preston,LAC,13,3,10,9.4,23.7,0.1,0.1,0.1,100.0,0.0,0.0,0.0,0.2,200.0,0.0,0.0,0.0,0.0,0.0,0.0,0.0,0.0
221,Javonte Green,CHI,28,11,17,16.0,23.7,0.5,0.3,0.4,70.0,0.0,0.1,50.0,0.5,107.1,0.1,21.4,0.0,0.0,0.0,0.0,0.0,7.1
222,Jaxson Hayes,NOP,33,15,18,13.3,15.3,0.8,0.3,0.3,90.0,0.2,0.2,83.3,0.8,92.6,0.4,48.1,0.0,0.0,0.0,0.0,0.1,7.4
223,Jaylen Brown,BOS,49,34,15,35.7,63.9,1.4,0.5,0.8,65.0,0.1,0.2,87.5,1.2,84.5,0.5,33.8,0.1,25.0,0.1,4.2,0.1,5.6
224,Jaylen Nowell,MIN,61,31,30,19.7,34.0,0.3,0.2,0.2,83.3,0.0,0.0,100.0,0.4,143.8,0.0,6.3,0.0,100.0,0.0,6.3,0.0,6.3
225,Jaylin Williams,OKC,26,12,14,16.2,32.4,1.2,0.2,0.5,38.5,0.1,0.2,75.0,0.5,40.6,0.6,50.0,0.2,31.3,0.0,0.0,0.1,6.3
226,Jayson Tatum,BOS,56,41,15,37.4,75.2,2.8,0.9,1.4,63.8,0.5,0.5,96.7,2.5,86.8,0.9,30.8,0.1,16.3,0.2,6.9,0.2,8.2
227,Jeff Dowtin Jr.,TOR,16,11,5,7.6,11.9,0.2,0.0,0.0,0.0,0.1,0.1,100.0,0.1,66.7,0.1,66.7,0.1,50.0,0.0,0.0,0.1,33.3
228,Jeff Green,DEN,38,25,13,19.3,26.1,1.3,0.3,0.5,65.0,0.1,0.1,50.0,0.8,56.9,0.7,49.0,0.1,12.0,0.1,3.9,0.1,3.9
229,Jerami Grant,POR,54,25,29,35.7,53.5,0.9,0.2,0.3,58.8,0.1,0.1,66.7,0.5,54.2,0.5,52.1,0.1,16.0,0.0,2.1,0.1,6.3
230,Jeremiah Robinson-Earl,OKC,29,11,18,20.5,31.4,0.8,0.2,0.4,54.5,0.0,0.1,25.0,0.4,54.2,0.3,37.5,0.0,11.1,0.0,0.0,0.1,8.3
231,Jeremy Sochan,SAS,47,11,36,25.9,42.5,1.1,0.3,0.3,75.0,0.0,0.0,50.0,0.5,48.1,0.6,57.7,0.1,16.7,0.0,3.8,0.0,1.9
232,Jericho Sims,NYK,47,27,20,16.3,20.1,0.5,0.1,0.2,62.5,0.0,0.0,100.0,0.3,48.0,0.3,56.0,0.0,0.0,0.0,8.0,0.0,4.0
233,Jevon Carter,MIL,58,41,17,22.5,38.4,0.3,0.0,0.1,40.0,0.0,0.0,0.0,0.1,21.1,0.2,68.4,0.0,7.7,0.0,5.3,0.0,0.0
234,Jimmy Butler,MIA,44,24,20,33.7,63.2,1.8,0.4,0.7,59.4,0.2,0.2,90.0,1.0,57.0,0.8,43.0,0.2,26.5,0.1,5.1,0.1,5.1
235,Jock Landale,PHX,51,26,25,14.1,23.5,2.1,0.3,0.5,59.3,0.1,0.1,66.7,0.7,34.3,1.4,63.9,0.1,8.7,0.1,5.6,0.1,2.8
236,Joe Harris,BKN,51,29,22,23.8,25.4,0.4,0.2,0.2,72.7,0.0,0.0,0.0,0.3,84.2,0.1,36.8,0.0,28.6,0.0,5.3,0.0,0.0
237,Joe Ingles,MIL,25,17,8,22.5,32.2,0.0,0.0,0.0,0.0,0.0,0.0,0.0,0.0,0.0,0.0,100.0,0.0,0.0,0.0,0.0,0.0,0.0
238,Joe Wieskamp,TOR,2,1,1,8.5,9.0,0.5,0.0,0.5,0.0,0.0,0.0,0.0,0.0,0.0,0.0,0.0,0.0,0.0,0.0,0.0,0.0,0.0
239,Joel Embiid,PHI,46,31,15,35.0,72.6,9.3,2.3,4.3,54.3,1.7,1.9,88.6,6.6,71.2,3.3,35.1,0.6,17.3,0.5,5.4,0.9,10.1
240,John Butler Jr.,POR,9,2,7,3.4,2.4,0.0,0.0,0.0,0.0,0.0,0.0,0.0,0.0,0.0,0.0,0.0,0.0,0.0,0.0,0.0,0.0,0.0
241,John Collins,ATL,50,26,24,31.1,45.1,1.5,0.5,0.8,65.8,0.3,0.3,81.3,1.3,81.8,0.5,29.9,0.1,13.0,0.1,3.9,0.2,10.4
242,John Konchar,MEM,50,30,20,22.3,31.3,0.4,0.1,0.1,57.1,0.0,0.0,0.0,0.2,42.9,0.2,52.4,0.0,9.1,0.0,4.8,0.0,0.0
243,John Wall,LAC,34,15,19,22.2,55.4,0.2,0.0,0.0,0.0,0.0,0.0,0.0,0.0,0.0,0.2,75.0,0.0,0.0,0.0,12.5,0.0,0.0
244,Johnny Davis,WAS,13,6,7,4.7,6.5,0.0,0.0,0.0,0.0,0.0,0.0,0.0,0.0,0.0,0.0,0.0,0.0,0.0,0.0,0.0,0.0,0.0
245,Jonas Valanciunas,NOP,59,29,30,24.8,49.5,3.2,0.8,1.4,57.1,0.2,0.3,81.3,1.9,59.7,1.4,43.5,0.2,11.1,0.1,4.3,0.1,4.3
246,Jonathan Isaac,ORL,11,8,3,11.3,19.5,0.7,0.0,0.3,0.0,0.2,0.2,100.0,0.2,25.0,0.1,12.5,0.0,0.0,0.1,12.5,0.1,12.5
247,Jonathan Kuminga,GSW,47,25,22,19.4,31.5,0.9,0.2,0.4,52.9,0.2,0.3,75.0,0.6,66.7,0.4,40.5,0.0,11.8,0.0,4.8,0.1,11.9
248,Jordan Clarkson,UTA,59,29,30,32.6,56.0,0.7,0.2,0.4,61.9,0.1,0.1,100.0,0.6,85.0,0.2,30.0,0.1,33.3,0.0,5.0,0.1,7.5
249,Jordan Goodwin,WAS,40,15,25,18.0,36.7,0.4,0.1,0.1,40.0,0.0,0.0,0.0,0.1,28.6,0.2,64.3,0.1,33.3,0.0,0.0,0.0,0.0
250,Jordan Hall,SAS,9,1,8,9.2,17.8,0.0,0.0,0.0,0.0,0.0,0.0,0.0,0.0,0.0,0.0,0.0,0.0,0.0,0.0,0.0,0.0,0.0
251,Jordan McLaughlin,MIN,24,13,11,15.3,35.1,0.2,0.0,0.0,100.0,0.0,0.0,0.0,0.1,40.0,0.1,60.0,0.1,66.7,0.0,20.0,0.0,0.0
252,Jordan Nwora,IND,41,27,14,15.6,22.0,0.3,0.0,0.0,100.0,0.0,0.0,0.0,0.1,38.5,0.2,69.2,0.0,11.1,0.0,7.7,0.0,0.0
253,Jordan Poole,GSW,58,28,30,30.6,68.1,0.8,0.3,0.5,69.0,0.1,0.1,83.3,0.8,97.9,0.2,25.5,0.1,25.0,0.1,6.4,0.1,6.4
254,Jordan Schakel,WAS,2,0,2,3.1,5.0,0.0,0.0,0.0,0.0,0.0,0.0,0.0,0.0,0.0,0.0,0.0,0.0,0.0,0.0,0.0,0.0,0.0
255,Jose Alvarado,NOP,59,30,29,21.7,46.5,0.2,0.1,0.1,100.0,0.0,0.0,0.0,0.2,111.1,0.1,44.4,0.0,25.0,0.0,0.0,0.0,0.0
256,Josh Christopher,HOU,40,7,33,10.1,16.3,0.2,0.1,0.1,50.0,0.0,0.0,0.0,0.1,50.0,0.1,37.5,0.0,0.0,0.0,12.5,0.0,0.0
257,Josh Giddey,OKC,53,23,30,31.0,77.1,1.2,0.4,0.5,67.9,0.1,0.1,80.0,0.8,67.2,0.5,41.0,0.1,16.0,0.0,3.3,0.0,3.3
258,Josh Green,DAL,41,21,20,24.9,31.9,0.6,0.2,0.3,81.8,0.1,0.1,66.7,0.6,88.5,0.3,42.3,0.1,36.4,0.0,3.8,0.1,11.5
259,Josh Hart,NYK,54,28,26,33.0,45.1,0.7,0.1,0.2,54.5,0.0,0.0,0.0,0.2,33.3,0.4,66.7,0.1,20.8,0.0,2.8,0.0,0.0
260,Josh Minott,MIN,11,5,6,6.2,7.5,0.1,0.1,0.1,100.0,0.0,0.0,0.0,0.2,200.0,0.0,0.0,0.0,0.0,0.0,0.0,0.0,0.0
261,Josh Okogie,PHX,50,25,25,15.0,20.1,0.4,0.0,0.1,50.0,0.1,0.1,75.0,0.1,36.8,0.3,68.4,0.0,15.4,0.0,0.0,0.0,10.5
262,Josh Richardson,NOP,44,12,32,24.0,45.7,0.3,0.0,0.1,40.0,0.0,0.0,0.0,0.1,28.6,0.1,42.9,0.0,33.3,0.0,14.3,0.0,0.0
263,Joshua Primo,SAS,4,3,1,23.3,43.0,0.5,0.0,0.0,0.0,0.0,0.0,0.0,0.0,0.0,0.5,100.0,0.0,0.0,0.0,0.0,0.0,0.0
264,Jrue Holiday,MIL,47,35,12,33.0,74.7,0.9,0.1,0.3,50.0,0.0,0.0,100.0,0.3,33.3,0.6,61.9,0.1,15.4,0.0,4.8,0.0,2.4
265,Juan Toscano-Anderson,UTA,32,13,19,12.7,17.2,0.5,0.1,0.1,50.0,0.1,0.1,75.0,0.2,41.2,0.3,58.8,0.1,30.0,0.0,0.0,0.1,11.8
266,Juancho Hernangomez,TOR,41,20,21,14.8,17.3,0.4,0.0,0.1,25.0,0.0,0.0,50.0,0.1,20.0,0.2,66.7,0.1,30.0,0.0,0.0,0.0,6.7
267,Julian Champagnie,SAS,2,2,0,3.3,3.0,0.0,0.0,0.0,0.0,0.0,0.0,0.0,0.0,0.0,0.0,0.0,0.0,0.0,0.0,0.0,0.0,0.0
268,Julius Randle,NYK,60,33,27,35.9,70.6,2.2,0.5,1.1,50.8,0.3,0.5,71.4,1.5,64.9,0.7,32.8,0.2,31.8,0.2,7.5,0.2,9.0
269,Justin Champagnie,TOR,3,2,1,3.6,4.7,0.0,0.0,0.0,0.0,0.0,0.0,0.0,0.0,0.0,0.0,0.0,0.0,0.0,0.0,0.0,0.0,0.0
270,Justin Holiday,DAL,29,13,16,14.9,17.2,0.2,0.0,0.2,16.7,0.0,0.0,0.0,0.1,28.6,0.0,14.3,0.0,0.0,0.0,0.0,0.0,0.0
271,Justin Jackson,BOS,23,15,8,4.7,5.1,0.0,0.0,0.0,100.0,0.0,0.0,0.0,0.1,200.0,0.0,0.0,0.0,0.0,0.0,0.0,0.0,0.0
272,Justise Winslow,POR,29,15,14,26.8,52.4,0.8,0.2,0.5,40.0,0.0,0.0,0.0,0.4,50.0,0.3,37.5,0.0,11.1,0.0,0.0,0.0,0.0
273,Jusuf Nurkic,POR,45,23,22,27.3,55.3,3.4,0.7,1.3,56.1,0.3,0.5,62.5,1.9,56.2,1.5,44.4,0.1,5.9,0.3,8.5,0.3,7.8
274,KZ Okpala,SAC,35,19,16,7.1,7.0,0.0,0.0,0.0,0.0,0.0,0.0,0.0,0.0,0.0,0.0,100.0,0.0,0.0,0.0,0.0,0.0,0.0
275,Kai Jones,CHA,27,6,21,8.8,9.4,0.0,0.0,0.0,0.0,0.0,0.0,0.0,0.0,0.0,0.0,0.0,0.0,0.0,0.0,0.0,0.0,0.0
276,Karl-Anthony Towns,MIN,21,10,11,33.8,61.7,1.8,0.6,0.6,92.3,0.5,0.5,100.0,1.8,102.7,0.9,48.6,0.1,16.7,0.0,0.0,0.2,10.8
277,Kawhi Leonard,LAC,34,23,11,32.4,57.6,2.3,0.7,1.3,53.5,0.1,0.1,100.0,1.5,67.5,0.7,31.2,0.0,4.2,0.2,7.8,0.0,1.3
278,Keegan Murray,SAC,56,32,24,29.5,34.6,0.4,0.1,0.2,60.0,0.1,0.1,83.3,0.3,78.3,0.1,30.4,0.0,14.3,0.0,8.7,0.1,13.0
279,Keita Bates-Diop,SAS,45,10,35,20.6,23.4,0.8,0.2,0.3,58.3,0.1,0.1,100.0,0.4,52.8,0.4,55.6,0.0,5.0,0.0,5.6,0.0,5.6
280,Keldon Johnson,SAS,52,13,39,32.6,56.4,0.9,0.3,0.5,53.8,0.2,0.2,90.0,0.8,85.4,0.3,29.2,0.1,42.9,0.0,4.2,0.1,10.4
281,Kelly Olynyk,UTA,49,23,26,28.3,53.6,1.2,0.4,0.5,73.1,0.1,0.1,100.0,0.9,72.9,0.5,44.1,0.1,26.9,0.1,6.8,0.0,1.7
282,Kelly Oubre Jr.,CHA,35,10,25,32.6,45.9,0.7,0.1,0.4,28.6,0.2,0.3,80.0,0.5,64.0,0.1,20.0,0.1,60.0,0.0,0.0,0.1,20.0
283,Kemba Walker,DAL,9,5,4,16.0,28.7,0.0,0.0,0.0,0.0,0.0,0.0,0.0,0.0,0.0,0.0,0.0,0.0,0.0,0.0,0.0,0.0,0.0
284,Kendall Brown,IND,6,1,5,6.7,6.7,0.0,0.0,0.0,0.0,0.0,0.0,0.0,0.0,0.0,0.0,0.0,0.0,0.0,0.0,0.0,0.0,0.0
285,Kendrick Nunn,WAS,50,25,25,14.6,20.4,0.2,0.1,0.1,100.0,0.0,0.0,0.0,0.1,54.5,0.1,54.5,0.1,66.7,0.0,18.2,0.0,0.0
286,Kennedy Chandler,MEM,24,15,9,9.2,19.5,0.0,0.0,0.0,0.0,0.0,0.0,0.0,0.0,0.0,0.0,0.0,0.0,0.0,0.0,100.0,0.0,0.0
287,Kenneth Lofton Jr.,MEM,8,5,3,3.9,6.8,0.4,0.1,0.4,33.3,0.0,0.0,0.0,0.3,66.7,0.0,0.0,0.0,0.0,0.0,0.0,0.0,0.0
288,Kenrich Williams,OKC,50,26,24,22.6,30.9,1.1,0.3,0.5,70.8,0.0,0.1,0.0,0.7,64.3,0.5,44.6,0.1,28.0,0.0,3.6,0.0,3.6
289,Kentavious Caldwell-Pope,DEN,57,41,16,31.4,39.0,0.8,0.3,0.5,66.7,0.1,0.1,75.0,0.7,89.1,0.2,23.9,0.1,27.3,0.1,10.9,0.0,4.3
290,Kenyon Martin Jr.,HOU,58,13,45,26.3,35.1,1.6,0.4,0.7,61.9,0.2,0.3,68.8,1.1,73.3,0.5,34.4,0.1,16.1,0.1,7.8,0.1,8.9
291,Keon Ellis,SAC,9,4,5,4.0,5.6,0.0,0.0,0.0,0.0,0.0,0.0,0.0,0.0,0.0,0.0,0.0,0.0,0.0,0.0,0.0,0.0,0.0
292,Keon Johnson,POR,29,12,17,10.1,19.1,0.3,0.0,0.1,0.0,0.0,0.0,0.0,0.0,0.0,0.1,50.0,0.1,50.0,0.0,0.0,0.0,0.0
293,Kessler Edwards,SAC,16,6,10,5.9,7.8,0.0,0.0,0.0,0.0,0.0,0.0,0.0,0.0,0.0,0.0,0.0,0.0,0.0,0.0,0.0,0.0,0.0
294,Kevin Durant,PHX,39,26,13,36.0,67.6,2.7,1.0,1.6,60.3,0.4,0.4,93.8,2.4,89.5,0.7,24.8,0.1,15.4,0.2,6.7,0.2,7.6
295,Kevin Huerter,SAC,55,30,25,30.4,44.6,0.6,0.2,0.3,70.6,0.0,0.0,50.0,0.5,78.8,0.3,42.4,0.0,14.3,0.0,0.0,0.0,3.0
296,Kevin Knox II,POR,45,9,36,13.6,17.7,0.1,0.0,0.0,100.0,0.0,0.0,100.0,0.1,83.3,0.1,66.7,0.0,0.0,0.0,0.0,0.0,16.7
297,Kevin Love,MIA,41,24,17,20.0,36.9,0.5,0.0,0.2,14.3,0.1,0.1,100.0,0.1,28.6,0.3,57.1,0.0,0.0,0.0,0.0,0.0,4.8
298,Kevin Porter Jr.,HOU,40,10,30,34.0,79.5,0.8,0.2,0.3,46.2,0.0,0.0,0.0,0.3,37.5,0.4,46.9,0.1,20.0,0.0,3.1,0.0,0.0
299,Kevon Harris,ORL,27,10,17,12.4,10.9,0.2,0.1,0.1,66.7,0.0,0.0,0.0,0.1,80.0,0.1,40.0,0.0,0.0,0.0,0.0,0.0,0.0
300,Kevon Looney,GSW,58,28,30,23.3,41.9,2.3,0.4,0.7,64.1,0.1,0.2,66.7,1.1,44.9,1.5,64.0,0.3,23.0,0.0,1.5,0.1,3.7
301,Khem Birch,SAS,20,9,11,8.1,10.4,0.8,0.3,0.5,60.0,0.1,0.1,100.0,0.7,87.5,0.2,18.8,0.0,0.0,0.1,12.5,0.1,6.3
302,Khris Middleton,MIL,17,14,3,21.4,43.6,0.5,0.2,0.2,75.0,0.0,0.0,0.0,0.4,75.0,0.2,37.5,0.1,33.3,0.0,0.0,0.0,0.0
303,Killian Hayes,DET,55,14,41,26.8,59.3,0.3,0.1,0.2,50.0,0.0,0.0,0.0,0.2,66.7,0.1,27.8,0.0,40.0,0.0,5.6,0.0,0.0
304,Kira Lewis Jr.,NOP,14,6,8,11.1,25.1,0.1,0.1,0.1,100.0,0.0,0.0,0.0,0.1,200.0,0.0,0.0,0.0,0.0,0.0,0.0,0.0,0.0
305,Klay Thompson,GSW,46,23,23,32.9,47.5,1.2,0.4,0.8,48.6,0.1,0.1,83.3,0.9,74.5,0.2,18.2,0.1,40.0,0.1,7.3,0.1,5.5
306,Kris Dunn,UTA,1,1,0,16.7,52.0,0.0,0.0,0.0,0.0,0.0,0.0,0.0,0.0,0.0,0.0,0.0,0.0,0.0,0.0,0.0,0.0,0.0
307,Kristaps Porzingis,WAS,50,22,28,32.5,59.8,3.9,0.9,1.7,50.6,0.9,1.1,83.6,2.8,71.5,1.2,30.6,0.2,16.9,0.1,3.6,0.5,13.5
308,Kyle Anderson,MIN,48,25,23,26.1,47.4,1.3,0.1,0.3,50.0,0.0,0.0,0.0,0.3,20.0,0.9,71.7,0.3,37.2,0.1,5.0,0.0,0.0
309,Kyle Kuzma,WAS,53,26,27,34.9,61.0,1.0,0.2,0.5,45.8,0.1,0.1,100.0,0.6,58.8,0.4,37.3,0.1,21.1,0.1,7.8,0.1,5.9
310,Kyle Lowry,MIA,44,22,22,33.3,74.3,0.3,0.0,0.0,50.0,0.0,0.0,0.0,0.0,13.3,0.3,73.3,0.1,36.4,0.0,6.7,0.0,0.0
311,Kyrie Irving,DAL,45,27,18,36.9,75.8,1.1,0.4,0.6,72.0,0.1,0.1,100.0,0.9,81.6,0.4,38.8,0.1,31.6,0.0,4.1,0.0,2.0
312,LaMelo Ball,CHA,33,10,23,35.4,90.6,0.4,0.0,0.1,25.0,0.0,0.0,0.0,0.1,21.4,0.3,64.3,0.1,22.2,0.0,7.1,0.0,0.0
313,Lamar Stevens,CLE,43,26,17,17.5,19.8,0.4,0.1,0.2,71.4,0.0,0.0,0.0,0.2,58.8,0.2,47.1,0.0,12.5,0.0,5.9,0.0,0.0
314,Landry Shamet,PHX,30,14,16,21.4,38.3,0.4,0.1,0.2,60.0,0.1,0.1,100.0,0.3,72.7,0.1,36.4,0.0,0.0,0.0,9.1,0.0,9.1
315,Larry Nance Jr.,NOP,49,24,25,22.6,32.1,3.1,0.7,1.0,66.7,0.1,0.2,62.5,1.4,46.7,1.9,61.8,0.3,13.8,0.1,2.0,0.1,2.6
316,Lauri Markkanen,UTA,55,28,27,34.4,51.0,1.8,0.7,1.0,68.5,0.6,0.7,92.1,2.1,116.5,0.3,17.5,0.0,11.8,0.1,4.1,0.3,19.6
317,LeBron James,LAL,46,23,23,36.1,79.6,3.0,1.0,1.5,71.6,0.1,0.2,75.0,2.3,78.1,1.1,38.0,0.2,17.3,0.1,4.4,0.1,2.2
318,Leandro Bolmaro,UTA,14,8,6,4.9,8.2,0.1,0.0,0.0,0.0,0.0,0.0,0.0,0.0,0.0,0.1,100.0,0.0,0.0,0.0,0.0,0.0,0.0
319,Lindy Waters III,OKC,23,11,12,11.2,13.3,0.0,0.0,0.0,0.0,0.0,0.0,0.0,0.0,0.0,0.0,0.0,0.0,0.0,0.0,0.0,0.0,0.0
320,Lonnie Walker IV,LAL,43,18,25,26.3,28.0,0.4,0.1,0.2,66.7,0.0,0.0,100.0,0.3,73.7,0.1,21.1,0.0,0.0,0.1,26.3,0.0,5.3
321,Luguentz Dort,OKC,51,25,26,30.0,36.6,0.5,0.0,0.2,20.0,0.0,0.1,50.0,0.1,26.1,0.2,34.8,0.0,0.0,0.0,8.7,0.0,8.7
322,Luka Doncic,DAL,51,29,22,36.4,91.3,0.7,0.2,0.4,63.2,0.0,0.0,0.0,0.5,69.4,0.3,36.1,0.1,23.1,0.0,5.6,0.0,0.0
323,Luka Garza,MIN,22,13,9,9.3,16.3,0.7,0.0,0.3,14.3,0.0,0.0,0.0,0.1,12.5,0.4,56.3,0.1,22.2,0.0,0.0,0.0,0.0
324,Luke Kennard,MEM,37,21,16,20.7,25.6,0.3,0.1,0.2,66.7,0.0,0.0,0.0,0.2,66.7,0.2,50.0,0.0,0.0,0.0,0.0,0.0,0.0
325,Luke Kornet,BOS,52,35,17,11.7,12.6,0.6,0.1,0.2,66.7,0.1,0.2,62.5,0.3,58.6,0.3,55.2,0.0,12.5,0.0,0.0,0.1,10.3
326,Malachi Flynn,TOR,42,21,21,13.9,27.8,0.1,0.0,0.0,100.0,0.0,0.0,0.0,0.0,40.0,0.1,80.0,0.0,25.0,0.0,0.0,0.0,0.0
327,Malaki Branham,SAS,45,8,37,22.3,34.4,0.3,0.1,0.2,55.6,0.1,0.1,100.0,0.3,100.0,0.1,21.4,0.0,33.3,0.0,0.0,0.0,14.3
328,Malcolm Brogdon,BOS,51,36,15,25.5,53.5,0.5,0.2,0.2,90.0,0.0,0.0,0.0,0.4,79.2,0.3,54.2,0.0,15.4,0.0,0.0,0.0,0.0
329,Malcolm Hill,CHI,4,3,1,2.0,2.0,0.0,0.0,0.0,0.0,0.0,0.0,0.0,0.0,0.0,0.0,0.0,0.0,0.0,0.0,0.0,0.0,0.0
330,Malik Beasley,LAL,59,30,29,26.4,36.0,0.2,0.1,0.2,63.6,0.0,0.0,0.0,0.2,107.7,0.0,15.4,0.0,0.0,0.0,0.0,0.0,0.0
331,Malik Monk,SAC,55,32,23,22.5,40.5,0.3,0.1,0.2,36.4,0.0,0.0,0.0,0.1,47.1,0.1,35.3,0.0,33.3,0.0,0.0,0.0,0.0
332,Mamadi Diakite,CLE,16,12,4,6.2,8.3,0.5,0.1,0.2,33.3,0.0,0.0,0.0,0.1,25.0,0.3,50.0,0.1,25.0,0.1,12.5,0.0,0.0
333,MarJon Beauchamp,MIL,38,25,13,14.8,15.8,0.2,0.1,0.1,66.7,0.0,0.0,0.0,0.1,50.0,0.1,62.5,0.0,20.0,0.0,0.0,0.0,0.0
334,Marcus Morris Sr.,LAC,53,29,24,28.7,39.5,1.1,0.4,0.7,54.3,0.1,0.1,100.0,0.8,75.0,0.3,28.3,0.0,11.8,0.1,6.7,0.1,5.0
335,Marcus Smart,BOS,43,32,11,32.4,62.0,0.5,0.1,0.1,100.0,0.0,0.0,0.0,0.1,30.0,0.3,60.0,0.1,25.0,0.0,10.0,0.0,0.0
336,Mark Williams,CHA,29,10,19,15.9,16.5,1.5,0.3,0.7,50.0,0.1,0.3,50.0,0.8,54.5,0.4,29.5,0.0,7.7,0.1,9.1,0.1,6.8
337,Markelle Fultz,ORL,39,20,19,29.2,66.2,0.5,0.1,0.2,57.1,0.0,0.0,0.0,0.2,42.1,0.2,47.4,0.1,33.3,0.1,10.5,0.0,0.0
338,Markieff Morris,DAL,27,16,11,10.6,15.0,0.3,0.0,0.1,0.0,0.1,0.1,100.0,0.1,25.0,0.2,62.5,0.0,20.0,0.0,0.0,0.0,12.5
339,Marko Simonovic,CHI,2,0,2,1.8,3.5,0.0,0.0,0.0,0.0,0.0,0.0,0.0,0.0,0.0,0.0,0.0,0.0,0.0,0.0,0.0,0.0,0.0
340,Marvin Bagley III,DET,25,6,19,21.3,31.6,1.4,0.6,1.0,62.5,0.0,0.1,50.0,1.3,88.9,0.4,25.0,0.0,0.0,0.1,5.6,0.0,2.8
341,Mason Plumlee,LAC,58,17,41,28.1,44.4,3.1,0.6,1.0,58.9,0.4,0.6,61.8,1.5,50.0,1.6,52.2,0.4,23.7,0.1,3.9,0.3,9.6
342,Matisse Thybulle,POR,52,33,19,13.0,11.4,0.1,0.0,0.0,0.0,0.0,0.0,50.0,0.0,14.3,0.1,42.9,0.0,0.0,0.0,14.3,0.0,14.3
343,Matt Ryan,MIN,32,14,18,9.5,11.1,0.1,0.0,0.0,0.0,0.0,0.0,0.0,0.0,0.0,0.1,75.0,0.0,0.0,0.0,0.0,0.0,0.0
344,Matthew Dellavedova,SAC,25,14,11,5.9,13.5,0.1,0.0,0.0,0.0,0.0,0.0,0.0,0.0,0.0,0.0,0.0,0.0,0.0,0.0,0.0,0.0,0.0
345,Max Christie,LAL,35,14,21,14.2,13.7,0.1,0.0,0.1,50.0,0.0,0.0,0.0,0.1,40.0,0.1,60.0,0.0,33.3,0.0,0.0,0.0,0.0
346,Max Strus,MIA,57,30,27,30.2,48.1,0.5,0.2,0.2,78.6,0.0,0.0,100.0,0.4,96.2,0.2,38.5,0.0,20.0,0.0,0.0,0.0,3.8
347,Maxi Kleber,DAL,22,13,9,25.7,30.5,1.0,0.0,0.2,25.0,0.0,0.0,0.0,0.1,9.5,0.8,81.0,0.2,23.5,0.0,0.0,0.0,0.0
348,McKinley Wright IV,DAL,20,11,9,10.3,18.4,0.1,0.0,0.0,0.0,0.0,0.0,0.0,0.0,0.0,0.1,50.0,0.0,0.0,0.0,0.0,0.0,0.0
349,Mfiondu Kabengele,BOS,2,1,1,7.0,7.0,0.0,0.0,0.0,0.0,0.0,0.0,0.0,0.0,0.0,0.0,0.0,0.0,0.0,0.0,0.0,0.0,0.0
350,Micah Potter,UTA,3,2,1,4.8,8.3,0.3,0.3,0.3,100.0,0.0,0.0,0.0,0.7,200.0,0.0,0.0,0.0,0.0,0.0,0.0,0.0,0.0
351,Michael Foster Jr.,PHI,1,1,0,1.0,1.0,0.0,0.0,0.0,0.0,0.0,0.0,0.0,0.0,0.0,0.0,0.0,0.0,0.0,0.0,0.0,0.0,0.0
352,Michael Porter Jr.,DEN,43,31,12,29.4,37.4,1.5,0.4,0.7,58.6,0.3,0.3,85.7,1.1,75.0,0.5,31.3,0.1,25.0,0.2,10.9,0.2,10.9
353,Mikal Bridges,BKN,59,31,28,36.3,50.7,1.5,0.5,0.8,60.0,0.1,0.1,100.0,1.0,65.2,0.6,37.1,0.1,18.2,0.1,5.6,0.0,2.2
354,Mike Conley,MIN,46,23,23,29.7,69.0,0.3,0.1,0.1,75.0,0.0,0.0,100.0,0.2,57.1,0.1,35.7,0.0,20.0,0.0,14.3,0.0,7.1
355,Mike Muscala,BOS,46,22,24,15.2,29.0,0.6,0.2,0.3,50.0,0.0,0.0,50.0,0.4,64.3,0.2,39.3,0.0,9.1,0.0,0.0,0.0,3.6
356,Miles McBride,NYK,47,26,21,12.6,19.7,0.2,0.1,0.1,83.3,0.0,0.0,0.0,0.2,125.0,0.0,12.5,0.0,0.0,0.0,12.5,0.0,0.0
357,Mitchell Robinson,NYK,38,21,17,26.9,25.9,0.7,0.0,0.1,25.0,0.0,0.1,0.0,0.1,7.7,0.5,73.1,0.1,10.5,0.0,0.0,0.0,3.8
358,Mo Bamba,LAL,42,20,22,17.1,27.1,0.9,0.2,0.3,58.3,0.1,0.2,37.5,0.4,47.2,0.4,44.4,0.0,12.5,0.1,11.1,0.1,11.1
359,Monte Morris,WAS,50,25,25,28.1,59.5,0.2,0.0,0.0,100.0,0.0,0.0,0.0,0.1,30.0,0.2,80.0,0.0,25.0,0.0,10.0,0.0,0.0
360,Montrezl Harrell,PHI,50,32,18,12.5,17.4,1.4,0.3,0.5,59.3,0.1,0.2,70.0,0.8,58.0,0.6,44.9,0.1,16.1,0.0,2.9,0.1,7.2
361,Moritz Wagner,ORL,39,19,20,20.9,38.8,2.1,0.7,1.1,60.5,0.4,0.5,84.2,1.7,81.9,0.5,22.9,0.1,15.8,0.2,8.4,0.3,12.0
362,Moses Brown,LAC,34,16,18,8.5,11.6,0.6,0.4,0.4,86.7,0.1,0.2,50.0,0.9,136.4,0.1,9.1,0.0,50.0,0.0,4.5,0.1,13.6
363,Moses Moody,GSW,44,21,23,14.1,15.7,0.2,0.1,0.1,75.0,0.0,0.0,0.0,0.2,80.0,0.1,30.0,0.0,0.0,0.1,30.0,0.0,0.0
364,Moussa Diabate,LAC,17,8,9,10.0,8.5,0.6,0.1,0.2,25.0,0.0,0.0,0.0,0.1,18.2,0.4,63.6,0.0,0.0,0.0,0.0,0.0,0.0
365,Myles Turner,IND,51,23,28,29.9,43.7,3.2,0.9,1.7,51.7,0.4,0.5,74.1,2.3,70.1,1.0,32.3,0.2,15.1,0.1,3.7,0.3,8.5
366,Naji Marshall,NOP,55,28,27,24.8,40.7,0.4,0.1,0.2,77.8,0.1,0.1,100.0,0.3,85.7,0.2,47.6,0.1,60.0,0.0,0.0,0.0,9.5
367,Nassir Little,POR,38,19,19,17.2,20.7,0.2,0.1,0.1,66.7,0.1,0.1,50.0,0.2,87.5,0.1,25.0,0.0,50.0,0.0,12.5,0.1,25.0
368,Nathan Knight,MIN,33,16,17,8.1,11.7,0.5,0.1,0.2,80.0,0.0,0.1,50.0,0.3,73.3,0.2,46.7,0.1,28.6,0.0,6.7,0.0,6.7
369,Naz Reid,MIN,53,25,28,17.7,34.4,1.8,0.5,0.8,60.0,0.2,0.3,78.6,1.3,71.3,0.7,40.4,0.1,13.2,0.1,3.2,0.1,7.4
370,Neemias Queta,SAC,4,1,3,6.1,7.8,0.8,0.3,0.3,100.0,0.0,0.0,0.0,0.5,66.7,0.5,66.7,0.0,0.0,0.0,0.0,0.0,0.0
371,Nerlens Noel,DET,14,2,12,10.8,14.0,1.4,0.1,0.7,10.0,0.0,0.0,0.0,0.1,10.5,0.6,42.1,0.1,12.5,0.1,5.3,0.0,0.0
372,Nic Claxton,BKN,54,30,24,29.5,39.3,3.6,0.7,1.1,62.3,0.1,0.3,44.4,1.6,43.5,2.1,57.5,0.3,14.4,0.2,4.7,0.2,4.7
373,Nick Richards,CHA,45,12,33,17.3,21.7,1.5,0.4,0.7,56.7,0.2,0.3,66.7,1.0,71.2,0.5,31.8,0.1,14.3,0.1,4.5,0.2,12.1
374,Nickeil Alexander-Walker,MIN,38,18,20,14.1,29.1,0.2,0.0,0.1,33.3,0.1,0.1,100.0,0.1,66.7,0.1,33.3,0.0,0.0,0.0,0.0,0.0,16.7
375,Nicolas Batum,LAC,57,33,24,21.7,28.8,0.5,0.1,0.1,100.0,0.0,0.1,50.0,0.1,29.6,0.4,77.8,0.0,0.0,0.0,0.0,0.0,7.4
376,Nikola Jokic,DEN,52,39,13,33.6,99.7,9.9,2.4,3.5,68.3,0.5,0.6,80.6,5.4,54.8,5.4,54.3,1.5,27.5,0.5,4.7,0.3,2.9
377,Nikola Jovic,MIA,15,7,8,13.6,23.2,1.3,0.4,0.5,85.7,0.3,0.3,100.0,1.2,94.7,0.6,47.4,0.1,11.1,0.0,0.0,0.1,10.5
378,Nikola Vucevic,CHI,58,25,33,34.0,67.5,3.9,1.1,1.7,63.5,0.1,0.2,70.0,2.2,57.3,1.9,48.5,0.3,18.2,0.3,6.6,0.1,1.8
379,Noah Vonleh,BOS,23,17,6,7.5,9.5,0.3,0.0,0.0,0.0,0.0,0.0,0.0,0.0,0.0,0.2,71.4,0.1,40.0,0.0,0.0,0.0,0.0
380,Norman Powell,LAC,50,27,23,25.8,36.5,0.4,0.0,0.2,22.2,0.1,0.1,100.0,0.2,40.0,0.2,45.0,0.1,33.3,0.0,0.0,0.0,10.0
381,O.G. Anunoby,TOR,46,22,24,35.7,48.9,0.9,0.3,0.4,70.0,0.0,0.0,100.0,0.7,71.4,0.4,42.9,0.1,22.2,0.0,4.8,0.0,2.4
382,Obi Toppin,NYK,45,23,22,14.9,24.5,0.3,0.1,0.1,66.7,0.1,0.1,75.0,0.2,78.6,0.1,35.7,0.0,20.0,0.0,7.1,0.0,14.3
383,Ochai Agbaji,UTA,38,22,16,15.2,13.9,0.3,0.1,0.1,75.0,0.0,0.1,0.0,0.2,60.0,0.1,50.0,0.0,20.0,0.0,0.0,0.0,10.0
384,Onyeka Okongwu,ATL,57,29,28,23.9,30.7,2.9,0.9,1.6,58.4,0.4,0.5,71.4,2.2,74.4,0.9,31.0,0.1,13.5,0.1,4.8,0.2,8.3
385,Orlando Robinson,MIA,29,17,12,13.7,17.7,1.6,0.3,0.7,47.4,0.0,0.1,25.0,0.7,46.7,0.8,53.3,0.1,8.3,0.0,0.0,0.1,4.4
386,Oshae Brissett,IND,49,21,28,16.0,25.2,0.4,0.1,0.2,54.5,0.0,0.0,100.0,0.3,66.7,0.1,33.3,0.0,28.6,0.0,4.8,0.0,4.8
387,Otto Porter Jr.,TOR,8,4,4,18.3,26.1,0.4,0.0,0.0,0.0,0.0,0.0,0.0,0.0,0.0,0.0,0.0,0.0,0.0,0.1,33.3,0.0,0.0
388,Ousmane Dieng,OKC,19,8,11,15.0,18.1,0.6,0.3,0.3,100.0,0.1,0.1,50.0,0.6,109.1,0.2,27.3,0.1,66.7,0.0,0.0,0.1,9.1
389,P.J. Tucker,PHI,56,37,19,25.8,21.1,0.5,0.1,0.1,57.1,0.0,0.0,0.0,0.1,29.6,0.3,63.0,0.1,17.6,0.0,3.7,0.0,0.0
390,P.J. Washington,CHA,59,17,42,32.9,55.9,2.1,0.6,1.2,55.1,0.3,0.3,83.3,1.6,77.2,0.7,32.5,0.2,22.5,0.1,3.3,0.1,6.5
391,PJ Dozier,SAC,4,4,0,2.6,3.3,0.3,0.3,0.3,100.0,0.0,0.0,0.0,0.5,200.0,0.0,0.0,0.0,0.0,0.0,0.0,0.0,0.0
392,Paolo Banchero,ORL,53,22,31,33.7,64.1,1.0,0.2,0.5,48.1,0.2,0.3,81.3,0.7,75.0,0.3,30.8,0.0,6.3,0.0,0.0,0.2,15.4
393,Pascal Siakam,TOR,50,24,26,37.7,82.7,1.8,0.4,0.8,48.8,0.1,0.1,100.0,1.0,53.9,0.8,47.2,0.2,23.8,0.0,0.0,0.1,3.4
394,Pat Connaughton,MIL,41,28,13,25.4,35.8,0.4,0.1,0.1,75.0,0.0,0.0,0.0,0.1,40.0,0.2,66.7,0.0,0.0,0.0,0.0,0.0,0.0
395,Patrick Baldwin Jr.,GSW,17,5,12,8.2,13.3,0.1,0.0,0.0,0.0,0.0,0.0,0.0,0.0,0.0,0.0,0.0,0.0,0.0,0.0,0.0,0.0,0.0
396,Patrick Beverley,CHI,45,21,24,26.9,33.4,0.3,0.1,0.2,57.1,0.0,0.0,0.0,0.2,60.0,0.1,33.3,0.0,20.0,0.0,13.3,0.0,0.0
397,Patrick Williams,CHI,58,25,33,29.0,40.1,0.7,0.2,0.4,45.8,0.1,0.1,100.0,0.5,65.1,0.2,27.9,0.0,16.7,0.0,4.7,0.1,7.0
398,Patty Mills,BKN,36,18,18,13.3,18.7,0.1,0.0,0.1,33.3,0.0,0.0,0.0,0.1,50.0,0.0,25.0,0.0,0.0,0.0,0.0,0.0,0.0
399,Paul George,LAC,44,27,17,34.2,70.3,1.5,0.4,0.8,47.2,0.0,0.0,100.0,0.8,56.1,0.5,36.4,0.2,29.2,0.1,7.6,0.0,1.5
400,Paul Reed,PHI,45,29,16,9.5,12.0,0.7,0.2,0.4,58.8,0.0,0.0,0.0,0.4,60.6,0.2,33.3,0.0,9.1,0.1,12.1,0.0,3.0
401,Payton Pritchard,BOS,42,30,12,12.8,22.1,0.2,0.1,0.1,75.0,0.0,0.0,0.0,0.1,85.7,0.1,42.9,0.0,0.0,0.0,0.0,0.0,0.0
402,Peyton Watson,DEN,12,8,4,3.2,4.8,0.1,0.1,0.1,100.0,0.0,0.0,0.0,0.2,200.0,0.0,0.0,0.0,0.0,0.0,0.0,0.0,0.0
403,Precious Achiuwa,TOR,36,20,16,23.5,35.9,1.4,0.4,0.8,51.9,0.1,0.1,75.0,0.9,65.3,0.5,36.7,0.0,5.6,0.0,2.0,0.1,4.1
404,Quentin Grimes,NYK,49,27,22,30.2,32.0,0.4,0.2,0.2,66.7,0.1,0.1,100.0,0.4,90.9,0.1,27.3,0.1,50.0,0.0,4.5,0.0,9.1
405,Quenton Jackson,WAS,3,2,1,2.6,3.7,0.0,0.0,0.0,0.0,0.0,0.0,0.0,0.0,0.0,0.0,0.0,0.0,0.0,0.0,0.0,0.0,0.0
406,R.J. Hampton,DET,26,7,19,13.9,23.6,0.3,0.1,0.1,66.7,0.0,0.0,0.0,0.2,57.1,0.2,57.1,0.0,25.0,0.0,0.0,0.0,0.0
407,RJ Barrett,NYK,53,28,25,34.5,51.6,1.2,0.4,0.7,59.0,0.1,0.2,87.5,1.0,85.9,0.4,31.3,0.1,25.0,0.0,1.6,0.1,6.3
408,Raul Neto,CLE,39,26,13,10.3,20.1,0.1,0.0,0.0,100.0,0.0,0.0,0.0,0.1,66.7,0.1,66.7,0.0,50.0,0.0,0.0,0.0,0.0
409,Reggie Bullock,DAL,59,31,28,30.3,33.7,0.2,0.1,0.1,83.3,0.0,0.0,0.0,0.2,90.9,0.1,36.4,0.0,25.0,0.0,9.1,0.0,0.0
410,Reggie Jackson,DEN,53,29,24,25.6,51.9,0.4,0.1,0.1,57.1,0.1,0.1,100.0,0.2,57.1,0.2,47.6,0.1,30.0,0.0,9.5,0.0,9.5
411,Richaun Holmes,SAC,34,17,17,8.9,10.4,1.3,0.5,0.6,76.2,0.1,0.1,100.0,1.0,75.6,0.5,40.0,0.0,5.6,0.1,6.7,0.0,2.2
412,Ricky Rubio,CLE,14,10,4,16.8,41.3,0.4,0.0,0.1,0.0,0.0,0.0,0.0,0.0,0.0,0.2,60.0,0.1,66.7,0.1,20.0,0.0,0.0
413,Robert Covington,LAC,36,15,21,16.2,28.7,0.3,0.0,0.0,0.0,0.0,0.1,50.0,0.0,11.1,0.2,66.7,0.1,66.7,0.0,11.1,0.0,11.1
414,Robert Williams III,BOS,24,16,8,23.7,31.3,1.2,0.2,0.4,50.0,0.0,0.0,0.0,0.5,37.9,0.7,58.6,0.2,29.4,0.1,6.9,0.0,0.0
415,Robin Lopez,CLE,30,22,8,7.9,8.6,1.1,0.2,0.5,50.0,0.1,0.1,100.0,0.6,55.9,0.4,35.3,0.1,16.7,0.1,11.8,0.1,5.9
416,Rodney McGruder,DET,21,3,18,10.4,10.6,0.1,0.0,0.0,100.0,0.0,0.0,0.0,0.1,66.7,0.1,66.7,0.0,50.0,0.0,0.0,0.0,0.0
417,Romeo Langford,SAS,31,10,21,20.3,23.2,0.4,0.1,0.2,50.0,0.1,0.1,100.0,0.3,61.5,0.2,46.2,0.0,16.7,0.0,0.0,0.0,7.7
418,Ron Harper Jr.,TOR,3,2,1,3.1,4.0,0.0,0.0,0.0,0.0,0.0,0.0,0.0,0.0,0.0,0.0,0.0,0.0,0.0,0.0,0.0,0.0,0.0
419,Royce O'Neale,BKN,55,31,24,33.4,63.4,0.4,0.0,0.1,50.0,0.0,0.0,0.0,0.1,23.8,0.3,76.2,0.1,43.8,0.0,4.8,0.0,0.0
420,Rudy Gay,UTA,45,24,21,14.4,22.2,0.4,0.1,0.2,85.7,0.1,0.1,100.0,0.4,84.2,0.2,47.4,0.0,11.1,0.0,0.0,0.0,5.3
421,Rudy Gobert,MIN,50,23,27,30.5,42.6,3.5,0.8,1.4,58.8,0.4,0.7,62.9,2.2,61.0,1.5,41.8,0.3,18.9,0.2,6.2,0.3,9.6
422,Rui Hachimura,LAL,42,23,19,24.8,34.0,0.8,0.3,0.6,50.0,0.0,0.0,0.0,0.6,72.7,0.2,27.3,0.1,44.4,0.0,0.0,0.0,0.0
423,Russell Westbrook,LAC,52,25,27,28.7,62.9,0.5,0.1,0.3,28.6,0.0,0.0,100.0,0.2,45.8,0.1,20.8,0.0,40.0,0.0,0.0,0.0,4.2
424,Ryan Arcidiacono,POR,14,8,6,5.0,11.1,0.1,0.0,0.0,0.0,0.0,0.0,0.0,0.0,0.0,0.1,100.0,0.0,0.0,0.0,0.0,0.0,0.0
425,Ryan Rollins,GSW,12,5,7,5.2,11.6,0.1,0.0,0.0,0.0,0.0,0.0,0.0,0.0,0.0,0.0,0.0,0.0,0.0,0.1,100.0,0.0,0.0
426,Saben Lee,PHX,20,12,8,14.7,33.9,0.3,0.0,0.0,0.0,0.0,0.0,0.0,0.0,0.0,0.3,100.0,0.2,60.0,0.0,0.0,0.0,0.0
427,Saddiq Bey,ATL,53,12,41,28.5,40.0,0.5,0.1,0.3,50.0,0.1,0.1,100.0,0.3,62.1,0.2,41.4,0.0,8.3,0.0,3.4,0.0,6.9
428,Sam Hauser,BOS,58,41,17,15.8,18.8,0.2,0.1,0.1,50.0,0.0,0.0,0.0,0.1,50.0,0.1,50.0,0.1,50.0,0.0,0.0,0.0,0.0
429,Sandro Mamukelashvili,MIL,24,17,7,9.0,13.4,0.4,0.0,0.1,0.0,0.0,0.0,0.0,0.0,0.0,0.3,77.8,0.0,0.0,0.0,0.0,0.0,0.0
430,Santi Aldama,MEM,55,32,23,22.0,29.1,0.7,0.2,0.3,61.1,0.1,0.1,50.0,0.5,65.0,0.3,40.0,0.1,25.0,0.0,5.0,0.0,2.5
431,Scottie Barnes,TOR,57,27,30,35.3,74.1,2.4,0.4,0.9,51.0,0.2,0.2,83.3,1.1,45.3,1.3,54.0,0.2,18.9,0.1,4.4,0.1,4.4
432,Scotty Pippen Jr.,LAL,6,1,5,5.3,12.0,0.3,0.0,0.2,0.0,0.0,0.0,0.0,0.0,0.0,0.2,50.0,0.0,0.0,0.0,0.0,0.0,0.0
433,Serge Ibaka,MIL,16,11,5,11.6,13.5,1.0,0.1,0.3,50.0,0.0,0.0,0.0,0.3,25.0,0.7,68.8,0.0,0.0,0.1,6.3,0.0,0.0
434,Seth Curry,BKN,40,27,13,22.8,36.2,0.2,0.0,0.1,33.3,0.0,0.0,0.0,0.1,25.0,0.1,62.5,0.0,0.0,0.0,0.0,0.0,0.0
435,Shaedon Sharpe,POR,58,27,31,20.3,20.8,0.4,0.1,0.2,53.8,0.0,0.0,0.0,0.2,66.7,0.1,28.6,0.0,0.0,0.0,4.8,0.0,0.0
436,Shai Gilgeous-Alexander,OKC,54,25,29,35.5,73.4,0.7,0.4,0.5,74.1,0.1,0.1,83.3,0.9,117.9,0.1,12.8,0.0,20.0,0.0,5.1,0.1,7.7
437,Shake Milton,PHI,54,39,15,21.2,40.8,0.3,0.1,0.1,75.0,0.0,0.0,50.0,0.2,92.9,0.1,21.4,0.0,66.7,0.0,7.1,0.0,7.1
438,Simone Fontecchio,UTA,32,18,14,9.8,12.3,0.2,0.1,0.1,66.7,0.0,0.0,0.0,0.1,57.1,0.1,42.9,0.0,0.0,0.0,0.0,0.0,0.0
439,Spencer Dinwiddie,BKN,57,30,27,34.1,63.9,0.2,0.0,0.1,66.7,0.0,0.0,0.0,0.1,36.4,0.1,72.7,0.0,25.0,0.0,0.0,0.0,0.0
440,Stanley Johnson,SAS,29,5,24,15.8,26.0,0.6,0.1,0.2,50.0,0.0,0.1,50.0,0.2,38.9,0.3,55.6,0.1,30.0,0.0,5.6,0.0,5.6
441,Stanley Umude,DET,1,0,1,2.1,3.0,0.0,0.0,0.0,0.0,0.0,0.0,0.0,0.0,0.0,0.0,0.0,0.0,0.0,0.0,0.0,0.0,0.0
442,Stephen Curry,GSW,37,19,18,34.9,79.5,0.6,0.3,0.3,91.7,0.1,0.1,100.0,0.7,118.2,0.1,18.2,0.0,25.0,0.1,9.1,0.0,4.5
443,Sterling Brown,LAL,4,2,2,6.1,6.0,0.0,0.0,0.0,0.0,0.0,0.0,0.0,0.0,0.0,0.0,0.0,0.0,0.0,0.0,0.0,0.0,0.0
444,Steven Adams,MEM,42,28,14,27.0,43.2,4.4,0.6,1.1,57.8,0.2,0.4,47.1,1.4,32.4,2.7,62.2,0.5,18.3,0.3,7.0,0.2,4.3
445,Svi Mykhailiuk,CHA,14,9,5,4.6,5.2,0.0,0.0,0.0,0.0,0.0,0.0,0.0,0.0,0.0,0.0,0.0,0.0,0.0,0.0,0.0,0.0,0.0
446,T.J. McConnell,IND,58,24,34,19.5,52.6,0.4,0.0,0.1,20.0,0.0,0.0,0.0,0.0,8.3,0.3,70.8,0.0,11.8,0.0,8.3,0.0,0.0
447,T.J. Warren,PHX,28,17,11,18.0,24.8,0.6,0.3,0.4,63.6,0.0,0.0,0.0,0.5,87.5,0.1,25.0,0.0,25.0,0.0,6.3,0.0,0.0
448,Taj Gibson,WAS,36,17,19,9.8,15.1,1.5,0.2,0.5,44.4,0.3,0.3,90.0,0.7,46.3,0.8,51.9,0.1,10.7,0.0,1.9,0.1,9.3
449,Talen Horton-Tucker,UTA,47,24,23,16.9,34.7,0.1,0.0,0.1,66.7,0.0,0.0,0.0,0.1,71.4,0.1,57.1,0.0,25.0,0.0,0.0,0.0,0.0
450,Tari Eason,HOU,58,13,45,19.4,30.2,0.7,0.1,0.3,35.3,0.2,0.3,73.3,0.4,52.4,0.2,28.6,0.1,25.0,0.1,7.1,0.1,16.7
451,Taurean Prince,MIN,37,21,16,21.3,28.0,0.2,0.1,0.1,50.0,0.0,0.0,0.0,0.1,44.4,0.1,55.6,0.0,20.0,0.0,0.0,0.0,0.0
452,Terance Mann,LAC,60,33,27,23.5,38.5,0.5,0.1,0.2,63.6,0.1,0.1,75.0,0.3,61.3,0.3,51.6,0.0,12.5,0.0,6.5,0.0,6.5
453,Terence Davis,SAC,45,25,20,13.9,21.4,0.1,0.0,0.0,100.0,0.0,0.0,0.0,0.0,40.0,0.1,80.0,0.0,50.0,0.0,0.0,0.0,0.0
454,Terrence Ross,PHX,43,16,27,22.5,22.8,0.2,0.0,0.1,40.0,0.0,0.0,0.0,0.1,57.1,0.0,14.3,0.0,0.0,0.0,14.3,0.0,0.0
455,Terry Rozier,CHA,49,13,36,35.6,74.3,0.6,0.1,0.3,30.8,0.1,0.1,100.0,0.3,50.0,0.2,32.1,0.0,22.2,0.0,7.1,0.1,10.7
456,Terry Taylor,CHI,26,9,17,8.8,10.4,0.2,0.0,0.0,0.0,0.0,0.1,50.0,0.0,20.0,0.1,60.0,0.0,33.3,0.0,0.0,0.0,20.0
457,Thaddeus Young,TOR,47,20,27,16.0,28.6,1.7,0.2,0.4,38.1,0.0,0.0,0.0,0.3,20.0,1.1,63.8,0.1,13.7,0.1,6.3,0.0,0.0
458,Thanasis Antetokounmpo,MIL,25,17,8,4.1,4.4,0.1,0.0,0.0,0.0,0.0,0.0,0.0,0.0,0.0,0.1,66.7,0.0,0.0,0.0,33.3,0.0,0.0
459,Theo Maledon,CHA,36,10,26,16.1,36.7,0.1,0.0,0.0,0.0,0.0,0.0,0.0,0.0,0.0,0.1,100.0,0.0,33.3,0.0,0.0,0.0,0.0
460,Theo Pinson,DAL,33,16,17,7.2,14.0,0.2,0.0,0.1,50.0,0.0,0.1,50.0,0.1,60.0,0.1,40.0,0.0,50.0,0.0,0.0,0.0,20.0
461,Thomas Bryant,DEN,45,25,20,20.4,29.7,2.4,0.9,1.3,66.1,0.3,0.4,83.3,2.1,88.0,0.8,31.5,0.1,14.7,0.1,4.6,0.2,8.3
462,Tim Hardaway Jr.,DAL,55,32,23,30.2,44.7,0.4,0.1,0.2,63.6,0.0,0.0,50.0,0.3,78.3,0.2,47.8,0.1,27.3,0.0,0.0,0.0,4.3
463,Tobias Harris,PHI,54,36,18,33.6,50.8,0.8,0.2,0.5,48.0,0.0,0.0,0.0,0.5,59.5,0.3,33.3,0.1,35.7,0.0,4.8,0.0,0.0
464,Tony Bradley,CHI,11,4,7,2.9,5.2,0.0,0.0,0.0,0.0,0.0,0.0,0.0,0.0,0.0,0.0,0.0,0.0,0.0,0.0,0.0,0.0,0.0
465,Torrey Craig,PHX,57,31,26,25.9,33.3,0.7,0.2,0.4,52.2,0.1,0.1,83.3,0.5,75.0,0.2,27.5,0.1,36.4,0.1,7.5,0.1,7.5
466,Trae Young,ATL,52,27,25,35.4,81.2,0.5,0.1,0.1,71.4,0.0,0.0,100.0,0.2,50.0,0.2,45.8,0.0,9.1,0.1,20.8,0.0,4.2
467,Tre Jones,SAS,51,14,37,29.3,68.7,0.4,0.1,0.1,83.3,0.0,0.0,100.0,0.2,66.7,0.2,55.6,0.1,30.0,0.0,5.6,0.0,5.6
468,Tre Mann,OKC,52,25,27,18.3,30.9,0.1,0.1,0.1,60.0,0.0,0.0,0.0,0.1,85.7,0.0,28.6,0.0,50.0,0.0,0.0,0.0,0.0
469,Trendon Watford,POR,43,21,22,16.3,30.1,1.1,0.2,0.3,60.0,0.1,0.1,75.0,0.5,45.7,0.5,50.0,0.2,34.8,0.1,8.7,0.0,4.3
470,Trent Forrest,ATL,18,6,12,13.3,22.3,0.2,0.1,0.1,100.0,0.0,0.0,0.0,0.2,100.0,0.1,50.0,0.1,50.0,0.0,0.0,0.0,0.0
471,Trevelin Queen,IND,7,2,5,10.0,17.3,0.6,0.0,0.3,0.0,0.0,0.0,0.0,0.0,0.0,0.3,50.0,0.0,0.0,0.0,0.0,0.0,0.0
472,Trevor Hudgins,HOU,4,0,4,6.7,15.0,0.0,0.0,0.0,0.0,0.0,0.0,0.0,0.0,0.0,0.0,0.0,0.0,0.0,0.0,0.0,0.0,0.0
473,Trevor Keels,NYK,1,1,0,1.0,2.0,0.0,0.0,0.0,0.0,0.0,0.0,0.0,0.0,0.0,0.0,0.0,0.0,0.0,0.0,0.0,0.0,0.0
474,Trey Lyles,SAC,52,30,22,16.0,25.2,0.3,0.0,0.1,25.0,0.0,0.0,100.0,0.1,30.8,0.2,61.5,0.0,0.0,0.0,0.0,0.0,7.7
475,Trey Murphy III,NOP,57,27,30,29.2,34.0,0.5,0.2,0.2,64.3,0.1,0.1,100.0,0.4,96.2,0.1,19.2,0.0,0.0,0.1,11.5,0.0,7.7
476,Troy Brown Jr.,LAL,54,25,29,24.0,25.9,0.6,0.1,0.2,36.4,0.1,0.1,100.0,0.3,45.2,0.2,41.9,0.0,15.4,0.0,6.5,0.0,6.5
477,Ty Jerome,GSW,37,15,22,18.2,39.3,0.2,0.1,0.1,100.0,0.0,0.0,0.0,0.2,66.7,0.1,44.4,0.0,0.0,0.0,11.1,0.0,0.0
478,TyTy Washington Jr.,HOU,23,3,20,12.7,25.3,0.1,0.0,0.1,33.3,0.0,0.0,0.0,0.1,66.7,0.0,0.0,0.0,0.0,0.0,0.0,0.0,0.0
479,Tyler Dorsey,DAL,3,2,1,2.8,2.3,0.3,0.3,0.3,100.0,0.0,0.0,0.0,0.7,200.0,0.0,0.0,0.0,0.0,0.0,0.0,0.0,0.0
480,Tyler Herro,MIA,45,25,20,35.4,68.4,0.4,0.1,0.2,62.5,0.0,0.0,0.0,0.2,55.6,0.2,38.9,0.0,28.6,0.1,16.7,0.0,0.0
481,Tyrese Haliburton,IND,49,24,25,33.6,94.6,0.2,0.1,0.1,66.7,0.0,0.0,0.0,0.2,90.9,0.1,36.4,0.0,25.0,0.0,0.0,0.0,0.0
482,Tyrese Martin,ATL,13,8,5,3.5,4.6,0.1,0.1,0.1,100.0,0.0,0.0,0.0,0.2,200.0,0.0,0.0,0.0,0.0,0.0,0.0,0.0,0.0
483,Tyrese Maxey,PHI,39,26,13,32.9,68.4,0.2,0.1,0.2,66.7,0.0,0.0,0.0,0.3,142.9,0.0,14.3,0.0,100.0,0.0,0.0,0.0,0.0
484,Tyus Jones,MEM,58,35,23,23.0,50.9,0.1,0.0,0.0,100.0,0.0,0.0,0.0,0.0,33.3,0.0,16.7,0.0,0.0,0.1,50.0,0.0,0.0
485,Udoka Azubuike,UTA,24,13,11,5.7,5.1,0.4,0.1,0.2,50.0,0.0,0.1,0.0,0.2,44.4,0.1,22.2,0.0,50.0,0.1,22.2,0.0,11.1
486,Udonis Haslem,MIA,6,3,3,7.9,9.8,0.8,0.0,0.3,0.0,0.2,0.3,50.0,0.2,20.0,0.3,40.0,0.0,0.0,0.0,0.0,0.2,20.0
487,Usman Garuba,HOU,51,12,39,13.6,20.2,1.2,0.1,0.3,42.9,0.1,0.1,50.0,0.3,24.2,0.7,59.7,0.1,13.5,0.1,11.3,0.1,4.8
488,Vernon Carey Jr.,WAS,11,8,3,2.6,4.0,0.2,0.0,0.0,0.0,0.0,0.0,0.0,0.0,0.0,0.2,100.0,0.0,0.0,0.0,0.0,0.0,0.0
489,Victor Oladipo,MIA,26,17,9,28.4,52.7,0.2,0.0,0.0,0.0,0.1,0.1,100.0,0.1,40.0,0.1,60.0,0.0,0.0,0.0,0.0,0.0,20.0
490,Vince Williams Jr.,MEM,9,5,4,5.4,5.9,0.0,0.0,0.0,0.0,0.0,0.0,0.0,0.0,0.0,0.0,0.0,0.0,0.0,0.0,0.0,0.0,0.0
491,Vit Krejci,ATL,21,10,11,5.7,6.5,0.1,0.0,0.0,0.0,0.0,0.1,50.0,0.0,33.3,0.0,33.3,0.0,0.0,0.0,0.0,0.0,33.3
492,Vlatko Cancar,DEN,45,31,14,16.2,22.5,1.1,0.2,0.2,72.7,0.1,0.1,100.0,0.5,46.0,0.7,62.0,0.1,19.4,0.1,6.0,0.0,4.0
493,Walker Kessler,UTA,58,28,30,21.5,22.1,1.7,0.5,0.8,62.2,0.1,0.3,43.8,1.1,65.7,0.7,39.4,0.1,17.9,0.1,6.1,0.1,8.1
494,Wendell Carter Jr.,ORL,40,17,23,30.1,53.6,3.9,0.7,1.2,59.6,0.1,0.1,75.0,1.5,38.1,2.3,59.4,0.5,22.8,0.2,5.2,0.1,1.9
495,Wendell Moore Jr.,MIN,24,13,11,5.8,10.0,0.2,0.0,0.0,100.0,0.1,0.1,100.0,0.2,100.0,0.0,25.0,0.0,0.0,0.0,25.0,0.0,25.0
496,Wenyen Gabriel,LAL,47,23,24,15.2,20.2,1.5,0.4,0.7,63.6,0.0,0.1,16.7,1.0,67.1,0.6,37.1,0.0,7.7,0.1,5.7,0.1,4.3
497,Wesley Matthews,MIL,39,29,10,15.6,14.6,0.2,0.0,0.0,0.0,0.1,0.1,100.0,0.1,25.0,0.2,75.0,0.1,33.3,0.0,0.0,0.0,12.5
498,Will Barton,WAS,40,18,22,19.6,32.2,0.3,0.0,0.1,20.0,0.1,0.1,100.0,0.1,36.4,0.1,36.4,0.0,25.0,0.0,9.1,0.0,9.1
499,Willy Hernangomez,NOP,29,16,13,12.8,24.4,2.2,0.5,0.8,63.6,0.3,0.4,75.0,1.3,57.8,1.1,48.4,0.2,22.6,0.2,7.8,0.2,9.4
500,Xavier Tillman,MEM,39,24,15,15.2,23.9,3.4,0.6,1.0,57.5,0.0,0.1,50.0,1.2,36.1,2.2,64.7,0.4,17.4,0.1,3.8,0.0,0.8
501,Yuta Watanabe,BKN,43,23,20,17.9,18.7,0.4,0.1,0.1,60.0,0.0,0.0,0.0,0.1,33.3,0.3,72.2,0.1,30.8,0.0,0.0,0.0,0.0
502,Zach Collins,SAS,48,13,35,21.5,35.3,3.7,1.0,1.5,67.6,0.1,0.1,66.7,2.1,55.9,1.8,48.0,0.5,26.7,0.3,7.3,0.1,1.7
503,Zach LaVine,CHI,54,24,30,36.0,63.0,0.5,0.1,0.3,46.7,0.1,0.1,100.0,0.3,62.1,0.1,20.7,0.0,0.0,0.1,13.8,0.0,6.9
504,Zeke Nnaji,DEN,43,29,14,13.5,12.5,1.1,0.2,0.3,72.7,0.1,0.1,75.0,0.5,41.7,0.8,72.9,0.1,8.6,0.0,0.0,0.0,4.2
505,Ziaire Williams,MEM,28,16,12,17.4,19.0,0.2,0.0,0.1,33.3,0.1,0.1,100.0,0.2,100.0,0.0,20.0,0.0,0.0,0.0,0.0,0.0,20.0
506,Zion Williamson,NOP,29,17,12,33.0,66.0,1.8,0.8,1.0,73.3,0.2,0.4,41.7,1.8,100.0,0.4,21.6,0.1,18.2,0.1,7.8,0.2,11.8
