,PLAYER,TEAM,GP,W,L,MIN,Touches,Paint Touches,FGM,FGA,FG%,FTM,FTA,FT%,PTS,PTS%,Pass,Pass%,AST,AST%,TO,TOV%,PF,PF%
0,A.J. Lawson,DAL,12,5,7,4.2,4.1,0.1,0.1,0.1,100.0,0.0,0.0,0.0,0.2,200.0,0.0,0.0,0.0,0.0,0.0,0.0,0.0,0.0
1,AJ Green,MIL,25,19,6,8.9,10.9,0.4,0.1,0.2,75.0,0.1,0.1,100.0,0.3,88.9,0.1,33.3,0.0,11.1,0.0,11.1,0.0,11.1
2,AJ Griffin,ATL,54,25,29,20.5,22.1,0.6,0.3,0.4,70.0,0.0,0.0,50.0,0.5,87.9,0.2,33.3,0.1,9.1,0.0,3.0,0.0,3.0
3,Aaron Gordon,DEN,49,35,14,30.3,42.8,7.0,3.6,4.8,75.0,0.9,1.6,56.6,8.2,118.5,0.9,12.9,0.2,2.9,0.2,3.2,0.7,10.3
4,Aaron Holiday,ATL,49,26,23,14.6,21.2,0.4,0.1,0.2,41.7,0.0,0.0,100.0,0.2,57.1,0.1,33.3,0.0,0.0,0.0,0.0,0.0,4.8
5,Aaron Nesmith,IND,52,21,31,24.4,34.3,1.1,0.4,0.6,57.6,0.2,0.2,100.0,0.9,83.6,0.2,18.2,0.0,3.6,0.1,9.1,0.1,5.5
6,Aaron Wiggins,OKC,45,24,21,18.6,21.3,1.9,0.7,1.1,64.6,0.2,0.2,81.8,1.6,82.8,0.6,29.9,0.2,9.2,0.1,5.7,0.1,5.7
7,Admiral Schofield,ORL,27,11,16,13.0,20.0,1.0,0.4,0.7,61.1,0.0,0.1,50.0,0.9,82.1,0.3,28.6,0.1,7.1,0.0,0.0,0.0,3.6
8,Al Horford,BOS,44,31,13,30.7,46.4,2.7,0.7,1.3,55.4,0.1,0.1,75.0,1.5,55.0,1.1,41.7,0.3,10.8,0.2,5.8,0.0,1.7
9,Alec Burks,DET,44,12,32,22.2,34.7,0.4,0.1,0.2,44.4,0.0,0.0,0.0,0.2,56.3,0.1,37.5,0.0,6.3,0.0,6.3,0.0,0.0
10,Aleksej Pokusevski,OKC,31,15,16,21.9,44.4,3.4,1.2,2.1,54.5,0.1,0.2,66.7,2.5,72.4,0.8,23.8,0.1,1.9,0.2,6.7,0.1,2.9
11,Alex Caruso,CHI,47,19,28,24.2,46.2,1.2,0.3,0.5,60.0,0.1,0.1,83.3,0.7,62.5,0.5,42.9,0.2,17.9,0.0,3.6,0.1,5.4
12,Alex Len,SAC,13,8,5,3.5,6.5,0.8,0.3,0.3,100.0,0.1,0.2,50.0,0.7,81.8,0.5,54.5,0.1,9.1,0.0,0.0,0.1,9.1
13,Alize Johnson,SAS,4,1,3,7.4,11.5,1.0,0.0,0.3,0.0,0.0,0.0,0.0,0.0,0.0,0.5,50.0,0.0,0.0,0.3,25.0,0.0,0.0
14,Alondes Williams,BKN,1,1,0,5.3,9.0,0.0,0.0,0.0,0.0,0.0,0.0,0.0,0.0,0.0,0.0,0.0,0.0,0.0,0.0,0.0,0.0,0.0
15,Alperen Sengun,HOU,52,10,42,28.4,53.9,7.3,2.5,4.2,59.4,0.5,0.7,70.6,5.6,76.7,2.0,26.7,0.6,8.1,0.5,6.3,0.3,3.4
16,Amir Coffey,LAC,39,20,19,14.6,15.8,0.3,0.1,0.1,50.0,0.0,0.0,0.0,0.1,33.3,0.2,50.0,0.0,8.3,0.0,0.0,0.0,0.0
17,Andre Drummond,CHI,44,19,25,13.0,18.5,4.8,2.0,3.2,64.7,0.4,1.0,40.5,4.6,96.2,0.6,13.4,0.2,3.3,0.3,6.7,0.5,10.0
18,Andre Iguodala,GSW,2,0,2,12.3,21.0,1.0,0.5,0.5,100.0,0.0,0.0,0.0,1.0,100.0,0.5,50.0,0.0,0.0,0.0,0.0,0.0,0.0
19,Andrew Nembhard,IND,52,22,30,27.2,44.3,0.7,0.2,0.3,57.1,0.0,0.0,0.0,0.3,50.0,0.3,52.9,0.1,11.8,0.0,5.9,0.0,0.0
20,Andrew Wiggins,GSW,36,18,18,32.3,46.2,3.3,1.5,2.4,63.5,0.2,0.3,50.0,3.3,99.2,0.6,18.6,0.1,3.4,0.0,0.8,0.1,4.2
21,Anfernee Simons,POR,55,27,28,35.7,69.5,0.6,0.3,0.4,68.2,0.0,0.0,0.0,0.5,93.8,0.2,28.1,0.0,3.1,0.0,3.1,0.0,0.0
22,Anthony Davis,LAL,34,15,19,33.5,68.0,11.4,5.3,7.6,70.2,2.6,3.1,84.9,13.6,118.8,1.3,11.3,0.2,1.8,0.5,4.1,1.4,12.3
23,Anthony Edwards,MIN,60,31,29,36.2,72.9,1.0,0.4,0.5,74.2,0.0,0.1,50.0,0.8,87.7,0.3,33.3,0.0,3.5,0.0,3.5,0.0,3.5
24,Anthony Gill,WAS,40,16,24,10.2,10.2,1.2,0.8,0.9,83.3,0.1,0.1,75.0,1.6,130.6,0.2,16.3,0.0,0.0,0.0,2.0,0.0,2.0
25,Anthony Lamb,GSW,41,22,19,19.2,32.5,1.8,0.5,0.8,64.5,0.1,0.1,75.0,1.0,58.1,0.9,48.6,0.2,12.2,0.1,4.1,0.0,2.7
26,Austin Reaves,LAL,40,18,22,28.0,35.8,1.1,0.3,0.5,61.1,0.2,0.2,100.0,0.7,65.9,0.5,47.7,0.1,9.1,0.0,2.3,0.1,6.8
27,Austin Rivers,MIN,45,23,22,21.1,24.8,0.1,0.0,0.1,50.0,0.0,0.0,0.0,0.1,66.7,0.0,16.7,0.0,0.0,0.0,0.0,0.0,0.0
28,Ayo Dosunmu,CHI,54,25,29,28.1,48.3,0.8,0.3,0.5,64.3,0.1,0.1,100.0,0.8,102.4,0.1,19.5,0.0,2.4,0.0,4.9,0.0,4.9
29,Bam Adebayo,MIA,53,29,24,35.3,64.9,8.1,3.2,5.3,61.6,0.9,1.1,81.0,7.5,92.5,1.7,21.0,0.2,2.3,0.3,3.7,0.5,6.8
30,Ben Simmons,BKN,41,23,18,26.5,61.7,4.0,1.7,2.3,70.8,0.1,0.2,30.0,3.4,84.9,1.3,33.1,0.3,7.8,0.2,4.2,0.1,3.0
31,Bennedict Mathurin,IND,59,25,34,28.3,42.4,1.9,0.7,1.2,63.8,0.3,0.4,83.3,1.9,100.0,0.3,17.0,0.0,0.0,0.1,2.7,0.2,10.7
32,Bismack Biyombo,PHX,45,25,20,14.0,22.9,4.5,1.4,2.3,60.2,0.2,0.7,32.3,3.0,66.8,1.4,31.7,0.2,3.5,0.2,5.4,0.3,6.4
33,Blake Griffin,BOS,24,16,8,13.4,19.0,2.0,0.8,1.0,75.0,0.2,0.3,50.0,1.7,85.4,0.7,35.4,0.1,6.3,0.0,2.1,0.2,8.3
34,Blake Wesley,SAS,13,2,11,13.3,26.2,0.6,0.1,0.3,25.0,0.2,0.3,50.0,0.3,50.0,0.2,25.0,0.0,0.0,0.0,0.0,0.1,12.5
35,Boban Marjanovic,HOU,18,1,17,4.2,5.6,1.1,0.7,0.7,92.3,0.3,0.3,83.3,1.7,155.0,0.1,5.0,0.0,0.0,0.1,5.0,0.2,15.0
36,Bobby Portis,MIL,47,30,17,26.8,52.6,4.6,1.9,3.0,62.4,0.3,0.3,87.5,4.1,88.9,1.1,23.6,0.2,3.7,0.2,3.7,0.2,3.7
37,Bogdan Bogdanovic,ATL,33,16,17,30.0,43.3,0.6,0.1,0.3,44.4,0.1,0.1,100.0,0.3,50.0,0.3,50.0,0.1,15.0,0.0,0.0,0.0,5.0
38,Bojan Bogdanovic,DET,54,15,39,32.0,46.7,0.8,0.3,0.6,46.9,0.1,0.1,87.5,0.7,86.4,0.1,13.6,0.0,2.3,0.0,2.3,0.1,6.8
39,Bol Bol,ORL,53,21,32,23.3,24.9,2.1,1.4,1.7,83.3,0.2,0.3,64.3,3.1,143.4,0.1,6.2,0.0,1.8,0.1,5.3,0.1,5.3
40,Bones Hyland,LAC,42,28,14,19.5,47.1,0.3,0.0,0.1,40.0,0.0,0.0,100.0,0.1,42.9,0.1,42.9,0.0,0.0,0.0,7.1,0.0,7.1
41,Bradley Beal,WAS,34,18,16,32.8,66.5,1.8,0.7,1.0,65.7,0.2,0.3,80.0,1.7,93.4,0.5,29.5,0.1,6.6,0.1,3.3,0.1,8.2
42,Brandon Boston Jr.,LAC,20,7,13,12.2,21.1,0.5,0.1,0.4,28.6,0.1,0.1,50.0,0.3,50.0,0.1,10.0,0.1,10.0,0.0,0.0,0.1,10.0
43,Brandon Clarke,MEM,50,28,22,19.8,29.1,5.5,2.6,3.6,71.5,0.9,1.2,73.3,6.2,113.5,1.0,17.5,0.2,4.0,0.1,2.6,0.6,10.6
44,Brandon Ingram,NOP,23,12,11,32.1,64.7,0.9,0.3,0.5,66.7,0.0,0.0,0.0,0.7,76.2,0.3,28.6,0.0,0.0,0.0,4.8,0.0,0.0
45,Braxton Key,DET,3,0,3,3.0,3.3,0.0,0.0,0.0,0.0,0.0,0.0,0.0,0.0,0.0,0.0,0.0,0.0,0.0,0.0,0.0,0.0,0.0
46,Brook Lopez,MIL,55,38,17,30.4,33.9,5.3,2.3,3.4,67.2,0.8,1.1,79.3,5.6,105.5,0.9,16.8,0.1,2.7,0.3,5.8,0.5,8.9
47,Bruce Brown,DEN,57,40,17,28.8,53.1,1.7,0.6,0.9,66.0,0.2,0.3,82.4,1.5,85.9,0.6,34.3,0.2,9.1,0.0,2.0,0.1,8.1
48,Bruno Fernando,ATL,31,9,22,11.7,21.1,3.8,1.3,2.2,58.2,0.6,0.8,75.0,3.1,81.5,1.0,25.2,0.3,7.6,0.2,5.0,0.4,10.1
49,Bryce McGowens,CHA,25,7,18,14.3,15.0,0.6,0.2,0.3,62.5,0.0,0.0,0.0,0.4,71.4,0.2,35.7,0.0,0.0,0.0,0.0,0.0,0.0
50,Bryn Forbes,MIN,25,9,16,10.7,11.9,0.1,0.0,0.0,100.0,0.0,0.0,0.0,0.1,100.0,0.0,33.3,0.0,0.0,0.0,33.3,0.0,0.0
51,Buddy Boeheim,DET,1,0,1,1.0,0.0,0.0,0.0,0.0,0.0,0.0,0.0,0.0,0.0,0.0,0.0,0.0,0.0,0.0,0.0,0.0,0.0,0.0
52,Buddy Hield,IND,59,25,34,32.1,60.1,0.8,0.3,0.4,70.8,0.0,0.1,66.7,0.7,79.6,0.4,42.9,0.1,6.1,0.0,2.0,0.0,2.0
53,CJ McCollum,NOP,51,26,25,35.0,75.4,0.5,0.2,0.3,50.0,0.0,0.0,0.0,0.3,59.3,0.1,25.9,0.1,11.1,0.0,7.4,0.0,0.0
54,Cade Cunningham,DET,12,3,9,33.3,78.3,0.9,0.3,0.4,60.0,0.3,0.3,100.0,0.8,90.9,0.3,27.3,0.1,9.1,0.1,9.1,0.2,18.2
55,Caleb Houstan,ORL,33,12,21,16.3,13.8,0.8,0.3,0.5,50.0,0.1,0.1,100.0,0.6,76.9,0.2,19.2,0.0,3.8,0.0,3.8,0.0,3.8
56,Caleb Martin,MIA,48,26,22,30.3,39.5,2.5,0.7,1.1,62.7,0.3,0.3,75.0,1.6,64.4,1.1,44.9,0.2,7.6,0.1,2.5,0.2,6.8
57,Cam Reddish,POR,22,10,12,21.6,20.0,0.8,0.5,0.6,76.9,0.0,0.0,0.0,0.9,111.1,0.2,22.2,0.0,0.0,0.0,5.6,0.0,0.0
58,Cam Thomas,BKN,40,24,16,16.4,29.1,0.3,0.1,0.2,83.3,0.1,0.1,100.0,0.3,120.0,0.1,30.0,0.1,20.0,0.0,0.0,0.0,0.0
59,Cameron Johnson,BKN,19,13,6,25.5,34.7,1.1,0.5,0.8,60.0,0.2,0.3,66.7,1.2,104.8,0.1,9.5,0.0,0.0,0.0,0.0,0.2,14.3
60,Cameron Payne,PHX,28,15,13,24.0,57.8,0.3,0.1,0.1,75.0,0.0,0.0,0.0,0.2,75.0,0.1,50.0,0.1,25.0,0.0,0.0,0.0,0.0
61,Caris LeVert,CLE,54,33,21,30.5,49.9,1.1,0.2,0.4,45.8,0.1,0.2,70.0,0.6,49.2,0.5,44.3,0.1,4.9,0.1,4.9,0.1,8.2
62,Cedi Osman,CLE,58,37,21,21.0,30.2,0.8,0.3,0.5,70.4,0.0,0.0,50.0,0.7,88.6,0.2,27.3,0.0,2.3,0.0,2.3,0.0,2.3
63,Charles Bassey,SAS,25,5,20,13.6,22.4,4.1,1.7,2.2,78.2,0.7,1.0,75.0,4.2,102.9,1.0,23.5,0.1,2.0,0.4,8.8,0.4,9.8
64,Chima Moneke,SAC,2,1,1,4.0,6.5,1.5,0.5,1.0,50.0,0.0,0.0,0.0,1.0,66.7,0.5,33.3,0.5,33.3,0.0,0.0,0.0,0.0
65,Chimezie Metu,SAC,43,25,18,10.8,16.2,3.0,1.5,2.1,71.9,0.3,0.5,75.0,3.4,114.2,0.4,15.0,0.1,3.1,0.1,3.9,0.2,7.1
66,Chris Boucher,TOR,52,25,27,20.7,24.6,4.2,1.8,2.9,61.4,0.7,1.0,73.1,4.4,104.6,0.3,7.8,0.1,1.8,0.2,5.0,0.5,11.9
67,Chris Duarte,IND,35,13,22,19.2,28.2,0.5,0.1,0.2,62.5,0.1,0.1,100.0,0.3,70.6,0.1,17.6,0.0,0.0,0.1,23.5,0.0,5.9
68,Chris Paul,PHX,37,19,18,31.8,75.6,0.2,0.0,0.1,33.3,0.1,0.1,60.0,0.1,33.3,0.1,44.4,0.0,0.0,0.0,11.1,0.0,11.1
69,Chris Silva,DAL,1,1,0,3.0,4.0,0.0,0.0,0.0,0.0,0.0,0.0,0.0,0.0,0.0,0.0,0.0,0.0,0.0,0.0,0.0,0.0,0.0
70,Christian Braun,DEN,53,37,16,15.2,17.3,1.0,0.3,0.4,65.2,0.1,0.1,66.7,0.6,65.4,0.4,40.4,0.1,5.8,0.1,5.8,0.1,5.8
71,Christian Koloko,TOR,45,21,24,14.6,15.4,3.3,1.1,2.0,56.2,0.6,0.8,73.0,2.8,85.3,0.8,22.7,0.1,2.0,0.1,4.0,0.4,11.3
72,Christian Wood,DAL,47,26,21,27.8,49.2,4.6,1.9,2.9,66.9,0.6,0.8,76.3,4.6,100.9,0.8,17.7,0.0,0.9,0.3,7.0,0.3,7.4
73,Chuma Okeke,ORL,18,5,13,21.8,25.9,0.9,0.2,0.2,75.0,0.1,0.1,50.0,0.4,43.8,0.6,68.8,0.1,12.5,0.0,0.0,0.1,6.3
74,Clint Capela,ATL,42,23,19,26.9,37.1,10.4,4.9,7.6,64.5,0.8,1.3,61.8,10.7,103.0,1.6,15.3,0.1,0.9,0.3,3.0,0.6,5.9
75,Coby White,CHI,48,22,26,21.8,33.6,0.2,0.1,0.1,75.0,0.0,0.0,50.0,0.1,70.0,0.1,30.0,0.0,0.0,0.0,20.0,0.0,10.0
76,Cody Martin,CHA,7,2,5,19.1,21.4,1.1,0.3,0.4,66.7,0.0,0.0,0.0,0.6,50.0,0.7,62.5,0.0,0.0,0.0,0.0,0.0,0.0
77,Cole Anthony,ORL,39,18,21,25.0,53.7,0.9,0.3,0.4,70.6,0.2,0.2,87.5,0.8,91.4,0.3,31.4,0.0,2.9,0.0,2.9,0.1,11.4
78,Cole Swider,LAL,6,1,5,6.7,9.2,0.3,0.0,0.0,0.0,0.0,0.0,0.0,0.0,0.0,0.3,100.0,0.0,0.0,0.0,0.0,0.0,0.0
79,Collin Sexton,UTA,46,24,22,24.5,47.0,1.3,0.4,0.7,56.3,0.3,0.3,100.0,1.1,86.2,0.3,20.7,0.1,5.2,0.1,5.2,0.1,10.3
80,Corey Kispert,WAS,48,22,26,27.3,30.9,1.0,0.4,0.6,62.1,0.1,0.1,100.0,0.9,85.7,0.3,32.7,0.1,6.1,0.0,2.0,0.1,6.1
81,Cory Joseph,DET,39,10,29,15.8,33.7,0.2,0.1,0.1,40.0,0.0,0.0,0.0,0.1,66.7,0.0,16.7,0.0,0.0,0.0,0.0,0.0,0.0
82,D'Angelo Russell,LAL,56,28,28,32.9,83.1,0.8,0.3,0.4,56.0,0.0,0.0,100.0,0.6,68.9,0.3,37.8,0.1,8.9,0.0,2.2,0.0,2.2
83,Daishen Nix,HOU,41,11,30,15.5,35.0,0.2,0.1,0.1,100.0,0.0,0.0,100.0,0.2,88.9,0.1,44.4,0.0,11.1,0.0,11.1,0.0,11.1
84,Dalano Banton,TOR,25,13,12,9.7,21.9,0.8,0.5,0.7,76.5,0.0,0.0,0.0,1.0,130.0,0.0,5.0,0.0,0.0,0.0,5.0,0.0,0.0
85,Dalen Terry,CHI,20,10,10,3.6,5.5,0.2,0.1,0.2,33.3,0.0,0.0,0.0,0.1,50.0,0.0,0.0,0.0,0.0,0.1,25.0,0.0,0.0
86,Damian Jones,UTA,22,6,16,8.0,9.3,2.3,0.7,1.2,61.5,0.6,0.7,81.3,2.0,88.2,0.4,17.6,0.0,0.0,0.2,7.8,0.4,15.7
87,Damian Lillard,POR,45,23,22,36.1,87.7,0.6,0.2,0.2,70.0,0.0,0.0,0.0,0.3,56.0,0.2,40.0,0.0,4.0,0.1,12.0,0.0,0.0
88,Damion Lee,PHX,58,31,27,22.3,30.9,0.4,0.1,0.2,58.3,0.0,0.0,100.0,0.3,61.5,0.2,46.2,0.0,3.8,0.0,0.0,0.0,3.8
89,Daniel Gafford,WAS,54,24,30,18.8,26.6,5.3,2.6,3.3,79.2,0.8,1.2,63.1,6.2,117.5,0.9,16.1,0.1,2.1,0.3,5.6,0.6,11.2
90,Daniel Theis,IND,6,1,5,15.5,23.2,3.3,1.3,2.5,53.3,0.5,1.0,50.0,3.2,95.0,0.3,10.0,0.0,0.0,0.0,0.0,0.5,15.0
91,Danny Green,MEM,3,1,2,14.5,19.7,0.0,0.0,0.0,0.0,0.0,0.0,0.0,0.0,0.0,0.0,0.0,0.0,0.0,0.0,0.0,0.0,0.0
92,Danuel House Jr.,PHI,37,24,13,14.8,16.6,0.5,0.2,0.3,90.0,0.1,0.2,50.0,0.6,123.5,0.1,17.6,0.0,5.9,0.0,5.9,0.1,17.6
93,Dario Saric,OKC,37,17,20,14.4,22.4,1.8,0.6,1.1,59.0,0.3,0.4,85.7,1.7,91.2,0.5,25.0,0.0,1.5,0.1,4.4,0.2,8.8
94,Darius Bazley,PHX,36,16,20,15.4,23.9,2.1,0.6,1.1,55.0,0.3,0.4,62.5,1.5,73.3,0.6,28.0,0.1,5.3,0.1,6.7,0.2,9.3
95,Darius Days,HOU,2,0,2,3.0,6.0,0.0,0.0,0.0,0.0,0.0,0.0,0.0,0.0,0.0,0.0,0.0,0.0,0.0,0.0,0.0,0.0,0.0
96,Darius Garland,CLE,50,28,22,35.0,78.0,0.5,0.1,0.2,75.0,0.0,0.0,100.0,0.3,51.9,0.3,63.0,0.1,14.8,0.0,3.7,0.0,3.7
97,David Duke Jr.,BKN,16,7,9,8.8,11.9,0.4,0.1,0.2,33.3,0.1,0.1,100.0,0.3,57.1,0.2,42.9,0.0,0.0,0.0,0.0,0.1,14.3
98,David Roddy,MEM,46,29,17,17.8,19.9,0.9,0.4,0.6,70.4,0.1,0.2,75.0,1.0,110.0,0.2,20.0,0.0,2.5,0.0,0.0,0.1,10.0
99,Davion Mitchell,SAC,55,31,24,18.0,34.7,0.5,0.2,0.2,69.2,0.0,0.0,0.0,0.3,76.0,0.2,44.0,0.1,16.0,0.0,4.0,0.0,0.0
100,Davis Bertans,DAL,34,17,17,10.6,12.6,0.2,0.1,0.1,66.7,0.0,0.0,0.0,0.1,50.0,0.1,62.5,0.0,0.0,0.0,0.0,0.0,0.0
101,Davon Reed,LAL,36,23,13,9.0,16.4,0.4,0.1,0.1,50.0,0.0,0.0,0.0,0.1,30.8,0.1,38.5,0.0,0.0,0.1,23.1,0.0,0.0
102,Day'Ron Sharpe,BKN,32,16,16,10.2,16.4,3.3,1.1,2.0,57.1,0.3,0.4,78.6,2.6,79.0,0.8,24.8,0.1,2.9,0.2,5.7,0.2,6.7
103,De'Aaron Fox,SAC,51,31,20,33.9,79.2,0.7,0.3,0.4,83.3,0.1,0.1,83.3,0.7,94.6,0.2,21.6,0.1,10.8,0.1,8.1,0.1,8.1
104,De'Andre Hunter,ATL,48,27,21,32.1,38.7,1.2,0.4,0.7,57.1,0.2,0.2,80.0,1.0,87.5,0.2,17.9,0.1,7.1,0.1,5.4,0.1,8.9
105,De'Anthony Melton,PHI,53,35,18,28.4,51.5,1.3,0.2,0.4,56.5,0.1,0.1,83.3,0.6,45.6,0.6,48.5,0.1,8.8,0.1,7.4,0.1,4.4
106,DeAndre Jordan,DEN,34,21,13,14.6,19.1,3.8,1.9,2.4,80.5,0.4,0.8,50.0,4.3,113.1,0.5,12.3,0.1,3.1,0.3,6.9,0.4,10.0
107,DeMar DeRozan,CHI,52,24,28,36.3,61.1,0.6,0.2,0.4,45.0,0.0,0.0,0.0,0.4,63.3,0.2,26.7,0.0,6.7,0.0,0.0,0.0,0.0
108,Dean Wade,CLE,30,22,8,22.1,24.5,0.7,0.3,0.3,90.0,0.0,0.1,0.0,0.6,95.0,0.3,40.0,0.1,10.0,0.0,0.0,0.0,5.0
109,Deandre Ayton,PHX,49,23,26,30.0,53.3,11.5,5.0,7.8,64.0,1.3,1.8,71.6,11.6,100.2,1.9,16.3,0.5,4.2,0.4,3.5,0.8,6.9
110,Dejounte Murray,ATL,53,27,26,36.6,72.9,1.1,0.4,0.6,57.6,0.1,0.1,100.0,0.8,77.2,0.4,33.3,0.1,10.5,0.0,1.8,0.0,3.5
111,Delon Wright,WAS,27,17,10,22.0,44.9,0.8,0.1,0.2,66.7,0.1,0.1,100.0,0.4,45.5,0.4,54.5,0.0,4.5,0.1,9.1,0.0,4.5
112,Deni Avdija,WAS,54,25,29,26.5,44.0,2.2,0.6,1.3,47.2,0.3,0.3,93.3,1.6,72.0,0.6,25.4,0.2,7.6,0.1,5.1,0.1,5.9
113,Dennis Schroder,LAL,45,22,23,30.2,52.6,0.3,0.1,0.2,42.9,0.0,0.0,0.0,0.1,42.9,0.1,28.6,0.0,0.0,0.1,21.4,0.0,0.0
114,Dennis Smith Jr.,CHA,37,10,27,24.9,50.9,1.0,0.4,0.6,66.7,0.1,0.2,83.3,0.9,89.2,0.2,24.3,0.0,0.0,0.1,10.8,0.1,8.1
115,Deonte Burton,SAC,2,1,1,3.3,2.0,0.0,0.0,0.0,0.0,0.0,0.0,0.0,0.0,0.0,0.0,0.0,0.0,0.0,0.0,0.0,0.0,0.0
116,Dereon Seabron,NOP,4,2,2,1.9,2.3,0.3,0.3,0.3,100.0,0.0,0.0,0.0,0.5,200.0,0.0,0.0,0.0,0.0,0.0,0.0,0.0,0.0
117,Derrick Jones Jr.,CHI,45,17,28,15.1,20.0,2.4,0.9,1.6,57.1,0.3,0.4,65.0,2.2,89.8,0.5,21.3,0.1,5.6,0.1,3.7,0.2,9.3
118,Derrick Rose,NYK,26,11,15,12.9,27.6,0.4,0.2,0.3,55.6,0.0,0.1,50.0,0.4,100.0,0.0,9.1,0.0,0.0,0.0,0.0,0.0,9.1
119,Derrick White,BOS,57,41,16,27.5,45.6,1.1,0.3,0.5,55.2,0.1,0.1,75.0,0.7,63.3,0.4,38.3,0.1,11.7,0.1,5.0,0.1,6.7
120,Desmond Bane,MEM,34,21,13,31.2,60.8,0.9,0.4,0.6,59.1,0.1,0.1,100.0,0.9,96.9,0.2,18.8,0.0,3.1,0.0,3.1,0.1,6.3
121,Devin Booker,PHX,31,20,11,34.0,63.0,1.5,0.5,0.9,63.0,0.3,0.3,80.0,1.3,83.3,0.4,22.9,0.1,4.2,0.0,2.1,0.1,8.3
122,Devin Vassell,SAS,29,8,21,31.3,54.2,0.6,0.2,0.4,58.3,0.1,0.1,75.0,0.6,94.4,0.1,22.2,0.0,0.0,0.0,0.0,0.1,11.1
123,Devon Dotson,WAS,6,1,5,8.9,16.3,0.5,0.0,0.0,0.0,0.0,0.0,0.0,0.0,0.0,0.5,100.0,0.0,0.0,0.0,0.0,0.0,0.0
124,Devonte' Graham,SAS,56,27,29,16.1,30.7,0.1,0.1,0.1,100.0,0.0,0.0,0.0,0.1,75.0,0.0,25.0,0.0,12.5,0.1,37.5,0.0,0.0
125,Dewayne Dedmon,MIA,30,17,13,11.7,19.7,2.9,1.1,1.9,57.9,0.4,0.5,85.7,2.6,91.9,0.5,18.6,0.1,4.7,0.2,5.8,0.2,8.1
126,Dillon Brooks,MEM,51,31,20,30.4,42.5,0.8,0.4,0.6,59.4,0.0,0.0,100.0,0.8,97.7,0.1,16.3,0.0,0.0,0.1,7.0,0.0,2.3
127,Domantas Sabonis,SAC,54,31,23,34.5,82.6,9.5,3.3,4.8,67.4,1.6,2.0,79.4,8.3,87.2,2.8,29.8,0.8,8.0,0.4,4.5,0.9,9.3
128,Dominick Barlow,SAS,9,0,9,9.9,12.8,2.9,0.6,1.0,55.6,0.9,0.9,100.0,2.0,69.2,1.1,38.5,0.1,3.8,0.2,7.7,0.3,11.5
129,Donovan Mitchell,CLE,49,33,16,35.4,68.9,1.0,0.5,0.7,65.7,0.0,0.0,50.0,1.0,98.0,0.2,20.0,0.0,2.0,0.0,4.0,0.0,2.0
130,Donte DiVincenzo,GSW,46,26,20,25.1,47.1,1.3,0.4,0.6,58.6,0.0,0.0,0.0,0.7,55.7,0.5,39.3,0.0,3.3,0.1,4.9,0.0,0.0
131,Dorian Finney-Smith,BKN,43,20,23,32.2,39.9,2.0,0.7,0.9,74.4,0.1,0.1,83.3,1.5,74.7,1.0,47.1,0.1,5.7,0.1,3.4,0.1,3.4
132,Doug McDermott,SAS,49,14,35,20.4,28.0,0.9,0.4,0.6,63.3,0.0,0.0,0.0,0.8,93.0,0.2,18.6,0.0,2.3,0.0,4.7,0.0,0.0
133,Draymond Green,GSW,50,27,23,31.7,73.6,2.7,0.6,1.2,50.8,0.4,0.5,79.2,1.6,59.7,1.0,38.1,0.3,11.2,0.1,5.2,0.2,8.2
134,Drew Eubanks,POR,55,26,29,19.4,25.6,3.9,1.5,2.0,74.1,0.3,0.5,57.7,3.4,88.2,1.3,32.5,0.2,4.2,0.2,5.2,0.2,5.7
135,Dru Smith,BKN,8,4,4,12.1,20.5,0.5,0.1,0.1,100.0,0.0,0.0,0.0,0.3,50.0,0.4,75.0,0.0,0.0,0.0,0.0,0.0,0.0
136,Duane Washington Jr.,PHX,31,17,14,12.7,30.0,0.1,0.0,0.0,0.0,0.0,0.0,0.0,0.0,0.0,0.0,50.0,0.0,0.0,0.0,50.0,0.0,0.0
137,Duncan Robinson,MIA,28,14,14,17.9,25.0,0.5,0.1,0.3,57.1,0.1,0.1,100.0,0.5,100.0,0.1,30.8,0.0,7.7,0.0,0.0,0.1,15.4
138,Dwight Powell,DAL,54,30,24,19.7,24.3,5.7,2.2,2.9,75.3,0.9,1.2,71.9,5.4,95.8,1.7,29.3,0.2,4.2,0.3,5.9,0.6,9.8
139,Dyson Daniels,NOP,39,21,18,19.9,30.5,0.9,0.3,0.5,72.2,0.1,0.1,100.0,0.7,75.7,0.4,40.5,0.1,10.8,0.1,8.1,0.0,2.7
140,Edmond Sumner,BKN,46,28,18,14.5,24.6,0.6,0.3,0.4,76.5,0.0,0.0,100.0,0.7,106.9,0.2,27.6,0.1,13.8,0.0,6.9,0.0,3.4
141,Eric Gordon,LAC,47,12,35,30.2,41.8,0.4,0.2,0.3,71.4,0.1,0.1,100.0,0.5,115.8,0.0,10.5,0.0,0.0,0.0,0.0,0.0,10.5
142,Eugene Omoruyi,OKC,22,8,14,12.0,14.0,2.5,0.9,1.6,57.1,0.2,0.4,62.5,2.0,83.3,0.4,14.8,0.2,7.4,0.2,7.4,0.2,7.4
143,Evan Fournier,NYK,23,13,10,18.0,23.6,0.2,0.1,0.1,66.7,0.0,0.0,0.0,0.2,100.0,0.0,0.0,0.0,0.0,0.0,25.0,0.0,0.0
144,Evan Mobley,CLE,58,36,22,34.1,58.2,8.2,3.3,4.6,71.7,0.9,1.3,73.0,7.7,93.9,2.0,24.7,0.4,5.4,0.5,6.1,0.6,7.5
145,Facundo Campazzo,DAL,8,2,6,6.5,14.9,0.1,0.0,0.0,0.0,0.0,0.0,0.0,0.0,0.0,0.1,100.0,0.1,100.0,0.0,0.0,0.0,0.0
146,Frank Kaminsky,HOU,27,11,16,6.7,13.4,0.9,0.3,0.5,53.8,0.1,0.2,66.7,0.7,78.3,0.3,30.4,0.0,0.0,0.0,0.0,0.1,13.0
147,Frank Ntilikina,DAL,35,17,18,11.7,15.7,0.2,0.0,0.1,33.3,0.0,0.0,0.0,0.1,28.6,0.0,14.3,0.0,14.3,0.1,28.6,0.0,0.0
148,Franz Wagner,ORL,57,23,34,33.2,55.1,2.1,0.8,1.2,62.0,0.4,0.5,82.1,1.9,92.5,0.5,22.5,0.1,4.2,0.1,2.5,0.2,7.5
149,Fred VanVleet,TOR,49,23,26,37.0,84.6,0.3,0.1,0.2,66.7,0.0,0.0,0.0,0.2,92.3,0.1,30.8,0.0,15.4,0.0,0.0,0.0,0.0
150,Furkan Korkmaz,PHI,25,17,8,10.2,15.3,0.4,0.2,0.2,80.0,0.1,0.2,50.0,0.5,133.3,0.0,11.1,0.0,0.0,0.0,0.0,0.1,33.3
151,Gabe Vincent,MIA,44,25,19,26.1,44.1,0.5,0.1,0.2,75.0,0.1,0.1,100.0,0.4,80.0,0.2,40.0,0.0,5.0,0.0,10.0,0.0,0.0
152,Garrett Temple,NOP,18,11,7,7.2,9.4,0.2,0.1,0.1,50.0,0.0,0.0,0.0,0.1,66.7,0.1,33.3,0.0,0.0,0.0,0.0,0.0,0.0
153,Garrison Mathews,ATL,45,12,33,13.4,14.6,0.1,0.1,0.1,75.0,0.0,0.0,0.0,0.2,116.7,0.0,33.3,0.0,0.0,0.0,0.0,0.0,0.0
154,Gary Harris,ORL,29,12,17,24.6,21.9,0.6,0.2,0.3,70.0,0.1,0.1,100.0,0.6,88.9,0.1,22.2,0.0,0.0,0.0,5.6,0.0,5.6
155,Gary Payton II,GSW,15,8,7,17.0,23.0,1.8,0.7,1.1,62.5,0.0,0.0,0.0,1.3,74.1,0.6,33.3,0.0,0.0,0.1,3.7,0.0,0.0
156,Gary Trent Jr.,TOR,50,23,27,33.6,40.3,0.6,0.3,0.4,68.2,0.1,0.1,66.7,0.7,112.5,0.1,18.8,0.0,3.1,0.0,3.1,0.1,9.4
157,George Hill,IND,36,24,12,18.8,33.1,0.6,0.1,0.3,55.6,0.0,0.1,50.0,0.3,50.0,0.3,50.0,0.1,9.1,0.0,0.0,0.0,4.5
158,Georges Niang,PHI,54,36,18,19.9,30.4,0.4,0.2,0.3,78.6,0.1,0.1,87.5,0.5,126.1,0.1,17.4,0.0,0.0,0.0,4.3,0.1,13.0
159,Giannis Antetokounmpo,MIL,45,33,12,33.3,82.0,5.2,2.5,3.1,79.4,0.7,1.0,65.2,5.7,109.4,1.0,19.6,0.2,3.8,0.2,4.7,0.5,9.8
160,Goga Bitadze,ORL,21,8,13,9.6,14.6,2.9,0.8,1.3,59.3,0.3,0.8,43.8,1.9,66.7,0.9,30.0,0.1,3.3,0.1,5.0,0.4,13.3
161,Goran Dragic,CHI,50,22,28,15.5,34.4,0.2,0.1,0.1,80.0,0.0,0.0,0.0,0.2,80.0,0.1,30.0,0.0,10.0,0.0,0.0,0.0,0.0
162,Gordon Hayward,CHA,33,11,22,31.2,48.2,2.2,0.8,1.2,62.5,0.1,0.1,100.0,1.7,78.9,0.8,35.2,0.2,7.0,0.1,4.2,0.1,2.8
163,Gorgui Dieng,SAS,19,2,17,10.2,18.7,1.5,0.4,0.6,72.7,0.1,0.1,100.0,0.9,64.3,0.8,53.6,0.1,7.1,0.0,0.0,0.1,3.6
164,Grant Williams,BOS,56,41,15,27.7,31.6,1.7,0.5,0.8,61.4,0.3,0.3,87.5,1.3,75.5,0.6,37.2,0.1,5.3,0.1,3.2,0.1,8.5
165,Grayson Allen,MIL,52,37,15,27.5,36.8,0.8,0.2,0.3,78.6,0.0,0.0,100.0,0.5,55.8,0.5,62.8,0.1,7.0,0.0,0.0,0.0,2.3
166,Greg Brown III,POR,16,10,6,5.8,5.3,0.3,0.1,0.3,50.0,0.0,0.0,0.0,0.3,80.0,0.0,0.0,0.0,0.0,0.0,0.0,0.0,0.0
167,Hamidou Diallo,DET,48,12,36,16.8,25.6,2.0,1.0,1.4,72.7,0.3,0.5,66.7,2.4,124.5,0.2,8.5,0.1,3.2,0.2,8.5,0.3,12.8
168,Harrison Barnes,SAC,56,32,24,32.6,48.0,2.0,0.9,1.2,76.1,0.2,0.3,75.0,2.1,105.4,0.5,25.2,0.1,3.6,0.1,5.4,0.1,6.3
169,Haywood Highsmith,MIA,42,23,19,19.6,21.8,2.1,0.5,1.0,51.2,0.0,0.1,33.3,1.0,49.4,0.7,35.6,0.2,8.0,0.2,9.2,0.1,3.4
170,Herbert Jones,NOP,42,19,23,28.8,41.8,1.8,0.6,1.0,55.8,0.2,0.4,47.1,1.4,79.7,0.5,27.0,0.0,2.7,0.0,1.4,0.2,10.8
171,Immanuel Quickley,NYK,58,32,26,27.8,47.7,0.4,0.1,0.1,62.5,0.0,0.0,100.0,0.2,50.0,0.3,57.7,0.1,11.5,0.0,3.8,0.0,3.8
172,Isaac Okoro,CLE,60,38,22,21.3,20.4,1.0,0.4,0.5,74.2,0.1,0.2,60.0,0.9,88.3,0.4,35.0,0.1,13.3,0.1,5.0,0.1,8.3
173,Isaiah Hartenstein,NYK,59,32,27,19.6,29.8,5.3,1.6,2.9,55.9,0.3,0.5,66.7,3.6,69.1,1.8,34.1,0.2,4.2,0.2,4.2,0.2,4.2
174,Isaiah Jackson,IND,44,16,28,15.5,21.8,5.1,2.0,3.3,59.7,0.8,1.2,66.0,4.8,95.5,0.9,17.0,0.1,2.7,0.2,4.0,0.5,10.8
175,Isaiah Joe,OKC,48,24,24,15.7,20.1,0.4,0.1,0.2,60.0,0.1,0.1,75.0,0.3,78.9,0.1,31.6,0.0,5.3,0.0,5.3,0.0,10.5
176,Isaiah Livers,DET,35,9,26,21.1,24.0,0.3,0.1,0.1,100.0,0.0,0.1,50.0,0.2,66.7,0.2,66.7,0.0,0.0,0.0,0.0,0.0,8.3
177,Isaiah Mobley,CLE,8,5,3,3.3,5.1,0.1,0.1,0.1,100.0,0.0,0.0,0.0,0.3,200.0,0.0,0.0,0.0,0.0,0.0,0.0,0.0,0.0
178,Isaiah Roby,SAS,41,9,32,11.3,18.8,0.9,0.3,0.5,59.1,0.1,0.2,37.5,0.7,81.1,0.2,21.6,0.0,0.0,0.0,5.4,0.1,10.8
179,Isaiah Stewart,DET,46,12,34,28.5,39.8,4.9,1.5,2.7,57.3,0.9,1.4,68.3,4.0,82.3,1.2,23.9,0.4,8.0,0.3,5.3,0.7,13.3
180,Isaiah Todd,WAS,4,2,2,3.1,4.3,0.0,0.0,0.0,0.0,0.0,0.0,0.0,0.0,0.0,0.0,0.0,0.0,0.0,0.0,0.0,0.0,0.0
181,Ish Smith,DEN,29,19,10,10.1,23.7,0.3,0.1,0.1,50.0,0.0,0.0,0.0,0.1,44.4,0.1,44.4,0.0,11.1,0.0,11.1,0.0,0.0
182,Ish Wainright,PHX,40,21,19,15.6,16.0,0.7,0.3,0.5,50.0,0.0,0.0,0.0,0.5,69.0,0.2,27.6,0.1,6.9,0.0,3.4,0.0,0.0
183,Ivica Zubac,LAC,57,30,27,29.4,42.7,8.9,3.1,4.9,64.3,1.6,2.2,71.4,7.9,89.7,1.9,21.6,0.2,2.6,0.6,7.1,1.0,11.5
184,JD Davison,BOS,5,4,1,2.3,2.8,0.0,0.0,0.0,0.0,0.0,0.0,0.0,0.0,0.0,0.0,0.0,0.0,0.0,0.0,0.0,0.0,0.0
185,JT Thor,CHA,46,11,35,10.8,13.9,0.8,0.3,0.5,61.9,0.2,0.2,70.0,0.7,89.2,0.2,21.6,0.0,2.7,0.1,8.1,0.1,10.8
186,Ja Morant,MEM,47,30,17,32.7,80.1,1.6,0.7,1.0,64.6,0.1,0.1,66.7,1.4,90.4,0.3,21.9,0.1,4.1,0.1,6.8,0.1,4.1
187,JaMychal Green,GSW,37,19,18,14.8,23.8,3.3,1.3,1.9,65.3,0.7,0.9,75.8,3.3,99.2,0.5,16.4,0.1,4.1,0.4,10.7,0.4,13.1
188,JaVale McGee,DAL,35,17,18,8.1,11.6,3.1,1.3,2.1,59.5,0.2,0.5,44.4,2.8,90.7,0.4,12.0,0.1,1.9,0.2,6.5,0.2,7.4
189,Jabari Smith Jr.,HOU,54,12,42,29.9,45.3,2.2,0.9,1.4,63.6,0.5,0.6,81.3,2.3,103.3,0.3,13.3,0.1,3.3,0.2,7.5,0.3,12.5
190,Jabari Walker,POR,37,19,18,8.7,10.1,1.4,0.5,0.9,58.8,0.1,0.2,62.5,1.2,86.5,0.2,17.3,0.1,3.8,0.1,7.7,0.1,7.7
191,Jack White,DEN,13,11,2,3.2,4.5,0.7,0.2,0.3,50.0,0.0,0.0,0.0,0.3,44.4,0.3,44.4,0.0,0.0,0.1,11.1,0.0,0.0
192,Jaden Hardy,DAL,30,15,15,11.4,18.2,0.2,0.1,0.1,100.0,0.0,0.0,0.0,0.1,66.7,0.1,66.7,0.0,16.7,0.0,0.0,0.0,0.0
193,Jaden Ivey,DET,53,15,38,30.1,54.6,1.6,0.5,0.9,52.1,0.2,0.2,66.7,1.1,72.3,0.5,28.9,0.2,12.0,0.1,3.6,0.1,7.2
194,Jaden McDaniels,MIN,57,30,27,30.5,38.8,2.6,0.9,1.3,75.0,0.3,0.5,66.7,2.2,85.2,0.8,31.5,0.1,5.4,0.2,7.4,0.2,6.7
195,Jaden Springer,PHI,7,7,0,3.7,4.0,0.7,0.6,0.7,80.0,0.0,0.0,0.0,1.1,160.0,0.0,0.0,0.0,0.0,0.0,0.0,0.0,0.0
196,Jae'Sean Tate,HOU,19,3,16,21.1,40.0,2.6,0.9,1.7,53.1,0.0,0.1,0.0,1.8,70.0,0.8,30.0,0.2,6.0,0.1,2.0,0.1,2.0
197,Jake LaRavia,MEM,30,20,10,12.7,15.3,0.6,0.1,0.2,42.9,0.0,0.1,50.0,0.2,38.9,0.3,55.6,0.0,5.6,0.0,0.0,0.0,5.6
198,Jakob Poeltl,TOR,47,12,35,25.9,53.2,7.9,2.9,4.4,65.0,0.7,1.3,55.9,6.4,81.9,2.3,28.9,0.3,4.1,0.4,4.6,0.6,7.6
199,Jalen Brunson,NYK,55,30,25,35.0,84.9,0.3,0.1,0.2,55.6,0.0,0.0,0.0,0.2,55.6,0.2,50.0,0.0,11.1,0.0,0.0,0.0,0.0
200,Jalen Duren,DET,49,14,35,25.3,35.1,7.7,3.1,4.6,67.0,0.9,1.3,67.7,7.1,92.8,1.7,22.7,0.3,3.5,0.5,6.1,0.6,7.7
201,Jalen Green,HOU,53,11,42,34.3,66.3,0.9,0.4,0.6,73.3,0.1,0.2,60.0,0.9,102.0,0.1,10.2,0.0,0.0,0.1,10.2,0.1,10.2
202,Jalen Johnson,ATL,54,27,27,14.6,21.1,1.3,0.5,0.9,58.3,0.1,0.1,66.7,1.1,84.5,0.3,23.9,0.0,1.4,0.1,4.2,0.1,4.2
203,Jalen McDaniels,PHI,58,17,41,26.5,41.2,1.6,0.9,1.3,68.5,0.2,0.2,90.0,1.9,121.7,0.2,10.9,0.0,2.2,0.1,3.3,0.1,5.4
204,Jalen Smith,IND,50,23,27,18.4,30.1,3.7,1.5,2.2,68.8,0.5,0.8,71.1,3.6,98.4,0.7,20.0,0.1,3.8,0.2,6.5,0.4,10.3
205,Jalen Suggs,ORL,33,13,20,22.8,45.8,1.3,0.2,0.4,58.3,0.4,0.5,93.3,0.9,67.4,0.5,39.5,0.2,11.6,0.1,9.3,0.2,16.3
206,Jalen Williams,OKC,52,25,27,29.2,43.4,2.1,0.9,1.3,72.1,0.3,0.3,92.9,2.1,101.8,0.5,24.8,0.1,4.6,0.1,6.4,0.1,6.4
207,Jamal Cain,MIA,13,8,5,13.9,13.3,2.7,1.2,1.8,65.2,0.7,0.9,75.0,3.1,114.3,0.3,11.4,0.2,5.7,0.2,5.7,0.5,17.1
208,Jamal Murray,DEN,45,32,13,32.5,71.3,1.3,0.5,0.7,67.7,0.1,0.1,83.3,1.1,81.7,0.5,36.7,0.0,1.7,0.1,5.0,0.1,5.0
209,Jamaree Bouyea,MIA,3,2,1,17.2,28.7,0.0,0.0,0.0,0.0,0.0,0.0,0.0,0.0,0.0,0.0,0.0,0.0,0.0,0.0,0.0,0.0,0.0
210,James Bouknight,CHA,26,5,21,13.6,18.1,0.2,0.0,0.2,25.0,0.0,0.0,0.0,0.1,33.3,0.1,33.3,0.1,33.3,0.0,0.0,0.0,0.0
211,James Harden,PHI,40,27,13,36.4,92.7,0.6,0.1,0.4,28.6,0.1,0.1,100.0,0.3,41.7,0.2,37.5,0.1,8.3,0.0,0.0,0.0,4.2
212,James Johnson,IND,12,5,7,8.2,10.8,0.4,0.1,0.2,50.0,0.1,0.2,50.0,0.3,60.0,0.2,40.0,0.0,0.0,0.0,0.0,0.1,20.0
213,James Wiseman,DET,21,9,12,12.5,23.2,3.5,2.0,2.7,71.9,0.2,0.2,100.0,4.2,118.9,0.3,9.5,0.0,1.4,0.1,4.1,0.1,2.7
214,Jared Rhoden,DET,1,0,1,12.0,12.0,0.0,0.0,0.0,0.0,0.0,0.0,0.0,0.0,0.0,0.0,0.0,0.0,0.0,0.0,0.0,0.0,0.0
215,Jaren Jackson Jr.,MEM,39,24,15,27.1,37.9,4.0,1.9,2.6,72.3,0.8,1.0,84.2,4.7,117.4,0.4,11.0,0.0,0.6,0.2,5.2,0.5,12.3
216,Jarred Vanderbilt,LAL,54,26,28,24.0,33.5,5.4,2.0,3.0,67.7,0.5,0.7,73.0,4.6,84.4,1.6,29.9,0.3,5.1,0.2,4.1,0.3,5.8
217,Jarrett Allen,CLE,53,35,18,33.2,44.3,11.7,4.8,7.0,68.6,1.7,2.2,74.6,11.4,97.3,2.6,22.6,0.5,4.0,0.7,6.0,1.0,8.9
218,Jarrett Culver,ATL,10,5,5,13.7,20.5,1.2,0.4,0.7,57.1,0.4,0.6,66.7,1.2,100.0,0.1,8.3,0.0,0.0,0.0,0.0,0.3,25.0
219,Jason Preston,LAC,13,3,10,9.4,23.7,0.2,0.1,0.1,100.0,0.0,0.0,0.0,0.2,100.0,0.1,50.0,0.1,50.0,0.0,0.0,0.0,0.0
220,Javonte Green,CHI,28,11,17,16.0,23.7,1.8,1.1,1.3,83.3,0.2,0.3,62.5,2.4,129.4,0.2,11.8,0.0,2.0,0.1,3.9,0.1,7.8
221,Jaxson Hayes,NOP,32,15,17,13.6,15.6,2.4,1.0,1.4,68.9,0.5,0.7,72.7,2.5,103.9,0.4,18.4,0.1,3.9,0.1,2.6,0.3,13.2
222,Jaylen Brown,BOS,48,33,15,35.6,63.8,2.1,1.0,1.5,67.1,0.2,0.3,76.9,2.2,103.9,0.4,18.6,0.0,2.0,0.1,4.9,0.1,5.9
223,Jaylen Nowell,MIN,60,31,29,19.8,34.3,0.7,0.4,0.6,62.9,0.0,0.0,100.0,0.8,106.8,0.1,11.4,0.0,4.5,0.0,2.3,0.0,2.3
224,Jaylin Williams,OKC,24,11,13,15.3,30.8,2.5,0.5,1.3,40.6,0.3,0.4,70.0,1.4,56.7,0.9,35.0,0.3,10.0,0.1,3.3,0.2,8.3
225,Jayson Tatum,BOS,54,39,15,37.4,74.7,3.1,1.3,1.9,67.6,0.4,0.4,90.9,3.0,94.7,0.7,23.5,0.2,5.9,0.2,5.3,0.2,5.9
226,Jeff Dowtin Jr.,TOR,14,9,5,6.6,10.8,0.4,0.1,0.1,50.0,0.1,0.1,100.0,0.3,80.0,0.1,20.0,0.0,0.0,0.1,20.0,0.1,20.0
227,Jeff Green,DEN,36,23,13,19.0,25.9,1.8,0.7,1.2,59.5,0.3,0.4,73.3,1.8,96.9,0.3,18.5,0.1,4.6,0.1,6.2,0.2,10.8
228,Jerami Grant,POR,54,25,29,35.7,53.5,2.0,0.9,1.1,78.0,0.3,0.3,94.4,2.0,102.8,0.5,26.2,0.0,1.9,0.1,3.7,0.1,7.5
229,Jeremiah Robinson-Earl,OKC,27,10,17,21.0,32.3,3.6,1.0,2.1,47.4,0.4,0.5,78.6,2.4,67.7,1.0,27.1,0.0,1.0,0.1,3.1,0.3,7.3
230,Jeremy Sochan,SAS,46,11,35,25.8,42.4,3.4,1.6,2.3,68.5,0.1,0.2,60.0,3.4,100.0,0.8,23.7,0.1,1.9,0.1,1.9,0.1,3.2
231,Jericho Sims,NYK,46,26,20,16.2,20.0,3.8,1.6,2.0,80.2,0.1,0.1,66.7,3.3,89.0,1.3,35.8,0.2,5.8,0.3,6.9,0.1,1.7
232,Jevon Carter,MIL,56,39,17,22.5,38.3,0.5,0.1,0.1,50.0,0.0,0.0,0.0,0.1,22.2,0.4,77.8,0.1,11.1,0.0,0.0,0.0,0.0
233,Jimmy Butler,MIA,43,24,19,33.7,63.2,5.9,1.9,3.0,63.6,0.9,1.1,82.6,5.0,84.9,1.9,31.7,0.6,9.5,0.2,3.6,0.5,8.3
234,Jock Landale,PHX,49,25,24,14.4,24.0,5.0,1.8,2.7,67.9,0.8,0.9,86.4,4.6,91.8,1.4,28.0,0.1,2.9,0.3,5.3,0.4,8.2
235,Joe Harris,BKN,50,28,22,24.1,25.4,0.6,0.3,0.4,84.2,0.0,0.0,0.0,0.6,106.7,0.2,30.0,0.0,6.7,0.0,3.3,0.0,0.0
236,Joe Ingles,MIL,23,15,8,22.2,32.3,0.3,0.1,0.1,66.7,0.0,0.0,0.0,0.2,66.7,0.1,50.0,0.0,16.7,0.0,0.0,0.0,0.0
237,Joe Wieskamp,TOR,2,1,1,8.5,9.0,0.0,0.0,0.0,0.0,0.0,0.0,0.0,0.0,0.0,0.0,0.0,0.0,0.0,0.0,0.0,0.0,0.0
238,Joel Embiid,PHI,44,29,15,34.8,71.9,5.4,2.0,3.0,67.2,2.0,2.2,92.6,6.0,112.3,0.9,16.5,0.1,1.3,0.2,4.2,1.0,18.6
239,John Butler Jr.,POR,8,2,6,3.2,2.3,0.3,0.1,0.1,100.0,0.0,0.0,0.0,0.3,100.0,0.1,50.0,0.0,0.0,0.0,0.0,0.0,0.0
240,John Collins,ATL,49,26,23,31.3,45.3,3.5,1.7,2.2,76.1,0.6,0.7,91.2,4.1,116.4,0.6,15.8,0.1,2.9,0.2,4.7,0.3,9.9
241,John Konchar,MEM,48,29,19,22.6,31.8,1.1,0.4,0.6,72.4,0.0,0.0,0.0,0.9,84.6,0.4,38.5,0.1,5.8,0.0,3.8,0.0,0.0
242,John Wall,LAC,34,15,19,22.2,55.4,0.2,0.1,0.1,75.0,0.0,0.0,0.0,0.2,75.0,0.1,25.0,0.0,12.5,0.0,12.5,0.0,0.0
243,Johnny Davis,WAS,12,5,7,5.0,6.7,0.2,0.2,0.2,100.0,0.0,0.0,0.0,0.3,200.0,0.0,0.0,0.0,0.0,0.0,0.0,0.0,0.0
244,Jonas Valanciunas,NOP,57,29,28,24.6,49.1,6.5,3.1,4.6,67.7,1.1,1.4,82.3,7.4,114.6,0.7,10.3,0.2,2.7,0.4,6.5,0.7,10.5
245,Jonathan Isaac,ORL,10,7,3,10.8,18.4,2.5,0.7,1.6,43.8,0.4,0.6,66.7,1.9,76.0,0.2,8.0,0.1,4.0,0.3,12.0,0.3,12.0
246,Jonathan Kuminga,GSW,45,25,20,19.2,31.1,1.8,0.7,1.1,62.0,0.2,0.3,64.3,1.6,88.9,0.3,17.3,0.1,3.7,0.2,8.6,0.2,8.6
247,Jordan Clarkson,UTA,57,28,29,32.5,55.6,1.4,0.6,0.9,60.4,0.1,0.1,87.5,1.2,87.5,0.3,20.0,0.1,3.8,0.1,5.0,0.1,6.3
248,Jordan Goodwin,WAS,40,15,25,18.0,36.7,1.1,0.3,0.6,52.0,0.1,0.1,100.0,0.7,65.1,0.4,32.6,0.1,7.0,0.1,7.0,0.0,2.3
249,Jordan Hall,SAS,9,1,8,9.2,17.8,0.3,0.0,0.0,0.0,0.0,0.0,0.0,0.0,0.0,0.2,66.7,0.0,0.0,0.0,0.0,0.0,0.0
250,Jordan McLaughlin,MIN,23,13,10,15.5,35.7,0.5,0.2,0.2,100.0,0.0,0.0,0.0,0.3,66.7,0.3,50.0,0.0,8.3,0.1,16.7,0.0,0.0
251,Jordan Nwora,IND,39,26,13,15.7,22.1,0.6,0.2,0.4,50.0,0.1,0.1,100.0,0.5,72.0,0.2,32.0,0.1,8.0,0.0,4.0,0.0,4.0
252,Jordan Poole,GSW,56,28,28,30.6,68.2,1.1,0.3,0.6,50.0,0.1,0.1,87.5,0.7,67.8,0.3,23.7,0.1,5.1,0.1,10.2,0.1,6.8
253,Jordan Schakel,WAS,2,0,2,3.1,5.0,0.0,0.0,0.0,0.0,0.0,0.0,0.0,0.0,0.0,0.0,0.0,0.0,0.0,0.0,0.0,0.0,0.0
254,Jose Alvarado,NOP,57,30,27,21.8,46.9,0.6,0.1,0.2,66.7,0.1,0.1,100.0,0.2,42.4,0.3,57.6,0.0,3.0,0.0,3.0,0.0,3.0
255,Josh Christopher,HOU,39,7,32,9.8,15.7,0.3,0.1,0.2,66.7,0.0,0.0,0.0,0.2,66.7,0.1,33.3,0.0,0.0,0.0,0.0,0.0,0.0
256,Josh Giddey,OKC,51,22,29,30.9,77.4,2.9,1.3,2.0,63.7,0.1,0.2,62.5,2.6,91.2,0.5,18.9,0.1,3.4,0.2,5.4,0.1,2.0
257,Josh Green,DAL,39,20,19,24.8,31.3,1.5,0.2,0.3,63.6,0.1,0.2,37.5,0.4,29.8,0.9,59.6,0.2,10.5,0.2,12.3,0.1,7.0
258,Josh Hart,NYK,53,27,26,33.2,45.3,1.9,0.5,0.7,66.7,0.3,0.4,63.6,1.2,65.3,0.8,44.6,0.1,5.0,0.1,4.0,0.2,10.9
259,Josh Minott,MIN,11,5,6,6.2,7.5,0.9,0.6,0.7,87.5,0.2,0.2,100.0,1.5,160.0,0.0,0.0,0.0,0.0,0.0,0.0,0.1,10.0
260,Josh Okogie,PHX,48,24,24,13.9,18.8,1.5,0.3,0.7,48.5,0.3,0.3,75.0,0.9,61.1,0.6,41.7,0.1,4.2,0.0,1.4,0.2,11.1
261,Josh Richardson,NOP,42,12,30,24.0,46.0,0.9,0.4,0.5,68.2,0.0,0.0,0.0,0.7,78.9,0.4,39.5,0.0,5.3,0.0,0.0,0.0,0.0
262,Joshua Primo,SAS,4,3,1,23.3,43.0,1.0,0.0,0.0,0.0,0.5,0.5,100.0,0.5,50.0,0.8,75.0,0.0,0.0,0.0,0.0,0.3,25.0
263,Jrue Holiday,MIL,45,33,12,32.9,74.7,2.4,0.7,1.2,63.5,0.1,0.1,100.0,1.6,67.0,1.0,42.5,0.2,9.4,0.1,4.7,0.0,1.9
264,Juan Toscano-Anderson,UTA,30,12,18,12.2,16.3,1.9,0.4,0.6,57.9,0.1,0.1,75.0,0.8,44.6,1.0,53.6,0.2,8.9,0.1,5.4,0.0,1.8
265,Juancho Hernangomez,TOR,41,20,21,14.8,17.3,1.2,0.4,0.6,68.0,0.1,0.2,60.0,1.0,85.4,0.3,25.0,0.1,6.3,0.1,10.4,0.1,8.3
266,Julian Champagnie,PHI,2,2,0,3.3,3.0,0.0,0.0,0.0,0.0,0.0,0.0,0.0,0.0,0.0,0.0,0.0,0.0,0.0,0.0,0.0,0.0,0.0
267,Julius Randle,NYK,59,32,27,35.9,70.8,3.4,1.5,2.1,69.4,0.5,0.7,75.0,3.6,106.0,0.6,18.9,0.2,4.5,0.3,8.0,0.3,10.0
268,Justin Champagnie,TOR,3,2,1,3.6,4.7,0.7,0.7,0.7,100.0,0.0,0.0,0.0,1.3,200.0,0.0,0.0,0.0,0.0,0.0,0.0,0.0,0.0
269,Justin Holiday,ATL,28,12,16,14.7,17.2,0.5,0.1,0.2,60.0,0.0,0.0,0.0,0.2,42.9,0.3,50.0,0.0,0.0,0.1,14.3,0.0,0.0
270,Justin Jackson,BOS,23,15,8,4.7,5.1,0.1,0.0,0.0,100.0,0.0,0.1,50.0,0.1,150.0,0.0,0.0,0.0,0.0,0.0,0.0,0.0,50.0
271,Justise Winslow,POR,29,15,14,26.8,52.4,3.2,1.1,2.1,55.0,0.1,0.1,75.0,2.4,74.2,0.8,25.8,0.2,6.5,0.2,5.4,0.1,2.2
272,Jusuf Nurkic,POR,45,23,22,27.3,55.3,5.7,2.2,3.6,60.9,0.7,0.9,77.5,5.3,91.9,1.2,20.2,0.1,1.6,0.3,5.0,0.4,7.8
273,KZ Okpala,SAC,35,19,16,7.1,7.0,0.5,0.2,0.2,75.0,0.0,0.0,0.0,0.3,75.0,0.2,37.5,0.0,0.0,0.0,6.3,0.0,0.0
274,Kai Jones,CHA,27,6,21,8.8,9.4,1.2,0.5,0.9,60.9,0.1,0.1,100.0,1.1,96.9,0.2,18.8,0.0,0.0,0.0,3.1,0.0,3.1
275,Karl-Anthony Towns,MIN,21,10,11,33.8,61.7,2.3,1.0,1.3,75.0,0.6,0.8,76.5,2.7,114.3,0.4,18.4,0.2,8.2,0.1,4.1,0.3,12.2
276,Kawhi Leonard,LAC,32,21,11,32.2,57.0,1.9,0.5,0.8,64.0,0.3,0.3,90.0,1.3,69.4,0.8,41.9,0.1,6.5,0.1,6.5,0.2,8.1
277,Keegan Murray,SAC,54,31,23,29.7,34.8,2.3,0.8,1.4,56.0,0.2,0.2,91.7,1.8,79.5,0.6,26.2,0.1,4.1,0.1,4.9,0.1,4.9
278,Keita Bates-Diop,SAS,43,10,33,20.2,22.8,2.3,1.0,1.4,70.5,0.3,0.4,83.3,2.4,107.2,0.4,18.6,0.1,4.1,0.2,7.2,0.2,9.3
279,Keldon Johnson,SAS,50,13,37,32.6,56.1,1.4,0.5,0.8,61.9,0.2,0.3,85.7,1.3,95.7,0.3,22.9,0.0,1.4,0.1,5.7,0.1,10.0
280,Kelly Olynyk,UTA,47,22,25,28.0,53.2,2.9,1.0,1.5,65.2,0.3,0.4,80.0,2.3,79.3,0.9,31.1,0.3,8.9,0.2,6.7,0.2,6.7
281,Kelly Oubre Jr.,CHA,35,10,25,32.6,45.9,2.2,0.7,1.5,49.1,0.3,0.4,71.4,1.8,80.8,0.3,14.1,0.0,1.3,0.1,6.4,0.2,9.0
282,Kemba Walker,DAL,9,5,4,16.0,28.7,0.0,0.0,0.0,0.0,0.0,0.0,0.0,0.0,0.0,0.0,0.0,0.0,0.0,0.0,0.0,0.0,0.0
283,Kendall Brown,IND,6,1,5,6.7,6.7,0.3,0.2,0.2,100.0,0.0,0.0,0.0,0.3,100.0,0.2,50.0,0.0,0.0,0.0,0.0,0.0,0.0
284,Kendrick Nunn,WAS,48,23,25,14.7,20.6,0.5,0.3,0.4,70.6,0.0,0.0,0.0,0.5,104.3,0.1,13.0,0.0,8.7,0.0,8.7,0.0,0.0
285,Kennedy Chandler,MEM,24,15,9,9.2,19.5,0.5,0.2,0.3,50.0,0.0,0.1,50.0,0.4,75.0,0.1,16.7,0.0,8.3,0.0,8.3,0.0,8.3
286,Kenneth Lofton Jr.,MEM,8,5,3,3.9,6.8,0.6,0.5,0.5,100.0,0.0,0.0,0.0,1.0,160.0,0.0,0.0,0.0,0.0,0.1,20.0,0.0,0.0
287,Kenrich Williams,OKC,48,25,23,22.6,30.8,3.5,1.3,2.0,67.4,0.1,0.3,35.7,2.8,78.8,1.3,36.5,0.2,5.9,0.1,1.8,0.1,4.1
288,Kentavious Caldwell-Pope,DEN,55,39,16,31.4,38.7,1.1,0.4,0.7,51.2,0.1,0.1,66.7,0.9,74.6,0.3,22.2,0.1,6.3,0.1,6.3,0.1,4.8
289,Kenyon Martin Jr.,HOU,57,13,44,26.3,35.0,3.9,1.7,2.5,68.1,0.4,0.5,66.7,3.9,100.5,0.7,18.1,0.1,3.2,0.2,6.3,0.3,6.8
290,Keon Ellis,SAC,8,4,4,4.4,6.0,0.0,0.0,0.0,0.0,0.0,0.0,0.0,0.0,0.0,0.0,0.0,0.0,0.0,0.0,0.0,0.0,0.0
291,Keon Johnson,POR,27,12,15,10.0,18.8,0.4,0.0,0.2,20.0,0.0,0.1,50.0,0.1,25.0,0.1,25.0,0.0,8.3,0.0,8.3,0.0,8.3
292,Kessler Edwards,SAC,14,5,9,5.7,7.6,0.6,0.1,0.3,50.0,0.1,0.1,50.0,0.4,62.5,0.1,12.5,0.0,0.0,0.1,25.0,0.1,12.5
293,Kevin Durant,PHX,39,26,13,36.0,67.6,1.3,0.6,0.8,83.3,0.2,0.2,87.5,1.5,122.4,0.2,18.4,0.1,4.1,0.1,8.2,0.1,8.2
294,Kevin Huerter,SAC,53,29,24,30.4,44.5,1.6,0.8,1.0,77.8,0.1,0.2,87.5,1.7,107.1,0.4,24.7,0.1,3.5,0.1,5.9,0.1,3.5
295,Kevin Knox II,POR,43,9,34,13.9,18.4,0.7,0.3,0.3,80.0,0.0,0.1,66.7,0.6,86.7,0.2,33.3,0.0,0.0,0.0,3.3,0.0,6.7
296,Kevin Love,CLE,41,24,17,20.0,36.9,1.8,0.4,0.9,51.4,0.3,0.3,91.7,1.2,67.1,0.6,32.9,0.1,4.1,0.1,4.1,0.1,6.8
297,Kevin Porter Jr.,HOU,40,10,30,34.0,79.5,1.9,0.7,0.8,78.8,0.1,0.1,100.0,1.4,73.3,0.7,36.0,0.1,4.0,0.2,10.7,0.0,1.3
298,Kevon Harris,ORL,27,10,17,12.4,10.9,1.0,0.4,0.6,58.8,0.2,0.2,100.0,1.0,100.0,0.2,21.4,0.0,3.6,0.0,3.6,0.1,10.7
299,Kevon Looney,GSW,56,28,28,23.3,42.0,5.6,1.8,2.7,68.0,0.5,0.8,69.0,4.2,75.4,2.3,40.3,0.4,8.0,0.1,2.6,0.4,6.7
300,Khem Birch,SAS,20,9,11,8.1,10.4,1.6,0.5,0.9,58.8,0.2,0.2,75.0,1.2,74.2,0.5,29.0,0.1,3.2,0.1,6.5,0.1,3.2
301,Khris Middleton,MIL,16,13,3,21.2,43.2,1.0,0.4,0.6,77.8,0.1,0.1,100.0,1.0,100.0,0.3,31.3,0.1,6.3,0.1,6.3,0.1,6.3
302,Killian Hayes,DET,53,14,39,26.6,59.0,0.5,0.1,0.2,33.3,0.1,0.1,75.0,0.2,44.0,0.2,44.0,0.1,12.0,0.0,0.0,0.0,8.0
303,Kira Lewis Jr.,NOP,13,6,7,11.6,26.1,0.2,0.2,0.2,100.0,0.0,0.0,0.0,0.3,200.0,0.0,0.0,0.0,0.0,0.0,0.0,0.0,0.0
304,Klay Thompson,GSW,44,23,21,33.1,48.0,1.8,0.6,1.0,54.3,0.4,0.5,85.0,1.5,87.2,0.4,21.8,0.1,3.8,0.1,5.1,0.2,12.8
305,Kristaps Porzingis,WAS,48,20,28,32.6,59.9,4.8,2.0,2.9,68.1,1.2,1.4,86.2,5.3,109.1,0.8,16.4,0.1,1.3,0.2,3.9,0.6,13.4
306,Kyle Anderson,MIN,47,25,22,26.0,47.1,1.7,0.4,0.7,52.9,0.2,0.3,64.3,1.0,55.6,0.8,44.4,0.2,12.3,0.1,3.7,0.1,7.4
307,Kyle Kuzma,WAS,51,24,27,34.9,61.2,1.9,1.0,1.4,68.1,0.1,0.2,60.0,2.1,112.5,0.3,14.6,0.1,3.1,0.1,4.2,0.1,5.2
308,Kyle Lowry,MIA,44,22,22,33.3,74.3,1.0,0.2,0.4,50.0,0.0,0.0,0.0,0.4,39.5,0.5,46.5,0.2,16.3,0.0,4.7,0.0,0.0
309,Kyrie Irving,DAL,44,26,18,37.1,76.2,1.6,0.6,0.9,70.0,0.1,0.1,100.0,1.4,88.4,0.5,31.9,0.2,10.1,0.0,2.9,0.0,1.4
310,LaMelo Ball,CHA,32,9,23,35.3,90.1,1.3,0.4,0.9,50.0,0.0,0.0,0.0,0.9,67.4,0.5,34.9,0.1,7.0,0.0,0.0,0.0,0.0
311,Lamar Stevens,CLE,41,26,15,17.9,20.1,1.0,0.3,0.5,59.1,0.1,0.2,50.0,0.8,73.8,0.2,23.8,0.1,7.1,0.1,7.1,0.1,11.9
312,Landry Shamet,PHX,30,14,16,21.4,38.3,0.4,0.2,0.2,100.0,0.1,0.1,100.0,0.4,109.1,0.1,18.2,0.0,0.0,0.1,18.2,0.0,9.1
313,Larry Nance Jr.,NOP,48,24,24,22.7,32.1,4.9,2.0,2.9,68.8,0.5,0.7,78.1,4.6,94.1,1.3,25.4,0.2,4.2,0.2,4.2,0.3,6.4
314,Lauri Markkanen,UTA,54,27,27,34.3,50.7,4.0,2.0,2.9,69.0,0.6,0.7,89.5,4.8,118.9,0.5,12.9,0.0,0.9,0.1,3.2,0.3,7.8
315,LeBron James,LAL,44,21,23,36.4,80.5,3.7,2.0,2.7,72.3,0.3,0.3,91.7,4.3,114.6,0.4,11.6,0.0,0.6,0.1,3.7,0.1,2.4
316,Leandro Bolmaro,UTA,14,8,6,4.9,8.2,0.4,0.0,0.1,0.0,0.0,0.0,0.0,0.0,0.0,0.3,80.0,0.1,20.0,0.0,0.0,0.0,0.0
317,Lindy Waters III,OKC,22,10,12,10.8,12.9,0.2,0.1,0.1,100.0,0.0,0.0,0.0,0.2,80.0,0.1,40.0,0.0,0.0,0.0,0.0,0.0,0.0
318,Lonnie Walker IV,LAL,41,16,25,27.3,28.9,0.7,0.3,0.5,59.1,0.0,0.0,100.0,0.6,86.7,0.0,6.7,0.0,3.3,0.1,13.3,0.0,3.3
319,Luguentz Dort,OKC,49,24,25,30.0,36.5,2.0,0.6,1.1,50.9,0.2,0.3,75.0,1.4,67.7,0.6,29.3,0.1,7.1,0.1,6.1,0.1,7.1
320,Luka Doncic,DAL,49,28,21,36.5,91.4,1.1,0.5,0.6,74.2,0.2,0.3,68.8,1.2,109.4,0.2,17.0,0.0,1.9,0.0,3.8,0.2,15.1
321,Luka Garza,MIN,22,13,9,9.3,16.3,2.5,1.0,1.6,62.9,0.8,1.0,78.3,2.9,114.5,0.3,10.9,0.1,5.5,0.0,1.8,0.5,20.0
322,Luke Kennard,MEM,36,20,16,20.7,25.8,0.3,0.1,0.2,50.0,0.0,0.0,0.0,0.2,54.5,0.1,18.2,0.0,0.0,0.1,18.2,0.0,0.0
323,Luke Kornet,BOS,49,33,16,11.9,12.8,3.1,1.5,2.0,76.3,0.2,0.3,85.7,3.3,108.6,0.8,25.8,0.1,4.6,0.1,3.3,0.1,4.6
324,Malachi Flynn,TOR,41,20,21,13.9,27.8,0.2,0.0,0.1,66.7,0.0,0.0,0.0,0.1,44.4,0.1,66.7,0.0,11.1,0.0,0.0,0.0,0.0
325,Malaki Branham,SAS,43,8,35,21.7,32.9,0.4,0.2,0.2,80.0,0.0,0.0,100.0,0.4,112.5,0.1,25.0,0.0,0.0,0.0,0.0,0.0,6.3
326,Malcolm Brogdon,BOS,48,34,14,24.9,52.8,0.8,0.2,0.3,73.3,0.2,0.2,100.0,0.7,82.5,0.4,45.0,0.1,10.0,0.0,5.0,0.1,10.0
327,Malcolm Hill,CHI,3,3,0,0.4,0.3,0.0,0.0,0.0,0.0,0.0,0.0,0.0,0.0,0.0,0.0,0.0,0.0,0.0,0.0,0.0,0.0,0.0
328,Malik Beasley,LAL,57,28,29,26.5,36.2,0.4,0.1,0.3,46.7,0.0,0.0,100.0,0.3,76.2,0.1,19.0,0.0,0.0,0.0,0.0,0.0,4.8
329,Malik Monk,SAC,54,31,23,22.6,40.8,1.1,0.5,0.7,67.6,0.0,0.0,100.0,1.0,89.8,0.2,18.6,0.0,3.4,0.1,6.8,0.0,1.7
330,Mamadi Diakite,CLE,16,12,4,6.2,8.3,0.4,0.1,0.1,100.0,0.0,0.0,0.0,0.3,57.1,0.3,57.1,0.0,0.0,0.1,14.3,0.0,0.0
331,MarJon Beauchamp,MIL,37,24,13,14.6,15.8,1.0,0.2,0.5,42.1,0.0,0.1,50.0,0.5,50.0,0.4,36.1,0.1,5.6,0.0,2.8,0.0,2.8
332,Marcus Morris Sr.,LAC,51,27,24,29.0,39.9,0.6,0.3,0.4,68.4,0.1,0.1,100.0,0.6,103.2,0.1,19.4,0.0,3.2,0.0,6.5,0.0,6.5
333,Marcus Smart,BOS,41,30,11,32.5,62.0,1.2,0.3,0.5,61.9,0.0,0.1,50.0,0.7,61.2,0.5,40.8,0.2,14.3,0.1,10.2,0.0,4.1
334,Mark Williams,CHA,28,9,19,15.4,16.0,4.9,2.3,3.4,66.7,0.9,1.3,72.2,5.6,115.3,0.4,8.8,0.1,1.5,0.2,4.4,0.6,13.1
335,Markelle Fultz,ORL,37,19,18,29.0,65.5,2.1,0.8,1.3,60.4,0.1,0.1,100.0,1.6,77.2,0.7,32.9,0.1,6.3,0.1,2.5,0.0,1.3
336,Markieff Morris,DAL,27,16,11,10.6,15.0,0.7,0.2,0.3,55.6,0.1,0.1,100.0,0.4,66.7,0.3,38.9,0.0,5.6,0.0,5.6,0.0,5.6
337,Marko Simonovic,CHI,1,0,1,1.7,4.0,0.0,0.0,0.0,0.0,0.0,0.0,0.0,0.0,0.0,0.0,0.0,0.0,0.0,0.0,0.0,0.0,0.0
338,Marvin Bagley III,DET,25,6,19,21.3,31.6,4.2,2.2,3.0,73.0,0.5,0.6,81.3,4.9,117.3,0.6,15.4,0.0,1.0,0.1,2.9,0.3,7.7
339,Mason Plumlee,LAC,56,15,41,28.5,45.1,7.8,2.7,4.0,68.3,1.1,1.8,64.3,6.8,87.4,2.3,29.0,0.5,6.2,0.3,4.1,0.8,10.8
340,Matisse Thybulle,POR,50,33,17,12.3,10.7,0.9,0.3,0.6,55.2,0.0,0.0,50.0,0.7,72.3,0.3,31.9,0.0,2.1,0.0,4.3,0.0,2.1
341,Matt Ryan,MIN,32,14,18,9.5,11.1,0.2,0.1,0.1,75.0,0.0,0.0,0.0,0.2,120.0,0.0,20.0,0.0,0.0,0.0,0.0,0.0,0.0
342,Matthew Dellavedova,SAC,23,13,10,6.3,14.3,0.1,0.0,0.1,50.0,0.0,0.0,0.0,0.1,66.7,0.0,33.3,0.0,0.0,0.0,0.0,0.0,0.0
343,Max Christie,LAL,35,14,21,14.2,13.7,0.4,0.1,0.2,33.3,0.0,0.0,0.0,0.1,26.7,0.2,53.3,0.1,13.3,0.0,6.7,0.0,0.0
344,Max Strus,MIA,56,30,26,30.0,47.9,1.3,0.6,0.7,75.6,0.1,0.1,100.0,1.3,94.7,0.4,32.0,0.0,2.7,0.1,5.3,0.1,4.0
345,Maxi Kleber,DAL,22,13,9,25.7,30.5,2.2,0.8,1.1,72.0,0.2,0.3,83.3,1.9,83.7,0.8,36.7,0.2,8.2,0.1,4.1,0.1,4.1
346,McKinley Wright IV,DAL,19,11,8,10.2,17.9,0.2,0.0,0.1,0.0,0.0,0.0,0.0,0.0,0.0,0.1,66.7,0.0,0.0,0.0,0.0,0.0,0.0
347,Mfiondu Kabengele,BOS,2,1,1,7.0,7.0,2.5,0.5,0.5,100.0,0.0,0.0,0.0,1.0,40.0,1.5,60.0,0.0,0.0,0.0,0.0,0.0,0.0
348,Micah Potter,UTA,3,2,1,4.8,8.3,0.7,0.7,0.7,100.0,0.0,0.0,0.0,1.3,200.0,0.0,0.0,0.0,0.0,0.0,0.0,0.0,0.0
349,Michael Foster Jr.,PHI,1,1,0,1.0,1.0,0.0,0.0,0.0,0.0,0.0,0.0,0.0,0.0,0.0,0.0,0.0,0.0,0.0,0.0,0.0,0.0,0.0
350,Michael Porter Jr.,DEN,41,29,12,29.3,37.4,2.1,1.0,1.4,71.9,0.3,0.4,81.3,2.3,111.8,0.3,15.3,0.0,0.0,0.1,3.5,0.2,8.2
351,Mikal Bridges,BKN,58,30,28,36.3,50.4,1.9,0.7,1.3,56.2,0.2,0.2,90.0,1.6,82.1,0.5,24.1,0.1,7.1,0.1,2.7,0.1,4.5
352,Mike Conley,MIN,45,23,22,29.6,69.2,0.4,0.1,0.1,66.7,0.0,0.0,0.0,0.2,50.0,0.2,50.0,0.0,12.5,0.0,12.5,0.0,0.0
353,Mike Muscala,BOS,45,22,23,14.5,28.0,1.5,0.4,0.7,58.1,0.3,0.4,75.0,1.1,72.1,0.5,33.8,0.1,8.8,0.1,4.4,0.2,11.8
354,Miles McBride,NYK,46,25,21,12.8,20.0,0.3,0.1,0.2,71.4,0.0,0.0,0.0,0.2,62.5,0.2,43.8,0.0,0.0,0.0,6.3,0.0,0.0
355,Mitchell Robinson,NYK,38,21,17,26.9,25.9,7.7,3.0,4.4,68.0,0.7,1.6,45.0,6.8,88.7,1.7,21.6,0.4,4.8,0.3,3.8,0.8,10.3
356,Mo Bamba,LAL,40,18,22,17.0,26.8,2.8,1.3,1.9,67.1,0.3,0.5,66.7,3.0,108.2,0.4,13.6,0.1,1.8,0.1,4.5,0.2,7.3
357,Monte Morris,WAS,48,23,25,28.3,60.1,0.3,0.0,0.1,33.3,0.1,0.1,75.0,0.1,42.9,0.2,64.3,0.0,14.3,0.0,0.0,0.0,14.3
358,Montrezl Harrell,PHI,50,32,18,12.5,17.4,3.4,1.3,2.1,63.5,0.6,0.9,59.6,3.2,94.2,0.5,15.7,0.0,1.2,0.2,5.8,0.4,12.8
359,Moritz Wagner,ORL,37,18,19,21.2,39.2,3.8,1.4,2.2,63.9,0.8,0.9,93.8,3.9,102.1,0.9,22.9,0.1,3.6,0.1,2.9,0.4,10.7
360,Moses Brown,LAC,34,16,18,8.5,11.6,3.4,1.6,2.5,63.5,0.4,1.1,40.5,3.7,107.7,0.1,1.7,0.0,0.0,0.2,5.1,0.5,14.5
361,Moses Moody,GSW,42,21,21,14.2,15.7,0.7,0.3,0.4,68.8,0.1,0.1,75.0,0.6,86.7,0.2,30.0,0.0,3.3,0.0,6.7,0.0,6.7
362,Moussa Diabate,LAC,16,7,9,10.5,8.9,2.4,0.9,1.8,51.7,0.1,0.1,50.0,2.1,84.6,0.4,15.4,0.1,2.6,0.1,5.1,0.1,2.6
363,Myles Turner,IND,49,22,27,29.7,43.7,6.4,2.9,4.2,67.3,1.2,1.5,79.7,7.1,110.1,0.8,13.0,0.1,0.9,0.3,5.1,0.7,11.1
364,Naji Marshall,NOP,53,28,25,25.0,41.1,0.9,0.3,0.6,54.8,0.1,0.1,100.0,0.7,81.3,0.3,29.2,0.1,8.3,0.0,0.0,0.0,4.2
365,Nassir Little,POR,36,19,17,16.7,19.6,0.8,0.2,0.3,58.3,0.1,0.1,75.0,0.5,64.3,0.2,28.6,0.0,3.6,0.1,10.7,0.1,7.1
366,Nathan Knight,MIN,33,16,17,8.1,11.7,1.1,0.3,0.6,52.4,0.2,0.4,57.1,0.9,83.8,0.2,21.6,0.1,8.1,0.0,2.7,0.2,18.9
367,Naz Reid,MIN,52,25,27,17.8,34.6,2.6,1.2,1.7,68.9,0.2,0.2,75.0,2.6,102.3,0.6,23.3,0.1,3.8,0.1,3.8,0.1,4.5
368,Neemias Queta,SAC,4,1,3,6.1,7.8,2.0,1.3,1.8,71.4,0.0,0.0,0.0,2.5,125.0,0.0,0.0,0.0,0.0,0.3,12.5,0.0,0.0
369,Nerlens Noel,DET,14,2,12,10.8,14.0,1.9,0.4,1.2,29.4,0.2,0.3,75.0,0.8,40.7,0.4,22.2,0.0,0.0,0.1,7.4,0.1,7.4
370,Nic Claxton,BKN,53,29,24,29.6,39.5,8.6,3.9,5.1,77.0,0.8,1.4,54.7,8.7,101.1,2.1,24.6,0.3,4.0,0.4,5.1,0.7,8.1
371,Nick Richards,CHA,44,11,33,17.2,21.6,5.0,2.2,3.5,62.8,0.9,1.3,74.5,5.6,111.3,0.5,9.0,0.0,0.9,0.2,4.5,0.6,12.2
372,Nickeil Alexander-Walker,MIN,37,18,19,14.3,29.7,0.1,0.1,0.1,75.0,0.0,0.0,0.0,0.2,120.0,0.0,20.0,0.0,0.0,0.0,0.0,0.0,0.0
373,Nicolas Batum,LAC,55,31,24,21.9,29.1,0.9,0.3,0.5,58.6,0.1,0.1,100.0,0.7,81.6,0.3,28.6,0.0,0.0,0.0,4.1,0.0,4.1
374,Nikola Jokic,DEN,50,37,13,33.6,99.7,8.0,3.6,5.2,69.7,1.0,1.3,80.0,8.6,107.5,1.6,20.3,0.5,6.3,0.2,3.0,0.6,7.3
375,Nikola Jovic,MIA,15,7,8,13.6,23.2,1.7,0.7,1.0,66.7,0.1,0.1,100.0,1.5,88.5,0.7,38.5,0.0,0.0,0.0,0.0,0.1,3.8
376,Nikola Vucevic,CHI,56,25,31,34.0,67.3,5.9,2.6,3.6,73.1,0.6,0.6,86.1,5.9,99.1,1.5,25.0,0.1,2.4,0.2,3.9,0.3,5.4
377,Noah Vonleh,BOS,23,17,6,7.5,9.5,1.1,0.3,0.6,57.1,0.0,0.0,0.0,0.7,61.5,0.5,42.3,0.2,15.4,0.0,0.0,0.0,0.0
378,Norman Powell,LAC,49,26,23,25.8,36.3,0.6,0.2,0.4,60.0,0.0,0.0,100.0,0.6,90.3,0.1,19.4,0.0,6.5,0.1,9.7,0.0,3.2
379,O.G. Anunoby,TOR,45,21,24,35.8,49.1,3.1,1.1,1.6,65.8,0.3,0.4,72.2,2.5,81.3,0.9,28.8,0.2,5.8,0.2,5.8,0.2,6.5
380,Obi Toppin,NYK,44,22,22,14.9,24.8,1.8,0.6,1.2,50.9,0.2,0.2,80.0,1.4,80.8,0.3,17.9,0.0,1.3,0.1,6.4,0.1,6.4
381,Ochai Agbaji,UTA,36,21,15,14.4,12.9,0.8,0.3,0.5,70.6,0.0,0.1,50.0,0.7,89.3,0.2,28.6,0.0,0.0,0.0,3.6,0.0,3.6
382,Onyeka Okongwu,ATL,56,29,27,24.0,30.8,6.5,2.7,3.8,71.4,0.9,1.1,81.7,6.4,98.9,1.6,24.0,0.2,2.8,0.3,4.4,0.5,7.4
383,Orlando Robinson,MIA,28,17,11,14.0,18.2,4.1,1.3,2.2,59.0,0.3,0.4,70.0,2.9,71.9,1.2,29.8,0.3,6.1,0.4,8.8,0.2,5.3
384,Oshae Brissett,IND,49,21,28,16.0,25.2,1.3,0.4,0.6,60.0,0.1,0.2,70.0,0.9,66.7,0.6,43.9,0.1,4.5,0.0,1.5,0.1,7.6
385,Otto Porter Jr.,TOR,8,4,4,18.3,26.1,1.9,0.6,0.6,100.0,0.5,0.5,100.0,2.0,106.7,0.5,26.7,0.1,6.7,0.1,6.7,0.3,13.3
386,Ousmane Dieng,OKC,19,8,11,15.0,18.1,0.9,0.4,0.6,72.7,0.1,0.1,50.0,0.9,94.4,0.3,27.8,0.0,0.0,0.1,5.6,0.1,5.6
387,P.J. Tucker,PHI,54,35,19,25.8,20.9,2.1,0.4,0.8,45.2,0.0,0.0,100.0,0.8,36.6,1.0,49.1,0.1,5.4,0.1,7.1,0.0,0.9
388,P.J. Washington,CHA,58,16,42,32.9,55.7,2.3,1.0,1.6,62.6,0.4,0.5,78.6,2.4,103.0,0.4,15.7,0.1,2.2,0.1,3.7,0.2,9.7
389,PJ Dozier,SAC,4,4,0,2.6,3.3,0.0,0.0,0.0,0.0,0.0,0.0,0.0,0.0,0.0,0.0,0.0,0.0,0.0,0.0,0.0,0.0,0.0
390,Paolo Banchero,ORL,51,21,30,33.8,64.6,2.4,0.9,1.4,63.9,0.6,0.7,82.9,2.4,100.0,0.4,18.0,0.0,1.6,0.1,4.9,0.3,13.9
391,Pascal Siakam,TOR,48,22,26,37.6,83.1,3.4,1.4,2.1,67.3,0.4,0.5,80.8,3.4,99.4,0.9,25.6,0.1,4.3,0.1,3.0,0.3,7.3
392,Pat Connaughton,MIL,40,27,13,25.2,35.7,1.5,0.4,0.8,53.1,0.0,0.1,50.0,0.9,60.0,0.6,38.3,0.0,1.7,0.1,3.3,0.0,1.7
393,Patrick Baldwin Jr.,GSW,15,5,10,8.5,13.7,0.2,0.0,0.1,0.0,0.0,0.0,0.0,0.0,0.0,0.0,0.0,0.0,0.0,0.0,0.0,0.0,0.0
394,Patrick Beverley,LAL,45,21,24,26.9,33.4,0.8,0.2,0.3,58.3,0.0,0.0,100.0,0.4,43.2,0.4,48.6,0.1,8.1,0.1,8.1,0.0,2.7
395,Patrick Williams,CHI,56,25,31,29.0,39.9,2.0,0.9,1.2,69.6,0.2,0.3,85.7,1.9,99.1,0.5,25.5,0.1,4.5,0.1,2.7,0.1,6.4
396,Patty Mills,BKN,36,18,18,13.3,18.7,0.1,0.0,0.1,50.0,0.0,0.0,0.0,0.1,100.0,0.0,0.0,0.0,0.0,0.0,0.0,0.0,0.0
397,Paul George,LAC,42,25,17,34.2,70.3,1.2,0.5,0.6,77.8,0.1,0.1,100.0,1.1,94.0,0.4,32.0,0.0,4.0,0.1,8.0,0.0,4.0
398,Paul Reed,PHI,43,27,16,9.6,12.2,2.6,1.0,1.5,66.7,0.3,0.4,88.2,2.3,89.2,0.7,25.2,0.1,3.6,0.2,8.1,0.2,6.3
399,Payton Pritchard,BOS,41,30,11,12.7,22.0,0.7,0.2,0.3,90.9,0.0,0.0,0.0,0.5,72.4,0.4,51.7,0.0,6.9,0.0,6.9,0.0,0.0
400,Peyton Watson,DEN,11,7,4,3.4,5.3,0.1,0.0,0.1,0.0,0.0,0.0,0.0,0.0,0.0,0.0,0.0,0.0,0.0,0.0,0.0,0.0,0.0
401,Precious Achiuwa,TOR,34,18,16,23.3,35.5,4.1,1.7,2.5,67.4,0.5,0.8,63.0,4.0,95.7,0.9,22.7,0.2,5.0,0.2,4.3,0.4,9.2
402,Quentin Grimes,NYK,48,26,22,30.3,32.3,0.8,0.3,0.4,73.7,0.0,0.0,100.0,0.6,77.5,0.4,42.5,0.1,10.0,0.0,0.0,0.0,2.5
403,Quenton Jackson,WAS,2,1,1,2.9,3.0,0.0,0.0,0.0,0.0,0.0,0.0,0.0,0.0,0.0,0.0,0.0,0.0,0.0,0.0,0.0,0.0,0.0
404,R.J. Hampton,ORL,26,7,19,13.9,23.6,0.4,0.2,0.2,80.0,0.2,0.2,100.0,0.5,109.1,0.1,27.3,0.0,0.0,0.0,0.0,0.1,18.2
405,RJ Barrett,NYK,52,27,25,34.5,51.9,1.6,0.8,1.2,64.5,0.2,0.3,71.4,1.8,108.2,0.3,17.6,0.1,3.5,0.0,0.0,0.1,8.2
406,Raul Neto,CLE,38,26,12,10.3,20.3,0.2,0.1,0.1,80.0,0.0,0.0,0.0,0.2,100.0,0.1,37.5,0.0,0.0,0.0,0.0,0.0,0.0
407,Reggie Bullock,DAL,57,30,27,30.4,33.6,0.4,0.2,0.2,100.0,0.0,0.0,50.0,0.5,116.0,0.1,32.0,0.0,4.0,0.0,4.0,0.0,4.0
408,Reggie Jackson,LAC,52,28,24,25.7,52.1,0.6,0.1,0.3,31.3,0.0,0.0,0.0,0.2,32.3,0.2,35.5,0.0,6.5,0.1,9.7,0.0,0.0
409,Richaun Holmes,SAC,33,16,17,9.1,10.7,2.3,0.8,1.3,64.3,0.1,0.1,75.0,1.8,78.7,0.6,26.7,0.1,2.7,0.2,8.0,0.1,2.7
410,Ricky Rubio,CLE,14,10,4,16.8,41.3,0.1,0.0,0.0,0.0,0.0,0.0,0.0,0.0,0.0,0.1,50.0,0.0,0.0,0.1,50.0,0.0,0.0
411,Robert Covington,LAC,36,15,21,16.2,28.7,1.4,0.6,0.9,58.8,0.0,0.1,25.0,1.1,78.8,0.4,25.0,0.1,5.8,0.1,5.8,0.1,3.8
412,Robert Williams III,BOS,22,15,7,24.1,31.8,7.5,3.5,4.6,75.2,0.5,0.6,71.4,7.4,98.2,2.0,27.1,0.3,3.6,0.4,4.8,0.3,4.2
413,Robin Lopez,CLE,30,22,8,7.9,8.6,1.9,0.6,1.0,65.5,0.0,0.1,50.0,1.3,70.2,0.4,22.8,0.1,7.0,0.3,15.8,0.0,1.8
414,Rodney McGruder,DET,21,3,18,10.4,10.6,0.5,0.2,0.3,83.3,0.0,0.0,0.0,0.5,90.9,0.2,45.5,0.0,9.1,0.0,0.0,0.0,0.0
415,Romeo Langford,SAS,31,10,21,20.3,23.2,1.7,0.7,1.0,73.3,0.1,0.1,100.0,1.5,88.9,0.6,33.3,0.1,7.4,0.1,3.7,0.1,3.7
416,Ron Harper Jr.,TOR,3,2,1,3.1,4.0,0.3,0.3,0.3,100.0,0.0,0.0,0.0,0.7,200.0,0.0,0.0,0.0,0.0,0.0,0.0,0.0,0.0
417,Royce O'Neale,BKN,54,30,24,33.6,63.7,0.8,0.2,0.4,50.0,0.0,0.0,0.0,0.4,52.4,0.3,38.1,0.1,11.9,0.0,2.4,0.0,0.0
418,Rudy Gay,UTA,44,23,21,14.7,22.5,1.0,0.3,0.6,52.0,0.3,0.3,91.7,0.9,84.4,0.2,15.6,0.1,6.7,0.1,8.9,0.1,11.1
419,Rudy Gobert,MIN,49,23,26,30.4,42.7,10.7,4.3,6.0,70.9,1.7,2.6,68.0,10.5,97.9,1.9,17.9,0.3,2.9,0.9,8.7,1.2,11.4
420,Rui Hachimura,LAL,40,21,19,25.0,34.6,2.0,0.9,1.5,62.7,0.2,0.3,66.7,2.1,106.4,0.3,12.8,0.0,1.3,0.1,2.6,0.1,6.4
421,Russell Westbrook,UTA,52,25,27,28.7,62.9,1.7,0.5,0.9,57.8,0.3,0.3,77.8,1.3,78.2,0.4,23.0,0.1,6.9,0.1,6.9,0.2,9.2
422,Ryan Arcidiacono,POR,12,8,4,2.7,4.8,0.1,0.0,0.0,0.0,0.0,0.0,0.0,0.0,0.0,0.1,100.0,0.0,0.0,0.0,0.0,0.0,0.0
423,Ryan Rollins,GSW,12,5,7,5.2,11.6,0.4,0.1,0.2,50.0,0.0,0.0,0.0,0.2,40.0,0.1,20.0,0.0,0.0,0.2,40.0,0.0,0.0
424,Saben Lee,PHX,18,11,7,15.6,35.8,0.7,0.1,0.2,50.0,0.0,0.0,0.0,0.2,33.3,0.4,58.3,0.1,16.7,0.1,8.3,0.0,0.0
425,Saddiq Bey,ATL,52,12,40,28.7,40.4,1.0,0.4,0.7,54.1,0.2,0.3,85.7,1.0,98.1,0.2,18.5,0.0,3.7,0.0,0.0,0.1,11.1
426,Sam Hauser,BOS,55,39,16,15.3,18.3,0.6,0.2,0.4,65.0,0.0,0.0,0.0,0.5,83.9,0.2,32.3,0.1,9.7,0.0,3.2,0.0,0.0
427,Sandro Mamukelashvili,MIL,23,16,7,8.6,12.7,1.3,0.4,0.7,56.3,0.0,0.1,50.0,0.8,65.5,0.5,37.9,0.2,13.8,0.0,3.4,0.0,3.4
428,Santi Aldama,MEM,53,31,22,22.1,29.4,2.2,0.9,1.4,66.7,0.3,0.5,70.8,2.2,100.0,0.5,20.7,0.1,4.3,0.0,1.7,0.2,8.6
429,Scottie Barnes,TOR,55,25,30,35.2,73.7,4.9,1.7,3.0,58.3,0.5,0.6,79.4,4.0,81.9,1.2,25.2,0.3,6.7,0.3,5.6,0.3,5.9
430,Scotty Pippen Jr.,LAL,6,1,5,5.3,12.0,0.3,0.0,0.2,0.0,0.0,0.0,0.0,0.0,0.0,0.2,50.0,0.0,0.0,0.0,0.0,0.0,0.0
431,Serge Ibaka,MIL,16,11,5,11.6,13.5,2.2,0.8,1.1,66.7,0.4,0.5,75.0,1.9,85.7,0.6,25.7,0.0,0.0,0.1,5.7,0.2,8.6
432,Seth Curry,BKN,39,26,13,23.2,36.6,0.2,0.1,0.1,66.7,0.0,0.0,0.0,0.1,50.0,0.1,62.5,0.0,12.5,0.0,0.0,0.0,0.0
433,Shaedon Sharpe,POR,56,27,29,20.2,20.6,1.5,0.8,1.1,74.6,0.1,0.2,50.0,1.7,114.6,0.2,14.6,0.0,1.2,0.1,4.9,0.1,7.3
434,Shai Gilgeous-Alexander,OKC,52,24,28,35.5,73.5,1.5,0.7,1.0,70.6,0.1,0.1,75.0,1.5,97.4,0.3,19.2,0.1,5.1,0.1,7.7,0.0,2.6
435,Shake Milton,PHI,52,37,15,21.7,42.0,0.8,0.4,0.5,76.0,0.1,0.2,87.5,0.9,112.2,0.1,17.1,0.1,7.3,0.1,7.3,0.1,7.3
436,Simone Fontecchio,UTA,30,17,13,9.2,11.7,0.5,0.0,0.2,14.3,0.1,0.1,75.0,0.2,31.3,0.2,31.3,0.0,0.0,0.1,12.5,0.1,12.5
437,Spencer Dinwiddie,BKN,56,29,27,34.1,63.9,0.3,0.1,0.1,50.0,0.0,0.0,0.0,0.1,36.8,0.2,63.2,0.0,10.5,0.0,0.0,0.0,0.0
438,Stanley Johnson,SAS,29,5,24,15.8,26.0,1.0,0.2,0.4,41.7,0.1,0.1,100.0,0.4,41.4,0.5,48.3,0.1,10.3,0.0,3.4,0.0,3.4
439,Stephen Curry,GSW,37,19,18,34.9,79.5,1.1,0.5,0.7,80.0,0.1,0.1,100.0,1.2,107.1,0.1,11.9,0.1,4.8,0.1,11.9,0.0,2.4
440,Sterling Brown,LAL,4,2,2,6.1,6.0,0.8,0.0,0.5,0.0,0.0,0.0,0.0,0.0,0.0,0.3,33.3,0.0,0.0,0.0,0.0,0.0,0.0
441,Steven Adams,MEM,42,28,14,27.0,43.2,8.5,2.7,4.6,59.6,0.5,1.4,37.3,6.0,70.4,2.3,27.0,0.3,3.1,0.5,5.6,0.6,6.8
442,Svi Mykhailiuk,CHA,13,8,5,3.1,3.8,0.0,0.0,0.0,0.0,0.0,0.0,0.0,0.0,0.0,0.0,0.0,0.0,0.0,0.0,0.0,0.0,0.0
443,T.J. McConnell,IND,56,23,33,19.6,52.9,0.5,0.1,0.1,62.5,0.0,0.0,100.0,0.2,41.4,0.3,58.6,0.1,10.3,0.1,10.3,0.0,3.4
444,T.J. Warren,PHX,26,16,10,18.8,25.6,1.1,0.6,0.9,69.6,0.1,0.2,50.0,1.3,120.7,0.1,10.3,0.0,0.0,0.0,3.4,0.1,6.9
445,Taj Gibson,WAS,35,16,19,9.8,15.3,2.3,0.9,1.4,66.7,0.2,0.3,70.0,2.1,91.4,0.5,22.2,0.2,8.6,0.2,7.4,0.1,6.2
446,Talen Horton-Tucker,UTA,45,23,22,16.2,32.8,0.5,0.1,0.3,40.0,0.0,0.0,0.0,0.3,59.1,0.2,31.8,0.0,4.5,0.0,0.0,0.0,0.0
447,Tari Eason,HOU,57,13,44,19.4,30.1,3.0,1.2,1.9,59.5,0.2,0.3,76.5,2.6,85.5,0.7,23.1,0.2,5.2,0.2,5.2,0.1,4.6
448,Taurean Prince,MIN,36,21,15,21.2,27.9,0.5,0.3,0.3,100.0,0.1,0.1,100.0,0.6,116.7,0.2,33.3,0.0,5.6,0.0,5.6,0.0,5.6
449,Terance Mann,LAC,58,31,27,23.3,37.6,1.6,0.6,0.9,66.7,0.1,0.1,66.7,1.3,84.4,0.5,32.2,0.0,2.2,0.1,6.7,0.0,2.2
450,Terence Davis,SAC,43,24,19,13.6,20.7,0.7,0.3,0.4,76.5,0.0,0.0,0.0,0.6,89.7,0.2,27.6,0.0,3.4,0.0,0.0,0.0,0.0
451,Terrence Ross,ORL,42,16,26,22.5,22.6,0.1,0.0,0.0,100.0,0.0,0.0,0.0,0.0,66.7,0.0,33.3,0.0,0.0,0.0,33.3,0.0,0.0
452,Terry Rozier,CHA,49,13,36,35.6,74.3,1.2,0.2,0.7,36.4,0.0,0.0,0.0,0.5,44.8,0.4,31.0,0.1,5.2,0.1,5.2,0.0,0.0
453,Terry Taylor,IND,26,9,17,8.8,10.4,1.0,0.4,0.6,66.7,0.0,0.1,50.0,0.8,88.0,0.2,24.0,0.0,0.0,0.1,8.0,0.0,4.0
454,Thaddeus Young,TOR,46,19,27,16.2,28.8,2.9,1.4,1.9,73.3,0.1,0.2,62.5,2.9,101.5,0.7,24.2,0.1,4.5,0.1,4.5,0.1,3.0
455,Thanasis Antetokounmpo,MIL,24,16,8,4.1,4.3,0.6,0.1,0.3,42.9,0.0,0.1,50.0,0.3,50.0,0.1,21.4,0.0,0.0,0.1,14.3,0.0,7.1
456,Theo Maledon,CHA,36,10,26,16.1,36.7,0.2,0.1,0.1,100.0,0.0,0.0,0.0,0.2,85.7,0.1,28.6,0.0,14.3,0.0,14.3,0.0,0.0
457,Theo Pinson,DAL,31,15,16,6.8,13.5,0.3,0.0,0.1,33.3,0.0,0.1,50.0,0.1,30.0,0.2,50.0,0.1,30.0,0.0,10.0,0.0,10.0
458,Thomas Bryant,DEN,43,23,20,20.8,30.1,5.6,2.7,3.8,72.0,1.0,1.3,74.1,6.7,120.9,0.7,13.4,0.2,2.9,0.2,3.8,0.7,12.1
459,Tim Hardaway Jr.,DAL,54,31,23,30.2,44.8,0.5,0.2,0.3,72.2,0.1,0.1,75.0,0.6,110.3,0.1,27.6,0.0,6.9,0.0,3.4,0.0,6.9
460,Tobias Harris,PHI,52,34,18,33.5,51.1,1.9,0.8,1.0,79.6,0.1,0.2,62.5,1.8,93.0,0.6,33.0,0.1,3.0,0.1,4.0,0.1,4.0
461,Tony Bradley,CHI,10,4,6,2.9,5.2,0.2,0.1,0.1,100.0,0.0,0.0,0.0,0.2,100.0,0.1,50.0,0.0,0.0,0.0,0.0,0.0,0.0
462,Torrey Craig,PHX,55,30,25,25.8,33.3,2.8,1.1,1.6,67.8,0.2,0.2,69.2,2.4,85.2,0.8,29.0,0.2,5.8,0.1,5.2,0.1,3.9
463,Trae Young,ATL,51,27,24,35.5,81.4,0.7,0.2,0.3,85.7,0.1,0.1,100.0,0.6,82.9,0.2,34.3,0.0,5.7,0.1,8.6,0.0,5.7
464,Tre Jones,SAS,51,14,37,29.3,68.7,0.7,0.1,0.2,70.0,0.0,0.0,100.0,0.4,51.4,0.4,62.9,0.1,14.3,0.0,2.9,0.0,2.9
465,Tre Mann,OKC,50,24,26,18.6,31.3,0.4,0.2,0.3,50.0,0.0,0.0,0.0,0.3,84.2,0.1,15.8,0.0,0.0,0.0,0.0,0.0,0.0
466,Trendon Watford,POR,41,21,20,16.3,29.8,1.5,0.5,0.8,64.5,0.1,0.1,83.3,1.1,75.0,0.5,35.0,0.1,8.3,0.1,5.0,0.1,5.0
467,Trent Forrest,ATL,18,6,12,13.3,22.3,0.4,0.2,0.3,80.0,0.0,0.0,0.0,0.4,100.0,0.1,25.0,0.0,0.0,0.1,12.5,0.0,0.0
468,Trevelin Queen,IND,7,2,5,10.0,17.3,1.3,0.4,0.9,50.0,0.0,0.0,0.0,0.9,66.7,0.4,33.3,0.1,11.1,0.0,0.0,0.0,0.0
469,Trevor Hudgins,HOU,3,0,3,4.4,8.7,0.0,0.0,0.0,0.0,0.0,0.0,0.0,0.0,0.0,0.0,0.0,0.0,0.0,0.0,0.0,0.0,0.0
470,Trevor Keels,NYK,1,1,0,1.0,2.0,0.0,0.0,0.0,0.0,0.0,0.0,0.0,0.0,0.0,0.0,0.0,0.0,0.0,0.0,0.0,0.0,0.0
471,Trey Lyles,SAC,50,29,21,15.9,24.9,1.4,0.6,0.9,65.9,0.3,0.3,81.3,1.5,105.6,0.2,16.9,0.0,2.8,0.1,4.2,0.2,11.3
472,Trey Murphy III,NOP,55,27,28,29.5,34.3,1.3,0.8,0.9,80.8,0.1,0.1,100.0,1.7,127.4,0.2,17.8,0.0,1.4,0.1,6.8,0.0,2.7
473,Troy Brown Jr.,LAL,52,23,29,24.3,26.1,1.6,0.4,0.7,59.5,0.3,0.3,100.0,1.2,74.4,0.7,41.5,0.1,7.3,0.0,2.4,0.1,8.5
474,Ty Jerome,GSW,35,15,20,17.9,38.3,0.3,0.1,0.1,100.0,0.0,0.0,0.0,0.2,60.0,0.1,40.0,0.0,10.0,0.0,10.0,0.0,0.0
475,TyTy Washington Jr.,HOU,22,3,19,12.4,24.3,0.2,0.0,0.1,50.0,0.0,0.0,0.0,0.1,50.0,0.1,50.0,0.0,25.0,0.0,0.0,0.0,0.0
476,Tyler Dorsey,DAL,3,2,1,2.8,2.3,0.0,0.0,0.0,0.0,0.0,0.0,0.0,0.0,0.0,0.0,0.0,0.0,0.0,0.0,0.0,0.0,0.0
477,Tyler Herro,MIA,45,25,20,35.4,68.4,0.7,0.3,0.5,66.7,0.1,0.1,100.0,0.7,100.0,0.2,21.9,0.0,3.1,0.0,3.1,0.0,6.3
478,Tyrese Haliburton,IND,47,23,24,33.4,94.4,0.4,0.1,0.3,58.3,0.0,0.0,0.0,0.3,66.7,0.2,38.1,0.0,9.5,0.0,4.8,0.0,0.0
479,Tyrese Martin,ATL,13,8,5,3.5,4.6,0.2,0.0,0.1,0.0,0.0,0.0,0.0,0.0,0.0,0.2,66.7,0.0,0.0,0.0,0.0,0.0,0.0
480,Tyrese Maxey,PHI,37,24,13,32.9,69.0,0.3,0.1,0.2,44.4,0.0,0.0,0.0,0.3,83.3,0.1,25.0,0.1,25.0,0.0,0.0,0.0,0.0
481,Tyus Jones,MEM,56,34,22,23.3,51.6,0.2,0.0,0.1,33.3,0.0,0.0,0.0,0.1,25.0,0.1,33.3,0.0,8.3,0.1,33.3,0.0,0.0
482,Udoka Azubuike,UTA,23,13,10,5.8,5.3,1.7,0.8,0.9,90.5,0.0,0.1,0.0,1.7,97.4,0.3,17.9,0.0,0.0,0.3,17.9,0.0,2.6
483,Udonis Haslem,MIA,6,3,3,7.9,9.8,0.8,0.0,0.5,0.0,0.0,0.0,0.0,0.0,0.0,0.2,20.0,0.0,0.0,0.0,0.0,0.0,0.0
484,Usman Garuba,HOU,50,12,38,13.6,20.2,3.3,0.8,1.5,53.9,0.2,0.4,44.4,1.8,55.2,1.4,41.7,0.3,9.2,0.2,4.9,0.2,4.9
485,Vernon Carey Jr.,WAS,10,7,3,2.6,3.8,0.6,0.1,0.3,33.3,0.2,0.2,100.0,0.4,66.7,0.1,16.7,0.0,0.0,0.1,16.7,0.1,16.7
486,Victor Oladipo,MIA,26,17,9,28.4,52.7,0.6,0.2,0.3,44.4,0.1,0.1,100.0,0.4,66.7,0.2,33.3,0.0,6.7,0.0,0.0,0.0,6.7
487,Vince Williams Jr.,MEM,9,5,4,5.4,5.9,0.6,0.2,0.3,66.7,0.0,0.0,0.0,0.4,80.0,0.1,20.0,0.0,0.0,0.1,20.0,0.0,0.0
488,Vit Krejci,ATL,20,10,10,5.8,6.5,0.3,0.1,0.1,100.0,0.0,0.0,0.0,0.1,40.0,0.2,60.0,0.0,0.0,0.0,0.0,0.0,0.0
489,Vlatko Cancar,DEN,43,29,14,15.8,22.2,1.7,0.6,0.7,78.1,0.3,0.3,91.7,1.5,87.5,0.6,33.3,0.2,9.7,0.1,4.2,0.1,8.3
490,Walker Kessler,UTA,56,27,29,21.1,21.7,6.4,3.0,4.0,75.2,0.6,1.1,51.6,6.6,103.6,1.3,20.7,0.3,4.7,0.3,5.0,0.5,7.8
491,Wendell Carter Jr.,ORL,38,16,22,30.0,53.0,5.9,2.3,3.4,68.8,1.1,1.5,73.2,5.8,98.7,1.1,19.2,0.2,3.1,0.4,7.6,0.7,11.2
492,Wendell Moore Jr.,MIN,24,13,11,5.8,10.0,0.3,0.1,0.1,66.7,0.1,0.1,100.0,0.3,100.0,0.0,16.7,0.0,0.0,0.0,16.7,0.0,16.7
493,Wenyen Gabriel,LAL,45,21,24,15.6,20.9,4.4,1.7,2.4,69.7,0.5,0.8,64.7,4.0,90.9,1.1,25.3,0.1,2.0,0.3,6.1,0.3,6.6
494,Wesley Matthews,MIL,37,27,10,15.6,14.5,0.8,0.1,0.3,45.5,0.0,0.1,50.0,0.3,36.7,0.5,56.7,0.1,10.0,0.0,3.3,0.0,0.0
495,Will Barton,WAS,40,18,22,19.6,32.2,0.4,0.1,0.2,83.3,0.1,0.1,100.0,0.3,80.0,0.2,40.0,0.1,13.3,0.0,6.7,0.0,6.7
496,Willy Hernangomez,NOP,28,16,12,12.7,24.1,4.4,1.7,2.8,61.5,0.9,1.3,72.2,4.5,102.5,0.6,13.1,0.1,3.3,0.2,4.1,0.6,13.9
497,Xavier Tillman,MEM,37,23,14,14.8,23.3,3.9,1.1,1.8,62.7,0.4,0.8,53.3,2.8,70.8,1.5,38.2,0.2,4.2,0.1,3.5,0.4,10.4
498,Yuta Watanabe,BKN,43,23,20,17.9,18.7,1.0,0.4,0.6,66.7,0.0,0.0,100.0,0.8,87.8,0.3,31.7,0.1,7.3,0.0,4.9,0.0,2.4
499,Zach Collins,SAS,46,13,33,21.1,34.2,4.9,1.7,2.5,68.1,0.7,0.8,78.9,4.2,85.3,1.4,28.1,0.2,4.5,0.4,7.6,0.3,6.7
500,Zach LaVine,CHI,52,24,28,36.0,62.8,0.9,0.6,0.7,78.9,0.0,0.0,100.0,1.2,129.2,0.1,10.4,0.0,2.1,0.0,4.2,0.0,2.1
501,Zeke Nnaji,DEN,43,29,14,13.5,12.5,3.0,1.3,2.0,67.4,0.5,0.7,82.1,3.2,108.6,0.4,13.3,0.0,1.6,0.1,3.9,0.3,10.9
502,Ziaire Williams,MEM,28,16,12,17.4,19.0,1.3,0.7,0.9,76.9,0.3,0.4,80.0,1.7,137.1,0.0,2.9,0.0,0.0,0.1,8.6,0.2,14.3
503,Zion Williamson,NOP,29,17,12,33.0,66.0,4.5,2.3,3.2,72.3,0.5,0.9,60.0,5.2,116.0,0.6,13.0,0.1,2.3,0.2,4.6,0.4,8.4
