,PLAYER,TEAM,GP,W,L,MIN,Touches,Post Ups,FGM,FGA,FG%,FTM,FTA,FT%,PTS,PTS%,PASS,PASS%,AST,AST%,TO,TOV%,PF,PF%
0,A.J. Lawson,DAL,12,5,7,4.2,4.1,0.0,0.0,0.0,0.0,0.0,0.0,0.0,0.0,0.0,0.0,0.0,0.0,0.0,0.0,0.0,0.0,0.0
1,AJ Green,MIL,25,19,6,8.9,10.9,0.0,0.0,0.0,0.0,0.0,0.0,0.0,0.0,0.0,0.0,0.0,0.0,0.0,0.0,0.0,0.0,0.0
2,AJ Griffin,ATL,53,25,28,20.6,22.2,0.0,0.0,0.0,100.0,0.0,0.0,0.0,0.0,200.0,0.0,0.0,0.0,0.0,0.0,0.0,0.0,0.0
3,Aaron Gordon,DEN,49,35,14,30.3,42.8,2.3,0.6,1.2,50.9,0.5,0.7,71.9,1.7,75.7,0.5,21.6,0.1,3.6,0.1,6.3,0.3,13.5
4,Aaron Holiday,ATL,49,26,23,14.6,21.2,0.0,0.0,0.0,0.0,0.0,0.0,0.0,0.0,0.0,0.0,0.0,0.0,0.0,0.0,0.0,0.0,0.0
5,Aaron Nesmith,IND,51,21,30,24.3,34.1,0.0,0.0,0.0,0.0,0.0,0.0,0.0,0.0,0.0,0.0,0.0,0.0,0.0,0.0,0.0,0.0,0.0
6,Aaron Wiggins,OKC,44,24,20,18.7,21.6,0.0,0.0,0.0,100.0,0.0,0.0,0.0,0.0,200.0,0.0,0.0,0.0,0.0,0.0,0.0,0.0,0.0
7,Admiral Schofield,ORL,27,11,16,13.0,20.0,0.0,0.0,0.0,0.0,0.0,0.0,0.0,0.0,0.0,0.0,0.0,0.0,0.0,0.0,0.0,0.0,0.0
8,Al Horford,BOS,43,30,13,30.8,46.0,1.0,0.2,0.4,52.9,0.0,0.0,0.0,0.4,40.9,0.4,38.6,0.1,11.4,0.1,11.4,0.0,0.0
9,Alec Burks,DET,43,12,31,22.0,34.8,0.3,0.1,0.2,57.1,0.0,0.0,0.0,0.2,61.5,0.1,38.5,0.0,0.0,0.0,0.0,0.0,0.0
10,Aleksej Pokusevski,OKC,31,15,16,21.9,44.4,0.0,0.0,0.0,0.0,0.0,0.0,0.0,0.0,0.0,0.0,0.0,0.0,0.0,0.0,0.0,0.0,0.0
11,Alex Caruso,CHI,47,19,28,24.2,46.2,0.0,0.0,0.0,0.0,0.0,0.0,0.0,0.0,0.0,0.0,100.0,0.0,0.0,0.0,0.0,0.0,0.0
12,Alex Len,SAC,13,8,5,3.5,6.5,0.0,0.0,0.0,0.0,0.0,0.0,0.0,0.0,0.0,0.0,0.0,0.0,0.0,0.0,0.0,0.0,0.0
13,Alize Johnson,SAS,4,1,3,7.4,11.5,0.3,0.0,0.3,0.0,0.0,0.0,0.0,0.0,0.0,0.0,0.0,0.0,0.0,0.0,0.0,0.0,0.0
14,Alondes Williams,BKN,1,1,0,5.3,9.0,0.0,0.0,0.0,0.0,0.0,0.0,0.0,0.0,0.0,0.0,0.0,0.0,0.0,0.0,0.0,0.0,0.0
15,Alperen Sengun,HOU,51,10,41,28.3,53.7,4.2,0.9,1.7,56.5,0.4,0.6,70.0,2.3,54.7,1.5,36.9,0.4,9.3,0.3,6.1,0.3,7.0
16,Amir Coffey,LAC,39,20,19,14.6,15.8,0.0,0.0,0.0,0.0,0.0,0.0,0.0,0.0,0.0,0.0,0.0,0.0,0.0,0.0,0.0,0.0,0.0
17,Andre Drummond,CHI,43,19,24,12.9,18.6,0.4,0.1,0.2,50.0,0.0,0.0,50.0,0.2,56.3,0.1,37.5,0.0,6.3,0.0,0.0,0.0,6.3
18,Andre Iguodala,GSW,2,0,2,12.3,21.0,0.0,0.0,0.0,0.0,0.0,0.0,0.0,0.0,0.0,0.0,0.0,0.0,0.0,0.0,0.0,0.0,0.0
19,Andrew Nembhard,IND,51,22,29,27.3,44.6,0.0,0.0,0.0,0.0,0.0,0.0,0.0,0.0,0.0,0.0,50.0,0.0,50.0,0.0,50.0,0.0,0.0
20,Andrew Wiggins,GSW,35,17,18,32.1,45.8,1.6,0.4,0.7,54.2,0.1,0.1,50.0,0.8,50.0,0.7,44.6,0.2,10.7,0.0,1.8,0.1,3.6
21,Anfernee Simons,POR,54,26,28,35.9,69.7,0.0,0.0,0.0,0.0,0.0,0.0,0.0,0.0,0.0,0.0,0.0,0.0,0.0,0.0,0.0,0.0,0.0
22,Anthony Davis,LAL,33,15,18,33.5,68.1,5.6,1.4,2.9,48.5,1.2,1.4,82.6,4.0,72.3,1.3,22.8,0.3,4.9,0.3,5.4,0.7,12.5
23,Anthony Edwards,MIN,59,30,29,36.2,72.9,0.5,0.2,0.3,56.3,0.1,0.1,50.0,0.4,77.4,0.1,25.8,0.1,12.9,0.0,6.5,0.1,9.7
24,Anthony Gill,WAS,39,16,23,10.2,10.2,0.0,0.0,0.0,0.0,0.0,0.0,0.0,0.0,0.0,0.0,0.0,0.0,0.0,0.0,0.0,0.0,0.0
25,Anthony Lamb,GSW,41,22,19,19.2,32.5,0.4,0.0,0.0,0.0,0.0,0.0,0.0,0.0,0.0,0.3,93.3,0.0,13.3,0.0,0.0,0.0,0.0
26,Austin Reaves,LAL,39,18,21,28.1,35.6,0.0,0.0,0.0,0.0,0.0,0.0,0.0,0.0,0.0,0.0,0.0,0.0,0.0,0.0,0.0,0.0,0.0
27,Austin Rivers,MIN,44,22,22,21.1,24.9,0.0,0.0,0.0,0.0,0.0,0.0,0.0,0.0,0.0,0.0,0.0,0.0,0.0,0.0,0.0,0.0,0.0
28,Ayo Dosunmu,CHI,53,25,28,28.0,48.1,0.0,0.0,0.0,0.0,0.0,0.0,0.0,0.0,0.0,0.0,0.0,0.0,0.0,0.0,0.0,0.0,0.0
29,Bam Adebayo,MIA,52,29,23,35.3,64.8,2.7,0.7,1.3,50.0,0.3,0.4,81.0,1.6,61.2,0.8,29.5,0.2,7.2,0.2,8.6,0.2,7.9
30,Ben Simmons,BKN,40,23,17,26.8,62.3,1.1,0.3,0.5,50.0,0.0,0.1,0.0,0.5,44.4,0.6,48.9,0.3,22.2,0.0,2.2,0.0,2.2
31,Bennedict Mathurin,IND,58,25,33,28.2,42.4,0.1,0.0,0.1,0.0,0.0,0.0,100.0,0.0,33.3,0.0,16.7,0.0,0.0,0.0,0.0,0.0,16.7
32,Bismack Biyombo,PHX,45,25,20,14.0,22.9,0.9,0.1,0.4,31.6,0.0,0.1,16.7,0.3,32.5,0.2,22.5,0.0,0.0,0.1,12.5,0.1,7.5
33,Blake Griffin,BOS,24,16,8,13.4,19.0,0.4,0.0,0.1,33.3,0.0,0.1,50.0,0.2,40.0,0.2,40.0,0.0,0.0,0.0,0.0,0.0,10.0
34,Blake Wesley,SAS,12,2,10,12.8,26.0,0.0,0.0,0.0,0.0,0.0,0.0,0.0,0.0,0.0,0.0,0.0,0.0,0.0,0.0,0.0,0.0,0.0
35,Boban Marjanovic,HOU,17,1,16,4.2,5.6,1.2,0.5,0.9,56.3,0.0,0.0,0.0,1.3,110.0,0.2,15.0,0.0,0.0,0.0,0.0,0.0,0.0
36,Bobby Portis,MIL,47,30,17,26.8,52.6,3.2,1.0,1.9,52.8,0.1,0.2,75.0,2.1,66.4,0.9,28.3,0.1,4.6,0.1,3.9,0.1,2.6
37,Bogdan Bogdanovic,ATL,32,16,16,30.0,43.2,0.1,0.0,0.1,50.0,0.0,0.0,0.0,0.1,50.0,0.1,50.0,0.0,0.0,0.0,0.0,0.0,0.0
38,Bojan Bogdanovic,DET,53,15,38,31.9,46.5,1.0,0.2,0.5,36.0,0.2,0.2,100.0,0.5,53.7,0.2,24.1,0.0,0.0,0.1,13.0,0.1,9.3
39,Bol Bol,ORL,52,20,32,23.5,25.1,0.2,0.0,0.1,40.0,0.0,0.0,100.0,0.1,66.7,0.0,22.2,0.0,11.1,0.0,0.0,0.0,11.1
40,Bones Hyland,LAC,42,28,14,19.5,47.1,0.0,0.0,0.0,0.0,0.0,0.0,0.0,0.0,0.0,0.0,0.0,0.0,0.0,0.0,0.0,0.0,0.0
41,Bradley Beal,WAS,33,18,15,32.7,66.4,0.7,0.1,0.3,33.3,0.0,0.0,0.0,0.2,25.0,0.2,33.3,0.0,4.2,0.1,16.7,0.0,0.0
42,Brandon Boston Jr.,LAC,20,7,13,12.2,21.1,0.2,0.1,0.2,33.3,0.0,0.0,0.0,0.1,66.7,0.0,0.0,0.0,0.0,0.0,0.0,0.0,0.0
43,Brandon Clarke,MEM,49,28,21,19.7,29.1,0.2,0.0,0.1,25.0,0.0,0.0,100.0,0.1,50.0,0.0,25.0,0.0,25.0,0.0,0.0,0.0,12.5
44,Brandon Ingram,NOP,22,11,11,32.1,64.4,1.6,0.5,1.1,45.8,0.1,0.1,100.0,1.1,71.4,0.4,22.9,0.0,0.0,0.0,0.0,0.0,2.9
45,Braxton Key,DET,3,0,3,3.0,3.3,0.0,0.0,0.0,0.0,0.0,0.0,0.0,0.0,0.0,0.0,0.0,0.0,0.0,0.0,0.0,0.0,0.0
46,Brook Lopez,MIL,55,38,17,30.4,33.9,1.9,0.7,1.2,64.1,0.3,0.4,81.8,1.9,100.0,0.2,12.4,0.1,2.9,0.2,8.6,0.2,10.5
47,Bruce Brown,DEN,56,39,17,28.7,53.0,0.1,0.0,0.0,100.0,0.0,0.0,100.0,0.1,100.0,0.0,50.0,0.0,50.0,0.0,0.0,0.0,25.0
48,Bruno Fernando,ATL,31,9,22,11.7,21.1,0.2,0.1,0.1,66.7,0.0,0.0,0.0,0.1,66.7,0.1,50.0,0.0,0.0,0.0,0.0,0.0,0.0
49,Bryce McGowens,CHA,24,6,18,14.1,15.0,0.0,0.0,0.0,0.0,0.0,0.0,0.0,0.0,0.0,0.0,0.0,0.0,0.0,0.0,0.0,0.0,0.0
50,Bryn Forbes,MIN,25,9,16,10.7,11.9,0.0,0.0,0.0,0.0,0.0,0.0,0.0,0.0,0.0,0.0,0.0,0.0,0.0,0.0,0.0,0.0,0.0
51,Buddy Boeheim,DET,1,0,1,1.0,0.0,0.0,0.0,0.0,0.0,0.0,0.0,0.0,0.0,0.0,0.0,0.0,0.0,0.0,0.0,0.0,0.0,0.0
52,Buddy Hield,IND,58,25,33,32.1,60.1,0.0,0.0,0.0,0.0,0.0,0.0,0.0,0.0,0.0,0.0,0.0,0.0,0.0,0.0,0.0,0.0,0.0
53,CJ McCollum,NOP,51,26,25,35.0,75.4,0.1,0.0,0.0,0.0,0.0,0.0,0.0,0.0,0.0,0.0,66.7,0.0,0.0,0.0,0.0,0.0,0.0
54,Cade Cunningham,DET,12,3,9,33.3,78.3,0.4,0.1,0.1,100.0,0.0,0.0,0.0,0.3,60.0,0.3,60.0,0.0,0.0,0.1,20.0,0.0,0.0
55,Caleb Houstan,ORL,32,11,21,16.4,13.8,0.0,0.0,0.0,0.0,0.0,0.0,0.0,0.0,0.0,0.0,0.0,0.0,0.0,0.0,0.0,0.0,0.0
56,Caleb Martin,MIA,47,26,21,30.3,39.7,0.1,0.0,0.1,0.0,0.0,0.0,0.0,0.0,0.0,0.0,0.0,0.0,0.0,0.0,25.0,0.0,0.0
57,Cam Reddish,POR,21,9,12,21.7,19.8,0.0,0.0,0.0,0.0,0.0,0.0,0.0,0.0,0.0,0.0,0.0,0.0,0.0,0.0,0.0,0.0,0.0
58,Cam Thomas,BKN,39,24,15,16.4,29.1,0.0,0.0,0.0,0.0,0.0,0.0,0.0,0.0,0.0,0.0,0.0,0.0,0.0,0.0,0.0,0.0,0.0
59,Cameron Johnson,BKN,18,13,5,25.4,34.3,0.0,0.0,0.0,0.0,0.0,0.0,0.0,0.0,0.0,0.0,0.0,0.0,0.0,0.0,0.0,0.0,0.0
60,Cameron Payne,PHX,28,15,13,24.0,57.8,0.0,0.0,0.0,0.0,0.0,0.0,0.0,0.0,0.0,0.0,0.0,0.0,0.0,0.0,0.0,0.0,0.0
61,Caris LeVert,CLE,53,32,21,30.7,50.4,0.1,0.0,0.0,0.0,0.0,0.0,0.0,0.0,0.0,0.0,66.7,0.0,0.0,0.0,33.3,0.0,0.0
62,Cedi Osman,CLE,57,36,21,21.2,30.5,0.0,0.0,0.0,0.0,0.0,0.0,0.0,0.0,0.0,0.0,50.0,0.0,0.0,0.0,0.0,0.0,0.0
63,Charles Bassey,SAS,24,5,19,13.6,22.3,0.4,0.1,0.1,66.7,0.1,0.2,75.0,0.3,77.8,0.1,22.2,0.0,0.0,0.1,22.2,0.1,22.2
64,Chima Moneke,SAC,2,1,1,4.0,6.5,0.0,0.0,0.0,0.0,0.0,0.0,0.0,0.0,0.0,0.0,0.0,0.0,0.0,0.0,0.0,0.0,0.0
65,Chimezie Metu,SAC,43,25,18,10.8,16.2,0.3,0.1,0.2,50.0,0.0,0.0,0.0,0.2,69.2,0.1,23.1,0.0,0.0,0.0,15.4,0.0,0.0
66,Chris Boucher,TOR,51,24,27,20.8,24.7,0.1,0.0,0.0,0.0,0.0,0.0,0.0,0.0,0.0,0.0,0.0,0.0,0.0,0.0,33.3,0.0,0.0
67,Chris Duarte,IND,35,13,22,19.2,28.2,0.0,0.0,0.0,0.0,0.0,0.0,0.0,0.0,0.0,0.0,0.0,0.0,0.0,0.0,0.0,0.0,0.0
68,Chris Paul,PHX,37,19,18,31.8,75.6,0.3,0.0,0.1,33.3,0.1,0.1,100.0,0.1,40.0,0.1,50.0,0.0,0.0,0.0,10.0,0.0,10.0
69,Chris Silva,DAL,1,1,0,3.0,4.0,1.0,1.0,1.0,100.0,0.0,0.0,0.0,2.0,200.0,0.0,0.0,0.0,0.0,0.0,0.0,0.0,0.0
70,Christian Braun,DEN,52,36,16,15.0,17.0,0.0,0.0,0.0,0.0,0.0,0.0,0.0,0.0,0.0,0.0,0.0,0.0,0.0,0.0,0.0,0.0,0.0
71,Christian Koloko,TOR,45,21,24,14.6,15.4,0.0,0.0,0.0,0.0,0.0,0.0,0.0,0.0,0.0,0.0,100.0,0.0,0.0,0.0,0.0,0.0,0.0
72,Christian Wood,DAL,46,26,20,27.9,49.2,2.2,0.7,1.2,60.4,0.2,0.3,71.4,1.6,71.8,0.5,23.3,0.1,2.9,0.3,13.6,0.2,6.8
73,Chuma Okeke,ORL,18,5,13,21.8,25.9,0.1,0.0,0.0,0.0,0.1,0.1,50.0,0.1,100.0,0.0,0.0,0.0,0.0,0.0,0.0,0.1,100.0
74,Clint Capela,ATL,41,23,18,26.9,36.8,0.5,0.1,0.4,33.3,0.0,0.1,33.3,0.3,54.5,0.1,18.2,0.0,4.5,0.0,0.0,0.1,13.6
75,Coby White,CHI,47,22,25,21.8,33.7,0.0,0.0,0.0,0.0,0.0,0.0,0.0,0.0,0.0,0.0,0.0,0.0,0.0,0.0,0.0,0.0,0.0
76,Cody Martin,CHA,7,2,5,19.1,21.4,0.0,0.0,0.0,0.0,0.0,0.0,0.0,0.0,0.0,0.0,0.0,0.0,0.0,0.0,0.0,0.0,0.0
77,Cole Anthony,ORL,39,18,21,25.0,53.7,0.0,0.0,0.0,0.0,0.0,0.0,0.0,0.0,0.0,0.0,0.0,0.0,0.0,0.0,0.0,0.0,0.0
78,Cole Swider,LAL,6,1,5,6.7,9.2,0.0,0.0,0.0,0.0,0.0,0.0,0.0,0.0,0.0,0.0,0.0,0.0,0.0,0.0,0.0,0.0,0.0
79,Collin Sexton,UTA,45,23,22,24.4,46.7,0.0,0.0,0.0,0.0,0.0,0.0,0.0,0.0,0.0,0.0,0.0,0.0,0.0,0.0,0.0,0.0,0.0
80,Corey Kispert,WAS,47,22,25,27.4,31.1,0.0,0.0,0.0,0.0,0.0,0.0,0.0,0.0,0.0,0.0,0.0,0.0,0.0,0.0,0.0,0.0,0.0
81,Cory Joseph,DET,38,10,28,15.8,33.7,0.1,0.0,0.0,0.0,0.0,0.0,0.0,0.0,0.0,0.0,50.0,0.0,0.0,0.0,0.0,0.0,0.0
82,D'Angelo Russell,LAL,55,28,27,33.0,83.4,0.1,0.0,0.1,50.0,0.0,0.0,100.0,0.1,75.0,0.1,37.5,0.0,12.5,0.0,0.0,0.0,12.5
83,Daishen Nix,HOU,41,11,30,15.5,35.0,0.0,0.0,0.0,0.0,0.0,0.0,0.0,0.0,0.0,0.0,0.0,0.0,0.0,0.0,0.0,0.0,0.0
84,Dalano Banton,TOR,24,12,12,9.7,21.9,0.0,0.0,0.0,0.0,0.0,0.0,0.0,0.0,0.0,0.0,0.0,0.0,0.0,0.0,0.0,0.0,0.0
85,Dalen Terry,CHI,19,10,9,3.3,4.7,0.0,0.0,0.0,0.0,0.0,0.0,0.0,0.0,0.0,0.0,0.0,0.0,0.0,0.0,0.0,0.0,0.0
86,Damian Jones,UTA,22,6,16,8.0,9.3,0.1,0.0,0.0,0.0,0.1,0.1,100.0,0.1,100.0,0.0,50.0,0.0,0.0,0.0,0.0,0.0,50.0
87,Damian Lillard,POR,44,22,22,36.2,87.8,0.1,0.0,0.1,33.3,0.1,0.1,75.0,0.1,83.3,0.0,16.7,0.0,0.0,0.0,0.0,0.0,33.3
88,Damion Lee,PHX,58,31,27,22.3,30.9,0.0,0.0,0.0,0.0,0.0,0.0,0.0,0.0,0.0,0.0,0.0,0.0,0.0,0.0,0.0,0.0,0.0
89,Daniel Gafford,WAS,53,24,29,18.6,26.3,0.4,0.1,0.2,50.0,0.1,0.1,50.0,0.3,73.9,0.1,26.1,0.0,4.3,0.0,8.7,0.1,13.0
90,Daniel Theis,IND,5,1,4,14.2,20.4,0.2,0.0,0.2,0.0,0.0,0.0,0.0,0.0,0.0,0.0,0.0,0.0,0.0,0.0,0.0,0.0,0.0
91,Danny Green,HOU,3,1,2,14.5,19.7,0.0,0.0,0.0,0.0,0.0,0.0,0.0,0.0,0.0,0.0,0.0,0.0,0.0,0.0,0.0,0.0,0.0
92,Danuel House Jr.,PHI,36,23,13,15.1,16.9,0.0,0.0,0.0,0.0,0.0,0.0,0.0,0.0,0.0,0.0,0.0,0.0,0.0,0.0,0.0,0.0,0.0
93,Dario Saric,OKC,37,17,20,14.4,22.4,0.7,0.2,0.4,46.7,0.1,0.1,100.0,0.5,76.9,0.1,15.4,0.0,3.8,0.1,11.5,0.1,7.7
94,Darius Bazley,PHX,36,16,20,15.4,23.9,0.2,0.0,0.1,0.0,0.1,0.1,75.0,0.1,42.9,0.1,28.6,0.0,0.0,0.0,0.0,0.1,28.6
95,Darius Days,HOU,1,0,1,2.5,6.0,0.0,0.0,0.0,0.0,0.0,0.0,0.0,0.0,0.0,0.0,0.0,0.0,0.0,0.0,0.0,0.0,0.0
96,Darius Garland,CLE,49,27,22,35.1,78.3,0.0,0.0,0.0,100.0,0.0,0.0,0.0,0.0,100.0,0.0,0.0,0.0,0.0,0.0,0.0,0.0,0.0
97,David Duke Jr.,BKN,15,7,8,9.1,12.3,0.0,0.0,0.0,0.0,0.0,0.0,0.0,0.0,0.0,0.0,0.0,0.0,0.0,0.0,0.0,0.0,0.0
98,David Roddy,MEM,46,29,17,17.8,19.9,0.0,0.0,0.0,100.0,0.0,0.0,50.0,0.1,150.0,0.0,0.0,0.0,0.0,0.0,0.0,0.0,50.0
99,Davion Mitchell,SAC,55,31,24,18.0,34.7,0.0,0.0,0.0,0.0,0.0,0.0,0.0,0.0,0.0,0.0,0.0,0.0,0.0,0.0,0.0,0.0,0.0
100,Davis Bertans,DAL,34,17,17,10.6,12.6,0.0,0.0,0.0,0.0,0.0,0.0,0.0,0.0,0.0,0.0,0.0,0.0,0.0,0.0,0.0,0.0,0.0
101,Davon Reed,LAL,35,23,12,9.0,16.7,0.1,0.0,0.0,0.0,0.0,0.0,0.0,0.0,0.0,0.1,66.7,0.0,0.0,0.0,0.0,0.0,0.0
102,Day'Ron Sharpe,BKN,31,16,15,10.1,16.1,0.4,0.0,0.3,12.5,0.0,0.1,50.0,0.1,25.0,0.1,25.0,0.0,0.0,0.0,0.0,0.0,8.3
103,De'Aaron Fox,SAC,51,31,20,33.9,79.2,0.1,0.0,0.0,100.0,0.0,0.0,0.0,0.1,80.0,0.0,40.0,0.0,20.0,0.0,0.0,0.0,0.0
104,De'Andre Hunter,ATL,47,27,20,32.0,38.7,0.4,0.2,0.3,66.7,0.1,0.2,75.0,0.5,109.5,0.1,14.3,0.0,0.0,0.0,4.8,0.1,19.0
105,De'Anthony Melton,PHI,52,34,18,28.5,52.0,0.0,0.0,0.0,0.0,0.0,0.0,0.0,0.0,0.0,0.0,0.0,0.0,0.0,0.0,0.0,0.0,0.0
106,DeAndre Jordan,DEN,34,21,13,14.6,19.1,0.2,0.1,0.1,66.7,0.0,0.0,0.0,0.1,57.1,0.1,42.9,0.0,14.3,0.0,14.3,0.0,0.0
107,DeMar DeRozan,CHI,51,24,27,36.3,61.0,2.6,0.8,1.3,63.6,0.3,0.3,88.2,2.1,81.1,1.0,40.2,0.2,6.8,0.1,2.3,0.2,6.8
108,Dean Wade,CLE,29,21,8,22.7,25.0,0.0,0.0,0.0,0.0,0.0,0.0,0.0,0.0,0.0,0.0,0.0,0.0,0.0,0.0,0.0,0.0,0.0
109,Deandre Ayton,PHX,49,23,26,30.0,53.3,4.6,1.4,2.8,52.6,0.3,0.4,85.0,3.3,71.4,1.1,25.0,0.3,5.8,0.2,4.9,0.2,4.5
110,Dejounte Murray,ATL,52,27,25,36.5,72.8,0.1,0.0,0.1,33.3,0.0,0.0,50.0,0.1,42.9,0.1,42.9,0.0,0.0,0.0,0.0,0.0,14.3
111,Delon Wright,WAS,26,17,9,22.1,45.3,0.0,0.0,0.0,0.0,0.0,0.0,0.0,0.0,0.0,0.0,0.0,0.0,0.0,0.0,0.0,0.0,0.0
112,Deni Avdija,WAS,53,25,28,26.5,44.1,0.1,0.0,0.0,100.0,0.0,0.0,0.0,0.0,50.0,0.1,75.0,0.0,0.0,0.0,0.0,0.0,0.0
113,Dennis Schroder,LAL,44,22,22,30.2,52.7,0.0,0.0,0.0,0.0,0.0,0.0,0.0,0.0,0.0,0.0,0.0,0.0,0.0,0.0,0.0,0.0,0.0
114,Dennis Smith Jr.,CHA,36,9,27,24.9,51.3,0.0,0.0,0.0,100.0,0.0,0.0,0.0,0.1,200.0,0.0,0.0,0.0,0.0,0.0,0.0,0.0,0.0
115,Deonte Burton,SAC,2,1,1,3.3,2.0,0.0,0.0,0.0,0.0,0.0,0.0,0.0,0.0,0.0,0.0,0.0,0.0,0.0,0.0,0.0,0.0,0.0
116,Dereon Seabron,NOP,4,2,2,1.9,2.3,0.0,0.0,0.0,0.0,0.0,0.0,0.0,0.0,0.0,0.0,0.0,0.0,0.0,0.0,0.0,0.0,0.0
117,Derrick Jones Jr.,CHI,44,17,27,15.3,20.1,0.1,0.0,0.0,100.0,0.0,0.0,0.0,0.0,66.7,0.0,66.7,0.0,0.0,0.0,0.0,0.0,0.0
118,Derrick Rose,NYK,26,11,15,12.9,27.6,0.0,0.0,0.0,0.0,0.0,0.0,0.0,0.0,0.0,0.0,0.0,0.0,0.0,0.0,0.0,0.0,0.0
119,Derrick White,BOS,56,40,16,27.3,44.6,0.0,0.0,0.0,0.0,0.0,0.0,0.0,0.0,0.0,0.0,100.0,0.0,0.0,0.0,0.0,0.0,0.0
120,Desmond Bane,MEM,33,21,12,31.1,60.7,0.0,0.0,0.0,0.0,0.0,0.0,0.0,0.0,0.0,0.0,0.0,0.0,0.0,0.0,0.0,0.0,0.0
121,Devin Booker,PHX,31,20,11,34.0,63.0,1.0,0.4,0.5,73.3,0.2,0.2,100.0,0.9,96.7,0.3,30.0,0.0,3.3,0.0,3.3,0.1,10.0
122,Devin Vassell,SAS,29,8,21,31.3,54.2,0.0,0.0,0.0,0.0,0.0,0.0,0.0,0.0,0.0,0.0,0.0,0.0,0.0,0.0,0.0,0.0,0.0
123,Devon Dotson,WAS,6,1,5,8.9,16.3,0.0,0.0,0.0,0.0,0.0,0.0,0.0,0.0,0.0,0.0,0.0,0.0,0.0,0.0,0.0,0.0,0.0
124,Devonte' Graham,SAS,55,27,28,15.8,30.1,0.0,0.0,0.0,0.0,0.0,0.0,0.0,0.0,0.0,0.0,0.0,0.0,0.0,0.0,0.0,0.0,0.0
125,Dewayne Dedmon,MIA,30,17,13,11.7,19.7,0.5,0.1,0.4,36.4,0.1,0.1,100.0,0.3,71.4,0.0,7.1,0.0,0.0,0.0,7.1,0.0,7.1
126,Dillon Brooks,MEM,50,31,19,30.3,42.6,0.2,0.1,0.1,60.0,0.0,0.0,100.0,0.2,66.7,0.1,41.7,0.1,25.0,0.0,8.3,0.0,8.3
127,Domantas Sabonis,SAC,54,31,23,34.5,82.6,4.6,0.9,1.5,62.0,0.4,0.6,77.4,2.2,48.6,2.3,50.6,0.7,15.0,0.3,6.5,0.3,6.1
128,Dominick Barlow,SAS,8,0,8,9.0,12.5,0.1,0.0,0.0,0.0,0.0,0.0,0.0,0.0,0.0,0.1,100.0,0.0,0.0,0.0,0.0,0.0,0.0
129,Donovan Mitchell,CLE,48,32,16,35.4,68.8,0.0,0.0,0.0,0.0,0.0,0.0,0.0,0.0,0.0,0.0,0.0,0.0,0.0,0.0,0.0,0.0,0.0
130,Donte DiVincenzo,GSW,45,25,20,25.1,47.1,0.0,0.0,0.0,0.0,0.0,0.0,0.0,0.0,0.0,0.0,0.0,0.0,0.0,0.0,0.0,0.0,0.0
131,Dorian Finney-Smith,BKN,42,20,22,32.3,40.2,0.0,0.0,0.0,0.0,0.0,0.0,0.0,0.0,0.0,0.0,0.0,0.0,0.0,0.0,0.0,0.0,0.0
132,Doug McDermott,SAS,49,14,35,20.4,28.0,0.0,0.0,0.0,100.0,0.0,0.0,0.0,0.0,200.0,0.0,0.0,0.0,0.0,0.0,0.0,0.0,0.0
133,Draymond Green,GSW,49,26,23,31.8,74.1,1.0,0.1,0.1,50.0,0.0,0.0,0.0,0.1,12.2,0.8,83.7,0.2,20.4,0.0,2.0,0.0,0.0
134,Drew Eubanks,POR,54,25,29,19.3,25.5,0.4,0.1,0.2,55.6,0.0,0.0,0.0,0.2,52.6,0.1,42.1,0.1,15.8,0.0,0.0,0.0,0.0
135,Dru Smith,BKN,7,4,3,13.2,22.6,0.0,0.0,0.0,0.0,0.0,0.0,0.0,0.0,0.0,0.0,0.0,0.0,0.0,0.0,0.0,0.0,0.0
136,Duane Washington Jr.,PHX,31,17,14,12.7,30.0,0.0,0.0,0.0,0.0,0.0,0.0,0.0,0.0,0.0,0.0,0.0,0.0,0.0,0.0,0.0,0.0,0.0
137,Duncan Robinson,MIA,28,14,14,17.9,25.0,0.0,0.0,0.0,0.0,0.0,0.0,0.0,0.0,0.0,0.0,0.0,0.0,0.0,0.0,0.0,0.0,0.0
138,Dwight Powell,DAL,53,30,23,19.8,24.4,0.1,0.0,0.1,66.7,0.0,0.0,100.0,0.1,100.0,0.0,16.7,0.0,0.0,0.0,0.0,0.0,16.7
139,Dyson Daniels,NOP,39,21,18,19.9,30.5,0.0,0.0,0.0,0.0,0.0,0.0,0.0,0.0,0.0,0.0,100.0,0.0,0.0,0.0,0.0,0.0,0.0
140,Edmond Sumner,BKN,46,28,18,14.5,24.6,0.0,0.0,0.0,0.0,0.0,0.0,0.0,0.0,0.0,0.0,0.0,0.0,0.0,0.0,0.0,0.0,0.0
141,Eric Gordon,LAC,47,12,35,30.2,41.8,0.0,0.0,0.0,100.0,0.0,0.0,0.0,0.0,200.0,0.0,0.0,0.0,0.0,0.0,0.0,0.0,0.0
142,Eugene Omoruyi,OKC,22,8,14,12.0,14.0,0.0,0.0,0.0,0.0,0.0,0.0,0.0,0.0,0.0,0.0,0.0,0.0,0.0,0.0,0.0,0.0,0.0
143,Evan Fournier,NYK,22,12,10,18.7,24.5,0.0,0.0,0.0,0.0,0.0,0.0,0.0,0.0,0.0,0.0,0.0,0.0,0.0,0.0,0.0,0.0,0.0
144,Evan Mobley,CLE,57,35,22,34.1,58.0,2.1,0.4,1.1,38.7,0.3,0.5,67.9,1.2,54.9,0.4,20.5,0.1,5.7,0.2,9.0,0.2,11.5
145,Facundo Campazzo,DAL,8,2,6,6.5,14.9,0.0,0.0,0.0,0.0,0.0,0.0,0.0,0.0,0.0,0.0,0.0,0.0,0.0,0.0,0.0,0.0,0.0
146,Frank Kaminsky,HOU,26,11,15,6.8,13.4,0.1,0.1,0.1,100.0,0.0,0.0,0.0,0.2,133.3,0.0,33.3,0.0,0.0,0.0,0.0,0.0,0.0
147,Frank Ntilikina,DAL,34,17,17,11.6,15.9,0.0,0.0,0.0,0.0,0.0,0.1,0.0,0.0,0.0,0.0,0.0,0.0,0.0,0.0,0.0,0.0,100.0
148,Franz Wagner,ORL,56,22,34,33.2,55.2,0.3,0.0,0.1,28.6,0.2,0.2,90.0,0.2,68.4,0.1,31.6,0.0,10.5,0.0,0.0,0.1,26.3
149,Fred VanVleet,TOR,48,22,26,37.0,84.6,0.0,0.0,0.0,0.0,0.0,0.0,50.0,0.0,100.0,0.0,0.0,0.0,0.0,0.0,0.0,0.0,100.0
150,Furkan Korkmaz,PHI,25,17,8,10.2,15.3,0.0,0.0,0.0,0.0,0.0,0.0,0.0,0.0,0.0,0.0,0.0,0.0,0.0,0.0,0.0,0.0,0.0
151,Gabe Vincent,MIA,43,25,18,25.9,43.5,0.0,0.0,0.0,100.0,0.0,0.0,0.0,0.0,100.0,0.0,50.0,0.0,0.0,0.0,0.0,0.0,0.0
152,Garrett Temple,NOP,18,11,7,7.2,9.4,0.0,0.0,0.0,0.0,0.0,0.0,0.0,0.0,0.0,0.0,0.0,0.0,0.0,0.0,0.0,0.0,0.0
153,Garrison Mathews,ATL,45,12,33,13.4,14.6,0.0,0.0,0.0,0.0,0.0,0.0,0.0,0.0,0.0,0.0,0.0,0.0,0.0,0.0,0.0,0.0,0.0
154,Gary Harris,ORL,28,11,17,24.5,21.5,0.0,0.0,0.0,0.0,0.0,0.0,0.0,0.0,0.0,0.0,0.0,0.0,0.0,0.0,0.0,0.0,0.0
155,Gary Payton II,GSW,15,8,7,17.0,23.0,0.1,0.1,0.1,100.0,0.0,0.0,0.0,0.1,100.0,0.0,0.0,0.0,0.0,0.0,0.0,0.0,0.0
156,Gary Trent Jr.,TOR,50,23,27,33.6,40.3,0.0,0.0,0.0,0.0,0.0,0.0,0.0,0.0,0.0,0.0,0.0,0.0,0.0,0.0,0.0,0.0,0.0
157,George Hill,IND,35,24,11,19.1,33.8,0.0,0.0,0.0,0.0,0.0,0.0,0.0,0.0,0.0,0.0,0.0,0.0,0.0,0.0,0.0,0.0,0.0
158,Georges Niang,PHI,53,35,18,20.0,30.5,0.0,0.0,0.0,0.0,0.0,0.0,0.0,0.0,0.0,0.0,0.0,0.0,0.0,0.0,0.0,0.0,0.0
159,Giannis Antetokounmpo,MIL,45,33,12,33.3,82.0,4.7,0.8,1.8,45.0,0.5,0.7,77.4,2.2,46.2,1.9,40.0,0.5,11.0,0.5,11.0,0.3,7.1
160,Goga Bitadze,IND,21,8,13,9.6,14.6,0.3,0.0,0.1,33.3,0.0,0.2,25.0,0.1,42.9,0.0,14.3,0.0,0.0,0.0,0.0,0.1,28.6
161,Goran Dragic,CHI,49,22,27,15.6,34.6,0.1,0.0,0.0,0.0,0.1,0.1,75.0,0.1,75.0,0.0,50.0,0.0,0.0,0.0,0.0,0.0,50.0
162,Gordon Hayward,CHA,32,10,22,31.1,48.1,0.5,0.1,0.1,50.0,0.1,0.1,50.0,0.2,35.3,0.3,52.9,0.1,11.8,0.0,0.0,0.1,11.8
163,Gorgui Dieng,SAS,19,2,17,10.2,18.7,0.3,0.0,0.1,0.0,0.0,0.0,0.0,0.0,0.0,0.2,50.0,0.0,0.0,0.1,33.3,0.0,0.0
164,Grant Williams,BOS,55,40,15,27.7,31.3,0.1,0.0,0.1,20.0,0.0,0.0,0.0,0.0,33.3,0.0,16.7,0.0,0.0,0.0,0.0,0.0,0.0
165,Grayson Allen,MIL,52,37,15,27.5,36.8,0.0,0.0,0.0,0.0,0.0,0.0,0.0,0.0,0.0,0.0,0.0,0.0,0.0,0.0,0.0,0.0,0.0
166,Greg Brown III,POR,16,10,6,5.8,5.3,0.0,0.0,0.0,0.0,0.0,0.0,0.0,0.0,0.0,0.0,0.0,0.0,0.0,0.0,0.0,0.0,0.0
167,Hamidou Diallo,DET,47,12,35,16.6,25.2,0.1,0.0,0.0,0.0,0.0,0.0,0.0,0.0,0.0,0.1,57.1,0.0,14.3,0.0,14.3,0.0,0.0
168,Harrison Barnes,SAC,56,32,24,32.6,48.0,0.7,0.2,0.3,78.6,0.2,0.3,81.3,0.7,102.7,0.2,32.4,0.0,2.7,0.0,2.7,0.1,21.6
169,Haywood Highsmith,MIA,41,23,18,19.4,21.7,0.0,0.0,0.0,0.0,0.0,0.0,50.0,0.0,0.0,0.0,0.0,0.0,0.0,0.0,0.0,0.0,50.0
170,Herbert Jones,NOP,41,18,23,28.9,41.6,0.1,0.0,0.0,0.0,0.1,0.1,75.0,0.1,100.0,0.0,33.3,0.0,33.3,0.0,0.0,0.0,66.7
171,Immanuel Quickley,NYK,57,31,26,27.8,47.7,0.0,0.0,0.0,0.0,0.0,0.0,0.0,0.0,0.0,0.0,100.0,0.0,0.0,0.0,0.0,0.0,0.0
172,Isaac Okoro,CLE,59,37,22,21.0,20.1,0.0,0.0,0.0,100.0,0.0,0.0,0.0,0.0,200.0,0.0,0.0,0.0,0.0,0.0,0.0,0.0,0.0
173,Isaiah Hartenstein,NYK,58,31,27,19.5,29.7,0.2,0.1,0.1,100.0,0.0,0.0,50.0,0.2,100.0,0.1,44.4,0.0,11.1,0.0,0.0,0.0,11.1
174,Isaiah Jackson,IND,43,16,27,15.3,21.5,0.3,0.0,0.1,33.3,0.1,0.1,83.3,0.2,64.3,0.1,35.7,0.0,7.1,0.0,0.0,0.1,21.4
175,Isaiah Joe,OKC,47,24,23,15.6,20.0,0.0,0.0,0.0,0.0,0.0,0.0,0.0,0.0,0.0,0.0,0.0,0.0,0.0,0.0,0.0,0.0,0.0
176,Isaiah Livers,DET,34,9,25,20.9,23.8,0.0,0.0,0.0,100.0,0.0,0.0,0.0,0.1,200.0,0.0,0.0,0.0,0.0,0.0,0.0,0.0,0.0
177,Isaiah Mobley,CLE,8,5,3,3.3,5.1,0.1,0.1,0.1,100.0,0.0,0.0,0.0,0.3,200.0,0.0,0.0,0.0,0.0,0.0,0.0,0.0,0.0
178,Isaiah Roby,SAS,40,9,31,11.5,19.1,0.2,0.1,0.1,100.0,0.0,0.1,50.0,0.1,71.4,0.1,42.9,0.0,0.0,0.0,0.0,0.0,14.3
179,Isaiah Stewart,DET,45,12,33,28.3,39.6,0.8,0.1,0.4,31.6,0.0,0.0,50.0,0.3,37.1,0.2,25.7,0.1,11.4,0.1,17.1,0.0,2.9
180,Isaiah Todd,WAS,4,2,2,3.1,4.3,0.0,0.0,0.0,0.0,0.0,0.0,0.0,0.0,0.0,0.0,0.0,0.0,0.0,0.0,0.0,0.0,0.0
181,Ish Smith,DEN,28,18,10,9.9,23.0,0.0,0.0,0.0,0.0,0.0,0.0,0.0,0.0,0.0,0.0,0.0,0.0,0.0,0.0,0.0,0.0,0.0
182,Ish Wainright,PHX,40,21,19,15.6,16.0,0.0,0.0,0.0,0.0,0.0,0.0,0.0,0.0,0.0,0.0,0.0,0.0,0.0,0.0,0.0,0.0,0.0
183,Ivica Zubac,LAC,57,30,27,29.4,42.7,1.8,0.6,1.0,60.7,0.4,0.5,76.9,1.5,84.6,0.3,17.3,0.1,2.9,0.2,10.6,0.2,12.5
184,JD Davison,BOS,5,4,1,2.3,2.8,0.0,0.0,0.0,0.0,0.0,0.0,0.0,0.0,0.0,0.0,0.0,0.0,0.0,0.0,0.0,0.0,0.0
185,JT Thor,CHA,45,10,35,10.9,13.9,0.0,0.0,0.0,0.0,0.0,0.0,0.0,0.0,0.0,0.0,0.0,0.0,0.0,0.0,0.0,0.0,0.0
186,Ja Morant,MEM,46,30,16,32.7,80.3,0.1,0.0,0.1,0.0,0.0,0.0,0.0,0.0,0.0,0.0,16.7,0.0,0.0,0.0,16.7,0.0,0.0
187,JaMychal Green,GSW,36,18,18,14.8,23.6,0.4,0.1,0.1,100.0,0.0,0.1,50.0,0.1,33.3,0.3,73.3,0.0,6.7,0.0,6.7,0.0,6.7
188,JaVale McGee,DAL,34,17,17,8.3,11.9,0.4,0.1,0.3,30.0,0.1,0.1,100.0,0.2,57.1,0.1,14.3,0.0,0.0,0.0,7.1,0.0,7.1
189,Jabari Smith Jr.,HOU,53,12,41,29.8,45.1,0.8,0.2,0.4,45.5,0.1,0.2,87.5,0.5,61.4,0.2,25.0,0.0,0.0,0.1,9.1,0.1,9.1
190,Jabari Walker,POR,36,18,18,8.5,9.7,0.1,0.0,0.1,50.0,0.0,0.0,0.0,0.1,50.0,0.1,50.0,0.0,0.0,0.0,0.0,0.0,0.0
191,Jack White,DEN,13,11,2,3.2,4.5,0.0,0.0,0.0,0.0,0.0,0.0,0.0,0.0,0.0,0.0,0.0,0.0,0.0,0.0,0.0,0.0,0.0
192,Jaden Hardy,DAL,29,15,14,11.2,18.3,0.0,0.0,0.0,0.0,0.0,0.0,0.0,0.0,0.0,0.0,0.0,0.0,0.0,0.0,0.0,0.0,0.0
193,Jaden Ivey,DET,52,15,37,30.1,54.6,0.0,0.0,0.0,0.0,0.0,0.0,0.0,0.0,0.0,0.0,50.0,0.0,50.0,0.0,0.0,0.0,0.0
194,Jaden McDaniels,MIN,56,29,27,30.5,38.8,0.2,0.0,0.1,28.6,0.0,0.1,50.0,0.1,46.2,0.1,23.1,0.0,7.7,0.0,7.7,0.0,15.4
195,Jaden Springer,PHI,7,7,0,3.7,4.0,0.0,0.0,0.0,0.0,0.0,0.0,0.0,0.0,0.0,0.0,0.0,0.0,0.0,0.0,0.0,0.0,0.0
196,Jae'Sean Tate,HOU,18,3,15,20.9,39.7,1.2,0.3,0.5,66.7,0.0,0.0,0.0,0.7,54.5,0.3,22.7,0.1,9.1,0.2,18.2,0.0,0.0
197,Jake LaRavia,MEM,30,20,10,12.7,15.3,0.1,0.0,0.0,100.0,0.0,0.0,0.0,0.1,100.0,0.0,50.0,0.0,0.0,0.0,0.0,0.0,0.0
198,Jakob Poeltl,TOR,46,11,35,25.9,53.3,2.0,0.5,0.9,58.1,0.1,0.2,60.0,1.3,65.6,0.7,34.4,0.1,4.4,0.2,8.9,0.1,5.6
199,Jalen Brunson,NYK,54,29,25,35.0,85.2,1.0,0.2,0.4,56.5,0.1,0.1,100.0,0.6,61.5,0.4,44.2,0.1,13.5,0.0,3.8,0.1,5.8
200,Jalen Duren,DET,48,14,34,25.4,35.3,0.8,0.2,0.5,37.5,0.1,0.2,50.0,0.5,57.9,0.1,13.2,0.0,5.3,0.1,7.9,0.1,10.5
201,Jalen Green,HOU,52,11,41,34.3,66.0,0.0,0.0,0.0,0.0,0.0,0.0,0.0,0.0,0.0,0.0,0.0,0.0,0.0,0.0,0.0,0.0,0.0
202,Jalen Johnson,ATL,53,27,26,14.6,21.0,0.1,0.0,0.0,0.0,0.0,0.0,50.0,0.0,20.0,0.0,20.0,0.0,0.0,0.0,0.0,0.0,20.0
203,Jalen McDaniels,PHI,57,16,41,26.5,41.5,0.1,0.0,0.0,0.0,0.0,0.0,0.0,0.0,0.0,0.1,80.0,0.0,20.0,0.0,0.0,0.0,0.0
204,Jalen Smith,IND,50,23,27,18.4,30.1,0.4,0.1,0.3,30.8,0.1,0.1,50.0,0.2,52.4,0.0,9.5,0.0,4.8,0.0,9.5,0.1,14.3
205,Jalen Suggs,ORL,32,12,20,22.8,46.0,0.1,0.1,0.1,66.7,0.0,0.0,0.0,0.1,133.3,0.0,0.0,0.0,0.0,0.0,0.0,0.0,0.0
206,Jalen Williams,OKC,51,25,26,29.0,43.2,0.0,0.0,0.0,0.0,0.0,0.0,0.0,0.0,0.0,0.0,0.0,0.0,0.0,0.0,0.0,0.0,0.0
207,Jamal Cain,MIA,13,8,5,13.9,13.3,0.0,0.0,0.0,0.0,0.0,0.0,0.0,0.0,0.0,0.0,0.0,0.0,0.0,0.0,0.0,0.0,0.0
208,Jamal Murray,DEN,45,32,13,32.5,71.3,0.6,0.2,0.4,50.0,0.1,0.1,66.7,0.4,69.0,0.2,31.0,0.1,13.8,0.0,0.0,0.1,10.3
209,Jamaree Bouyea,MIA,2,2,0,11.7,20.0,0.0,0.0,0.0,0.0,0.0,0.0,0.0,0.0,0.0,0.0,0.0,0.0,0.0,0.0,0.0,0.0,0.0
210,James Bouknight,CHA,26,5,21,13.6,18.1,0.0,0.0,0.0,0.0,0.0,0.0,0.0,0.0,0.0,0.0,0.0,0.0,0.0,0.0,0.0,0.0,0.0
211,James Harden,PHI,39,26,13,36.5,93.1,0.4,0.2,0.2,87.5,0.0,0.1,50.0,0.4,88.2,0.2,41.2,0.1,29.4,0.0,0.0,0.0,5.9
212,James Johnson,IND,12,5,7,8.2,10.8,0.1,0.0,0.1,0.0,0.0,0.0,0.0,0.0,0.0,0.0,0.0,0.0,0.0,0.0,0.0,0.0,0.0
213,James Wiseman,DET,21,9,12,12.5,23.2,0.7,0.2,0.4,44.4,0.0,0.1,0.0,0.4,57.1,0.0,7.1,0.0,0.0,0.1,14.3,0.0,7.1
214,Jared Rhoden,DET,1,0,1,12.0,12.0,0.0,0.0,0.0,0.0,0.0,0.0,0.0,0.0,0.0,0.0,0.0,0.0,0.0,0.0,0.0,0.0,0.0
215,Jaren Jackson Jr.,MEM,38,24,14,27.3,38.1,2.3,0.8,1.5,57.1,0.2,0.3,80.0,1.9,82.0,0.4,18.0,0.1,4.5,0.2,9.0,0.1,5.6
216,Jarred Vanderbilt,LAL,53,26,27,24.0,33.5,0.0,0.0,0.0,0.0,0.0,0.0,0.0,0.0,0.0,0.0,0.0,0.0,0.0,0.0,0.0,0.0,0.0
217,Jarrett Allen,CLE,52,34,18,33.1,44.3,1.1,0.3,0.6,51.7,0.2,0.2,100.0,0.7,66.7,0.3,26.3,0.0,1.8,0.1,8.8,0.1,7.0
218,Jarrett Culver,ATL,10,5,5,13.7,20.5,0.0,0.0,0.0,0.0,0.0,0.0,0.0,0.0,0.0,0.0,0.0,0.0,0.0,0.0,0.0,0.0,0.0
219,Jason Preston,LAC,13,3,10,9.4,23.7,0.0,0.0,0.0,0.0,0.0,0.0,0.0,0.0,0.0,0.0,0.0,0.0,0.0,0.0,0.0,0.0,0.0
220,Javonte Green,CHI,28,11,17,16.0,23.7,0.0,0.0,0.0,0.0,0.0,0.0,0.0,0.0,0.0,0.0,0.0,0.0,0.0,0.0,0.0,0.0,0.0
221,Jaxson Hayes,NOP,31,14,17,14.0,16.0,0.1,0.0,0.1,0.0,0.0,0.0,0.0,0.0,0.0,0.0,25.0,0.0,0.0,0.0,25.0,0.0,0.0
222,Jaylen Brown,BOS,48,33,15,35.6,63.8,0.6,0.2,0.3,61.5,0.0,0.0,100.0,0.4,64.3,0.3,46.4,0.0,3.6,0.0,0.0,0.0,3.6
223,Jaylen Nowell,MIN,59,30,29,19.9,34.5,0.0,0.0,0.0,0.0,0.0,0.0,0.0,0.0,0.0,0.0,0.0,0.0,0.0,0.0,0.0,0.0,0.0
224,Jaylin Williams,OKC,23,11,12,15.3,30.8,0.0,0.0,0.0,0.0,0.0,0.0,0.0,0.0,0.0,0.0,100.0,0.0,0.0,0.0,0.0,0.0,0.0
225,Jayson Tatum,BOS,53,38,15,37.3,74.7,1.3,0.4,0.6,58.8,0.5,0.6,90.6,1.4,101.4,0.3,19.7,0.0,2.8,0.1,8.5,0.3,22.5
226,Jeff Dowtin Jr.,TOR,14,9,5,6.6,10.8,0.0,0.0,0.0,0.0,0.0,0.0,0.0,0.0,0.0,0.0,0.0,0.0,0.0,0.0,0.0,0.0,0.0
227,Jeff Green,DEN,35,22,13,19.0,25.9,1.3,0.3,0.7,36.0,0.2,0.3,70.0,0.7,53.2,0.4,29.8,0.1,4.3,0.1,4.3,0.1,10.6
228,Jerami Grant,POR,54,25,29,35.7,53.5,2.9,0.5,0.9,51.0,0.2,0.3,72.2,1.2,42.6,1.5,52.9,0.3,9.7,0.1,3.9,0.2,5.8
229,Jeremiah Robinson-Earl,OKC,26,10,16,21.1,32.3,0.0,0.0,0.0,0.0,0.0,0.0,0.0,0.0,0.0,0.0,0.0,0.0,0.0,0.0,0.0,0.0,0.0
230,Jeremy Sochan,SAS,45,11,34,25.8,42.6,1.0,0.1,0.3,20.0,0.0,0.1,50.0,0.2,17.4,0.6,54.3,0.1,6.5,0.0,4.3,0.0,4.3
231,Jericho Sims,NYK,45,25,20,16.0,19.9,0.0,0.0,0.0,0.0,0.0,0.0,0.0,0.0,0.0,0.0,0.0,0.0,0.0,0.0,0.0,0.0,0.0
232,Jevon Carter,MIL,56,39,17,22.5,38.3,0.0,0.0,0.0,0.0,0.0,0.0,0.0,0.0,0.0,0.0,0.0,0.0,0.0,0.0,0.0,0.0,0.0
233,Jimmy Butler,MIA,42,24,18,33.8,62.9,2.5,0.5,1.1,39.6,0.1,0.2,75.0,1.1,42.5,1.1,44.3,0.2,7.5,0.1,2.8,0.1,3.8
234,Jock Landale,PHX,49,25,24,14.4,24.0,1.6,0.5,0.8,62.5,0.2,0.3,78.6,1.3,84.2,0.4,25.0,0.1,5.3,0.1,3.9,0.1,9.2
235,Joe Harris,BKN,49,28,21,24.2,25.6,0.0,0.0,0.0,0.0,0.0,0.0,0.0,0.0,0.0,0.0,100.0,0.0,0.0,0.0,0.0,0.0,0.0
236,Joe Ingles,MIL,23,15,8,22.2,32.3,0.0,0.0,0.0,0.0,0.0,0.0,0.0,0.0,0.0,0.0,0.0,0.0,0.0,0.0,0.0,0.0,0.0
237,Joe Wieskamp,TOR,2,1,1,8.5,9.0,0.0,0.0,0.0,0.0,0.0,0.0,0.0,0.0,0.0,0.0,0.0,0.0,0.0,0.0,0.0,0.0,0.0
238,Joel Embiid,PHI,43,28,15,34.9,72.4,7.0,1.5,3.1,48.1,1.5,1.8,84.4,4.6,66.3,2.4,34.3,0.4,5.3,0.3,4.0,0.9,12.7
239,John Butler Jr.,POR,7,1,6,3.4,2.4,0.0,0.0,0.0,0.0,0.0,0.0,0.0,0.0,0.0,0.0,0.0,0.0,0.0,0.0,0.0,0.0,0.0
240,John Collins,ATL,49,26,23,31.3,45.3,2.7,0.9,1.7,51.2,0.3,0.3,81.3,2.0,74.2,0.4,16.7,0.2,6.1,0.2,7.6,0.2,6.1
241,John Konchar,MEM,47,29,18,23.0,32.3,0.0,0.0,0.0,0.0,0.0,0.0,0.0,0.0,0.0,0.0,0.0,0.0,0.0,0.0,0.0,0.0,0.0
242,John Wall,HOU,34,15,19,22.2,55.4,0.4,0.1,0.2,57.1,0.0,0.0,0.0,0.2,66.7,0.1,33.3,0.0,8.3,0.0,0.0,0.0,0.0
243,Johnny Davis,WAS,12,5,7,5.0,6.7,0.0,0.0,0.0,0.0,0.0,0.0,0.0,0.0,0.0,0.0,0.0,0.0,0.0,0.0,0.0,0.0,0.0
244,Jonas Valanciunas,NOP,56,28,28,24.6,49.1,4.4,1.1,2.1,50.8,0.5,0.7,73.0,2.8,62.6,1.2,27.6,0.2,5.3,0.5,11.4,0.3,7.3
245,Jonathan Isaac,ORL,9,6,3,10.5,18.1,0.7,0.2,0.4,50.0,0.0,0.0,0.0,0.4,66.7,0.1,16.7,0.0,0.0,0.0,0.0,0.0,0.0
246,Jonathan Kuminga,GSW,44,24,20,19.3,31.2,1.3,0.1,0.4,26.3,0.0,0.0,100.0,0.3,24.1,0.7,55.2,0.2,17.2,0.1,5.2,0.0,1.7
247,Jordan Clarkson,UTA,56,27,29,32.4,55.6,0.2,0.1,0.1,42.9,0.0,0.0,100.0,0.1,61.5,0.0,15.4,0.0,0.0,0.0,7.7,0.0,7.7
248,Jordan Goodwin,WAS,40,15,25,18.0,36.7,0.0,0.0,0.0,100.0,0.0,0.0,0.0,0.1,200.0,0.0,0.0,0.0,0.0,0.0,0.0,0.0,0.0
249,Jordan Hall,SAS,9,1,8,9.2,17.8,0.0,0.0,0.0,0.0,0.0,0.0,0.0,0.0,0.0,0.0,0.0,0.0,0.0,0.0,0.0,0.0,0.0
250,Jordan McLaughlin,MIN,22,12,10,15.5,35.8,0.0,0.0,0.0,0.0,0.0,0.0,0.0,0.0,0.0,0.0,0.0,0.0,0.0,0.0,0.0,0.0,0.0
251,Jordan Nwora,IND,38,26,12,15.7,22.1,0.0,0.0,0.0,0.0,0.0,0.0,0.0,0.0,0.0,0.0,100.0,0.0,0.0,0.0,0.0,0.0,0.0
252,Jordan Poole,GSW,55,27,28,30.6,68.2,0.0,0.0,0.0,0.0,0.0,0.0,100.0,0.0,200.0,0.0,0.0,0.0,0.0,0.0,0.0,0.0,100.0
253,Jordan Schakel,WAS,2,0,2,3.1,5.0,0.0,0.0,0.0,0.0,0.0,0.0,0.0,0.0,0.0,0.0,0.0,0.0,0.0,0.0,0.0,0.0,0.0
254,Jose Alvarado,NOP,56,29,27,21.6,46.6,0.0,0.0,0.0,0.0,0.0,0.0,0.0,0.0,0.0,0.0,0.0,0.0,0.0,0.0,0.0,0.0,0.0
255,Josh Christopher,HOU,38,7,31,9.7,15.5,0.0,0.0,0.0,0.0,0.1,0.1,100.0,0.1,200.0,0.0,0.0,0.0,0.0,0.0,0.0,0.0,100.0
256,Josh Giddey,OKC,50,22,28,30.9,77.5,0.2,0.0,0.0,0.0,0.0,0.0,0.0,0.0,0.0,0.1,62.5,0.0,25.0,0.0,0.0,0.0,0.0
257,Josh Green,DAL,38,20,18,24.4,30.7,0.0,0.0,0.0,0.0,0.0,0.0,0.0,0.0,0.0,0.0,0.0,0.0,0.0,0.0,0.0,0.0,0.0
258,Josh Hart,NYK,52,26,26,33.3,45.3,0.1,0.0,0.0,100.0,0.0,0.0,0.0,0.0,66.7,0.0,33.3,0.0,0.0,0.0,0.0,0.0,0.0
259,Josh Minott,MIN,11,5,6,6.2,7.5,0.0,0.0,0.0,0.0,0.0,0.0,0.0,0.0,0.0,0.0,0.0,0.0,0.0,0.0,0.0,0.0,0.0
260,Josh Okogie,PHX,48,24,24,13.9,18.8,0.0,0.0,0.0,0.0,0.0,0.0,0.0,0.0,0.0,0.0,0.0,0.0,0.0,0.0,0.0,0.0,0.0
261,Josh Richardson,NOP,41,11,30,23.8,45.8,0.0,0.0,0.0,0.0,0.0,0.0,0.0,0.0,0.0,0.0,0.0,0.0,0.0,0.0,0.0,0.0,0.0
262,Joshua Primo,SAS,4,3,1,23.3,43.0,0.0,0.0,0.0,0.0,0.0,0.0,0.0,0.0,0.0,0.0,0.0,0.0,0.0,0.0,0.0,0.0,0.0
263,Jrue Holiday,MIL,45,33,12,32.9,74.7,0.9,0.1,0.4,31.6,0.2,0.2,100.0,0.4,47.6,0.4,38.1,0.2,16.7,0.0,4.8,0.1,9.5
264,Juan Toscano-Anderson,UTA,30,12,18,12.2,16.3,0.0,0.0,0.0,0.0,0.0,0.0,0.0,0.0,0.0,0.0,100.0,0.0,0.0,0.0,0.0,0.0,0.0
265,Juancho Hernangomez,TOR,41,20,21,14.8,17.3,0.1,0.0,0.1,66.7,0.0,0.0,0.0,0.1,66.7,0.1,50.0,0.0,33.3,0.0,0.0,0.0,0.0
266,Julian Champagnie,PHI,2,2,0,3.3,3.0,0.0,0.0,0.0,0.0,0.0,0.0,0.0,0.0,0.0,0.0,0.0,0.0,0.0,0.0,0.0,0.0,0.0
267,Julius Randle,NYK,58,31,27,35.9,71.1,3.5,0.6,1.2,51.4,0.6,0.8,76.6,2.0,55.9,1.4,40.7,0.4,10.8,0.3,7.4,0.4,11.8
268,Justin Champagnie,TOR,3,2,1,3.6,4.7,0.0,0.0,0.0,0.0,0.0,0.0,0.0,0.0,0.0,0.0,0.0,0.0,0.0,0.0,0.0,0.0,0.0
269,Justin Holiday,HOU,28,12,16,14.7,17.2,0.0,0.0,0.0,0.0,0.0,0.0,0.0,0.0,0.0,0.0,0.0,0.0,0.0,0.0,0.0,0.0,0.0
270,Justin Jackson,BOS,23,15,8,4.7,5.1,0.0,0.0,0.0,0.0,0.0,0.0,0.0,0.0,0.0,0.0,0.0,0.0,0.0,0.0,0.0,0.0,0.0
271,Justise Winslow,POR,29,15,14,26.8,52.4,0.3,0.0,0.1,0.0,0.1,0.1,100.0,0.1,25.0,0.2,62.5,0.1,25.0,0.0,0.0,0.0,12.5
272,Jusuf Nurkic,POR,45,23,22,27.3,55.3,4.8,1.1,2.4,45.9,0.6,0.8,73.5,2.8,59.1,1.1,22.8,0.3,6.5,0.6,12.1,0.4,7.9
273,KZ Okpala,SAC,35,19,16,7.1,7.0,0.0,0.0,0.0,0.0,0.0,0.0,0.0,0.0,0.0,0.0,0.0,0.0,0.0,0.0,0.0,0.0,0.0
274,Kai Jones,CHA,27,6,21,8.8,9.4,0.1,0.0,0.0,100.0,0.0,0.0,0.0,0.1,100.0,0.0,50.0,0.0,0.0,0.0,0.0,0.0,0.0
275,Karl-Anthony Towns,MIN,21,10,11,33.8,61.7,3.2,0.6,1.0,54.5,0.2,0.3,83.3,1.4,43.3,1.5,46.3,0.4,13.4,0.1,4.5,0.1,4.5
276,Kawhi Leonard,LAC,32,21,11,32.2,57.0,2.9,0.7,1.3,52.5,0.3,0.4,83.3,1.6,56.5,1.3,46.7,0.3,10.9,0.0,1.1,0.2,6.5
277,Keegan Murray,SAC,54,31,23,29.7,34.8,0.1,0.0,0.1,28.6,0.0,0.0,0.0,0.1,50.0,0.0,12.5,0.0,0.0,0.0,0.0,0.0,0.0
278,Keita Bates-Diop,SAS,42,10,32,19.9,22.3,0.5,0.1,0.1,75.0,0.0,0.0,100.0,0.2,42.1,0.2,52.6,0.1,15.8,0.1,21.1,0.0,5.3
279,Keldon Johnson,SAS,49,13,36,32.5,56.0,0.9,0.2,0.5,33.3,0.1,0.1,83.3,0.4,52.4,0.2,21.4,0.0,2.4,0.1,9.5,0.1,7.1
280,Kelly Olynyk,UTA,46,21,25,27.9,53.3,0.8,0.1,0.2,45.5,0.0,0.0,50.0,0.2,30.6,0.3,44.4,0.2,25.0,0.1,13.9,0.0,2.8
281,Kelly Oubre Jr.,CHA,35,10,25,32.6,45.9,0.0,0.0,0.0,0.0,0.0,0.0,0.0,0.0,0.0,0.0,0.0,0.0,0.0,0.0,0.0,0.0,0.0
282,Kemba Walker,DAL,9,5,4,16.0,28.7,0.0,0.0,0.0,0.0,0.0,0.0,0.0,0.0,0.0,0.0,0.0,0.0,0.0,0.0,0.0,0.0,0.0
283,Kendall Brown,IND,6,1,5,6.7,6.7,0.0,0.0,0.0,0.0,0.0,0.0,0.0,0.0,0.0,0.0,0.0,0.0,0.0,0.0,0.0,0.0,0.0
284,Kendrick Nunn,WAS,47,23,24,14.3,20.2,0.0,0.0,0.0,0.0,0.0,0.0,0.0,0.0,0.0,0.0,0.0,0.0,0.0,0.0,0.0,0.0,0.0
285,Kennedy Chandler,MEM,24,15,9,9.2,19.5,0.0,0.0,0.0,0.0,0.0,0.0,0.0,0.0,0.0,0.0,0.0,0.0,0.0,0.0,0.0,0.0,0.0
286,Kenneth Lofton Jr.,MEM,8,5,3,3.9,6.8,0.3,0.0,0.3,0.0,0.0,0.0,0.0,0.0,0.0,0.0,0.0,0.0,0.0,0.0,0.0,0.0,0.0
287,Kenrich Williams,OKC,47,25,22,22.4,30.5,0.3,0.0,0.1,40.0,0.0,0.0,0.0,0.1,26.7,0.1,46.7,0.1,20.0,0.0,13.3,0.0,0.0
288,Kentavious Caldwell-Pope,DEN,54,38,16,31.3,38.4,0.0,0.0,0.0,0.0,0.0,0.0,0.0,0.0,0.0,0.0,0.0,0.0,0.0,0.0,0.0,0.0,0.0
289,Kenyon Martin Jr.,HOU,56,13,43,26.2,34.9,0.0,0.0,0.0,0.0,0.0,0.0,0.0,0.0,0.0,0.0,0.0,0.0,0.0,0.0,0.0,0.0,0.0
290,Keon Ellis,SAC,8,4,4,4.4,6.0,0.0,0.0,0.0,0.0,0.0,0.0,0.0,0.0,0.0,0.0,0.0,0.0,0.0,0.0,0.0,0.0,0.0
291,Keon Johnson,POR,26,11,15,10.2,19.0,0.0,0.0,0.0,0.0,0.0,0.0,0.0,0.0,0.0,0.0,0.0,0.0,0.0,0.0,0.0,0.0,0.0
292,Kessler Edwards,SAC,14,5,9,5.7,7.6,0.0,0.0,0.0,0.0,0.0,0.0,0.0,0.0,0.0,0.0,0.0,0.0,0.0,0.0,0.0,0.0,0.0
293,Kevin Durant,PHX,39,26,13,36.0,67.6,3.1,0.7,1.2,58.7,0.5,0.5,95.0,1.9,63.0,1.3,42.0,0.3,8.4,0.2,7.6,0.3,8.4
294,Kevin Huerter,SAC,53,29,24,30.4,44.5,0.0,0.0,0.0,0.0,0.0,0.0,0.0,0.0,0.0,0.0,100.0,0.0,0.0,0.0,0.0,0.0,0.0
295,Kevin Knox II,POR,42,8,34,14.1,18.6,0.0,0.0,0.0,0.0,0.0,0.0,0.0,0.0,0.0,0.0,0.0,0.0,0.0,0.0,0.0,0.0,0.0
296,Kevin Love,CLE,41,24,17,20.0,36.9,1.6,0.2,0.6,41.7,0.1,0.1,75.0,0.6,34.3,0.8,50.7,0.3,20.9,0.1,9.0,0.0,3.0
297,Kevin Porter Jr.,HOU,40,10,30,34.0,79.5,0.1,0.0,0.0,0.0,0.0,0.0,0.0,0.0,0.0,0.1,100.0,0.0,0.0,0.0,0.0,0.0,0.0
298,Kevon Harris,ORL,27,10,17,12.4,10.9,0.0,0.0,0.0,0.0,0.0,0.0,0.0,0.0,0.0,0.0,0.0,0.0,0.0,0.0,0.0,0.0,0.0
299,Kevon Looney,GSW,55,27,28,23.2,41.7,0.3,0.0,0.1,50.0,0.0,0.0,0.0,0.1,22.2,0.2,72.2,0.0,5.6,0.0,5.6,0.0,0.0
300,Khem Birch,SAS,20,9,11,8.1,10.4,0.3,0.1,0.2,25.0,0.0,0.0,0.0,0.1,40.0,0.1,20.0,0.0,0.0,0.0,0.0,0.0,0.0
301,Khris Middleton,MIL,16,13,3,21.2,43.2,1.3,0.4,0.6,66.7,0.4,0.4,100.0,1.1,90.0,0.4,30.0,0.0,0.0,0.1,5.0,0.2,15.0
302,Killian Hayes,DET,52,14,38,26.7,59.2,0.0,0.0,0.0,0.0,0.0,0.0,0.0,0.0,0.0,0.0,100.0,0.0,0.0,0.0,0.0,0.0,0.0
303,Kira Lewis Jr.,NOP,12,5,7,11.0,24.4,0.0,0.0,0.0,0.0,0.0,0.0,0.0,0.0,0.0,0.0,0.0,0.0,0.0,0.0,0.0,0.0,0.0
304,Klay Thompson,GSW,43,22,21,33.1,47.9,0.2,0.1,0.1,66.7,0.0,0.0,0.0,0.2,80.0,0.0,20.0,0.0,10.0,0.0,10.0,0.0,0.0
305,Kristaps Porzingis,WAS,47,20,27,32.6,60.0,3.8,1.2,2.0,58.3,0.8,1.0,80.4,3.3,88.2,1.0,26.4,0.2,5.1,0.1,2.8,0.5,12.9
306,Kyle Anderson,MIN,46,24,22,26.0,47.2,0.1,0.0,0.1,33.3,0.0,0.0,0.0,0.0,50.0,0.0,25.0,0.0,25.0,0.0,0.0,0.0,0.0
307,Kyle Kuzma,WAS,51,24,27,34.9,61.2,0.6,0.2,0.3,50.0,0.0,0.0,50.0,0.3,51.5,0.2,30.3,0.1,9.1,0.1,15.2,0.0,3.0
308,Kyle Lowry,MIA,44,22,22,33.3,74.3,0.1,0.0,0.0,0.0,0.0,0.0,0.0,0.0,0.0,0.1,75.0,0.0,0.0,0.0,0.0,0.0,0.0
309,Kyrie Irving,DAL,43,26,17,37.0,76.0,0.3,0.0,0.1,40.0,0.0,0.0,100.0,0.1,54.5,0.1,45.5,0.0,9.1,0.0,0.0,0.0,9.1
310,LaMelo Ball,CHA,31,8,23,35.1,89.7,0.0,0.0,0.0,0.0,0.0,0.0,0.0,0.0,0.0,0.0,0.0,0.0,0.0,0.0,0.0,0.0,0.0
311,Lamar Stevens,CLE,41,26,15,17.9,20.1,0.0,0.0,0.0,0.0,0.0,0.0,0.0,0.0,0.0,0.0,0.0,0.0,0.0,0.0,0.0,0.0,0.0
312,Landry Shamet,PHX,30,14,16,21.4,38.3,0.0,0.0,0.0,0.0,0.0,0.0,0.0,0.0,0.0,0.0,0.0,0.0,0.0,0.0,0.0,0.0,0.0
313,Larry Nance Jr.,NOP,47,23,24,22.7,32.1,0.6,0.1,0.2,55.6,0.0,0.0,0.0,0.2,35.7,0.4,64.3,0.1,21.4,0.0,3.6,0.0,0.0
314,Lauri Markkanen,UTA,53,26,27,34.2,50.5,1.4,0.3,0.7,43.2,0.2,0.3,71.4,0.8,59.2,0.3,22.4,0.2,10.5,0.1,9.2,0.1,9.2
315,LeBron James,LAL,44,21,23,36.4,80.5,3.8,0.9,1.8,50.0,0.2,0.2,70.0,2.0,52.7,1.6,41.4,0.3,7.7,0.2,4.1,0.1,3.0
316,Leandro Bolmaro,UTA,14,8,6,4.9,8.2,0.0,0.0,0.0,0.0,0.0,0.0,0.0,0.0,0.0,0.0,0.0,0.0,0.0,0.0,0.0,0.0,0.0
317,Lindy Waters III,OKC,21,10,11,11.1,13.2,0.0,0.0,0.0,0.0,0.0,0.0,0.0,0.0,0.0,0.0,0.0,0.0,0.0,0.0,0.0,0.0,0.0
318,Lonnie Walker IV,LAL,40,16,24,27.6,29.3,0.0,0.0,0.0,0.0,0.0,0.0,0.0,0.0,0.0,0.0,0.0,0.0,0.0,0.0,0.0,0.0,0.0
319,Luguentz Dort,OKC,48,24,24,30.1,36.7,0.0,0.0,0.0,0.0,0.0,0.0,0.0,0.0,0.0,0.0,100.0,0.0,0.0,0.0,0.0,0.0,0.0
320,Luka Doncic,DAL,48,28,20,36.6,91.0,5.0,1.1,2.2,51.4,0.8,1.2,66.1,3.1,62.1,1.9,37.5,0.3,5.8,0.2,4.2,0.6,11.7
321,Luka Garza,MIN,22,13,9,9.3,16.3,0.6,0.2,0.4,55.6,0.3,0.3,100.0,0.7,114.3,0.0,7.1,0.0,0.0,0.0,7.1,0.1,21.4
322,Luke Kennard,MEM,35,20,15,20.7,25.9,0.0,0.0,0.0,0.0,0.0,0.0,0.0,0.0,0.0,0.0,0.0,0.0,0.0,0.0,0.0,0.0,0.0
323,Luke Kornet,BOS,48,32,16,12.0,13.0,0.1,0.0,0.1,33.3,0.0,0.0,0.0,0.0,50.0,0.0,25.0,0.0,0.0,0.0,0.0,0.0,0.0
324,Malachi Flynn,TOR,40,19,21,13.8,27.7,0.0,0.0,0.0,0.0,0.0,0.0,0.0,0.0,0.0,0.0,0.0,0.0,0.0,0.0,0.0,0.0,0.0
325,Malaki Branham,SAS,42,8,34,21.6,32.6,0.0,0.0,0.0,0.0,0.0,0.0,0.0,0.0,0.0,0.0,0.0,0.0,0.0,0.0,0.0,0.0,0.0
326,Malcolm Brogdon,BOS,48,34,14,24.9,52.8,0.0,0.0,0.0,0.0,0.0,0.0,0.0,0.0,0.0,0.0,0.0,0.0,0.0,0.0,0.0,0.0,0.0
327,Malcolm Hill,CHI,3,3,0,0.4,0.3,0.0,0.0,0.0,0.0,0.0,0.0,0.0,0.0,0.0,0.0,0.0,0.0,0.0,0.0,0.0,0.0,0.0
328,Malik Beasley,LAL,56,28,28,26.6,36.1,0.0,0.0,0.0,0.0,0.0,0.0,0.0,0.0,0.0,0.0,0.0,0.0,0.0,0.0,0.0,0.0,0.0
329,Malik Monk,SAC,54,31,23,22.6,40.8,0.0,0.0,0.0,0.0,0.0,0.0,0.0,0.0,0.0,0.0,0.0,0.0,0.0,0.0,0.0,0.0,0.0
330,Mamadi Diakite,CLE,16,12,4,6.2,8.3,0.0,0.0,0.0,0.0,0.0,0.0,0.0,0.0,0.0,0.0,0.0,0.0,0.0,0.0,0.0,0.0,0.0
331,MarJon Beauchamp,MIL,37,24,13,14.6,15.8,0.0,0.0,0.0,0.0,0.0,0.0,0.0,0.0,0.0,0.0,100.0,0.0,0.0,0.0,0.0,0.0,0.0
332,Marcus Morris Sr.,LAC,51,27,24,29.0,39.9,1.8,0.6,1.2,51.6,0.2,0.2,100.0,1.5,83.5,0.3,17.6,0.0,1.1,0.1,7.7,0.1,4.4
333,Marcus Smart,BOS,41,30,11,32.5,62.0,1.3,0.2,0.4,56.3,0.0,0.0,100.0,0.5,38.5,0.7,55.8,0.2,17.3,0.1,9.6,0.0,1.9
334,Mark Williams,CHA,27,8,19,14.9,15.7,0.8,0.2,0.5,42.9,0.2,0.3,75.0,0.7,81.8,0.0,4.5,0.0,0.0,0.0,4.5,0.1,18.2
335,Markelle Fultz,ORL,36,18,18,28.8,65.2,0.6,0.1,0.2,50.0,0.0,0.0,0.0,0.2,40.0,0.3,60.0,0.1,10.0,0.0,0.0,0.0,0.0
336,Markieff Morris,DAL,27,16,11,10.6,15.0,0.3,0.0,0.0,0.0,0.1,0.1,100.0,0.1,25.0,0.2,62.5,0.0,12.5,0.0,0.0,0.0,12.5
337,Marko Simonovic,CHI,1,0,1,1.7,4.0,0.0,0.0,0.0,0.0,0.0,0.0,0.0,0.0,0.0,0.0,0.0,0.0,0.0,0.0,0.0,0.0,0.0
338,Marvin Bagley III,DET,25,6,19,21.3,31.6,1.9,0.5,1.1,48.1,0.1,0.2,50.0,1.2,60.4,0.4,22.9,0.0,0.0,0.2,8.3,0.1,6.3
339,Mason Plumlee,LAC,56,15,41,28.5,45.1,2.0,0.4,0.7,56.8,0.2,0.4,54.5,1.0,50.0,0.9,47.3,0.2,11.6,0.1,3.6,0.2,9.8
340,Matisse Thybulle,POR,49,32,17,12.1,10.2,0.0,0.0,0.0,0.0,0.0,0.0,0.0,0.0,0.0,0.0,0.0,0.0,0.0,0.0,0.0,0.0,0.0
341,Matt Ryan,MIN,32,14,18,9.5,11.1,0.0,0.0,0.0,0.0,0.0,0.0,0.0,0.0,0.0,0.0,0.0,0.0,0.0,0.0,0.0,0.0,0.0
342,Matthew Dellavedova,SAC,23,13,10,6.3,14.3,0.0,0.0,0.0,0.0,0.0,0.0,0.0,0.0,0.0,0.0,0.0,0.0,0.0,0.0,0.0,0.0,0.0
343,Max Christie,LAL,34,14,20,14.5,13.9,0.0,0.0,0.0,0.0,0.0,0.0,0.0,0.0,0.0,0.0,0.0,0.0,0.0,0.0,0.0,0.0,0.0
344,Max Strus,MIA,55,30,25,29.8,47.5,0.0,0.0,0.0,0.0,0.0,0.0,0.0,0.0,0.0,0.0,0.0,0.0,0.0,0.0,0.0,0.0,0.0
345,Maxi Kleber,DAL,22,13,9,25.7,30.5,0.1,0.0,0.0,100.0,0.0,0.0,0.0,0.1,100.0,0.0,0.0,0.0,0.0,0.0,0.0,0.0,0.0
346,McKinley Wright IV,DAL,19,11,8,10.2,17.9,0.0,0.0,0.0,0.0,0.0,0.0,0.0,0.0,0.0,0.0,0.0,0.0,0.0,0.0,0.0,0.0,0.0
347,Mfiondu Kabengele,BOS,2,1,1,7.0,7.0,0.0,0.0,0.0,0.0,0.0,0.0,0.0,0.0,0.0,0.0,0.0,0.0,0.0,0.0,0.0,0.0,0.0
348,Micah Potter,UTA,3,2,1,4.8,8.3,0.0,0.0,0.0,0.0,0.0,0.0,0.0,0.0,0.0,0.0,0.0,0.0,0.0,0.0,0.0,0.0,0.0
349,Michael Foster Jr.,PHI,1,1,0,1.0,1.0,0.0,0.0,0.0,0.0,0.0,0.0,0.0,0.0,0.0,0.0,0.0,0.0,0.0,0.0,0.0,0.0,0.0
350,Michael Porter Jr.,DEN,40,28,12,29.2,37.3,0.3,0.1,0.2,66.7,0.0,0.0,0.0,0.2,72.7,0.1,18.2,0.0,0.0,0.0,9.1,0.0,0.0
351,Mikal Bridges,BKN,57,30,27,36.4,50.7,0.6,0.2,0.3,60.0,0.0,0.0,0.0,0.3,56.3,0.2,43.8,0.1,9.4,0.0,0.0,0.0,0.0
352,Mike Conley,MIN,44,22,22,29.6,69.3,0.0,0.0,0.0,0.0,0.0,0.0,0.0,0.0,0.0,0.0,0.0,0.0,0.0,0.0,0.0,0.0,0.0
353,Mike Muscala,BOS,44,21,23,14.5,28.1,0.1,0.0,0.0,50.0,0.0,0.0,0.0,0.0,40.0,0.0,40.0,0.0,20.0,0.0,20.0,0.0,0.0
354,Miles McBride,NYK,45,24,21,13.0,20.3,0.0,0.0,0.0,0.0,0.0,0.0,0.0,0.0,0.0,0.0,0.0,0.0,0.0,0.0,0.0,0.0,0.0
355,Mitchell Robinson,NYK,38,21,17,26.9,25.9,0.3,0.1,0.2,33.3,0.0,0.2,16.7,0.2,61.5,0.0,0.0,0.0,0.0,0.0,0.0,0.1,23.1
356,Mo Bamba,LAL,40,18,22,17.0,26.8,0.5,0.1,0.3,20.0,0.1,0.2,83.3,0.2,50.0,0.1,11.1,0.0,0.0,0.0,5.6,0.1,16.7
357,Monte Morris,WAS,47,23,24,28.3,60.2,0.0,0.0,0.0,0.0,0.0,0.0,0.0,0.0,0.0,0.0,0.0,0.0,0.0,0.0,100.0,0.0,0.0
358,Montrezl Harrell,PHI,49,31,18,12.7,17.6,1.1,0.4,0.6,60.0,0.0,0.0,50.0,0.8,69.1,0.4,36.4,0.1,7.3,0.0,1.8,0.0,1.8
359,Moritz Wagner,ORL,36,17,19,21.3,39.4,0.3,0.1,0.2,66.7,0.1,0.1,100.0,0.3,120.0,0.1,20.0,0.0,10.0,0.0,10.0,0.0,10.0
360,Moses Brown,LAC,34,16,18,8.5,11.6,0.1,0.1,0.1,66.7,0.1,0.1,100.0,0.2,120.0,0.0,0.0,0.0,0.0,0.0,20.0,0.0,20.0
361,Moses Moody,GSW,41,20,21,14.3,15.8,0.0,0.0,0.0,0.0,0.0,0.0,0.0,0.0,0.0,0.0,100.0,0.0,0.0,0.0,0.0,0.0,0.0
362,Moussa Diabate,LAC,16,7,9,10.5,8.9,0.1,0.0,0.1,0.0,0.0,0.0,0.0,0.0,0.0,0.1,50.0,0.0,0.0,0.0,0.0,0.0,0.0
363,Myles Turner,IND,49,22,27,29.7,43.7,1.9,0.6,1.1,54.5,0.4,0.5,80.8,1.7,90.2,0.2,13.0,0.0,1.1,0.1,4.3,0.3,14.1
364,Naji Marshall,NOP,52,27,25,25.1,41.3,0.0,0.0,0.0,100.0,0.0,0.0,50.0,0.1,150.0,0.0,0.0,0.0,0.0,0.0,0.0,0.0,50.0
365,Nassir Little,POR,35,18,17,16.4,19.5,0.0,0.0,0.0,0.0,0.0,0.0,0.0,0.0,0.0,0.0,0.0,0.0,0.0,0.0,0.0,0.0,0.0
366,Nathan Knight,MIN,33,16,17,8.1,11.7,0.3,0.0,0.1,33.3,0.1,0.1,100.0,0.1,44.4,0.1,44.4,0.0,11.1,0.0,11.1,0.0,11.1
367,Naz Reid,MIN,51,24,27,17.9,34.7,0.8,0.2,0.4,45.5,0.1,0.1,100.0,0.5,55.8,0.2,27.9,0.0,2.3,0.1,14.0,0.0,4.7
368,Neemias Queta,SAC,4,1,3,6.1,7.8,0.0,0.0,0.0,0.0,0.0,0.0,0.0,0.0,0.0,0.0,0.0,0.0,0.0,0.0,0.0,0.0,0.0
369,Nerlens Noel,DET,14,2,12,10.8,14.0,0.0,0.0,0.0,0.0,0.0,0.0,0.0,0.0,0.0,0.0,0.0,0.0,0.0,0.0,0.0,0.0,0.0
370,Nic Claxton,BKN,52,29,23,29.7,39.7,0.3,0.0,0.1,33.3,0.0,0.1,50.0,0.1,40.0,0.1,33.3,0.0,6.7,0.0,6.7,0.0,13.3
371,Nick Richards,CHA,43,10,33,17.2,21.8,0.6,0.1,0.4,35.3,0.1,0.1,75.0,0.3,60.0,0.1,16.0,0.0,4.0,0.0,0.0,0.0,8.0
372,Nickeil Alexander-Walker,MIN,37,18,19,14.3,29.7,0.0,0.0,0.0,0.0,0.0,0.0,0.0,0.0,0.0,0.0,0.0,0.0,0.0,0.0,0.0,0.0,0.0
373,Nicolas Batum,LAC,55,31,24,21.9,29.1,0.0,0.0,0.0,0.0,0.0,0.0,100.0,0.0,200.0,0.0,0.0,0.0,0.0,0.0,0.0,0.0,100.0
374,Nikola Jokic,DEN,49,36,13,33.6,99.8,9.2,1.9,3.0,63.9,0.9,1.1,86.8,5.1,55.1,4.5,48.9,1.2,12.7,0.6,6.2,0.6,6.0
375,Nikola Jovic,MIA,15,7,8,13.6,23.2,0.0,0.0,0.0,0.0,0.0,0.0,0.0,0.0,0.0,0.0,0.0,0.0,0.0,0.0,0.0,0.0,0.0
376,Nikola Vucevic,CHI,55,25,30,34.0,67.4,5.6,1.3,2.3,53.5,0.3,0.3,77.8,2.8,49.7,2.6,46.4,0.4,7.8,0.2,4.2,0.2,2.9
377,Noah Vonleh,BOS,23,17,6,7.5,9.5,0.2,0.0,0.0,0.0,0.0,0.0,0.0,0.0,0.0,0.1,75.0,0.0,25.0,0.0,0.0,0.0,0.0
378,Norman Powell,LAC,49,26,23,25.8,36.3,0.1,0.0,0.0,0.0,0.0,0.0,0.0,0.0,0.0,0.0,33.3,0.0,0.0,0.0,33.3,0.0,0.0
379,O.G. Anunoby,TOR,45,21,24,35.8,49.1,1.9,0.2,0.5,42.9,0.1,0.1,83.3,0.5,27.6,1.1,55.2,0.2,10.3,0.2,9.2,0.1,3.4
380,Obi Toppin,NYK,43,21,22,14.9,25.0,0.1,0.0,0.1,25.0,0.0,0.0,0.0,0.0,40.0,0.0,20.0,0.0,0.0,0.0,0.0,0.0,0.0
381,Ochai Agbaji,UTA,35,20,15,14.0,12.6,0.0,0.0,0.0,0.0,0.0,0.0,0.0,0.0,0.0,0.0,0.0,0.0,0.0,0.0,0.0,0.0,0.0
382,Onyeka Okongwu,ATL,55,29,26,24.1,30.8,0.6,0.2,0.3,56.3,0.0,0.0,100.0,0.4,67.7,0.1,22.6,0.0,3.2,0.1,16.1,0.0,3.2
383,Orlando Robinson,MIA,27,17,10,14.1,18.3,0.3,0.0,0.1,33.3,0.0,0.0,0.0,0.1,22.2,0.2,55.6,0.0,0.0,0.0,11.1,0.0,0.0
384,Oshae Brissett,IND,49,21,28,16.0,25.2,0.0,0.0,0.0,0.0,0.0,0.0,0.0,0.0,0.0,0.0,100.0,0.0,0.0,0.0,0.0,0.0,0.0
385,Otto Porter Jr.,TOR,8,4,4,18.3,26.1,0.4,0.1,0.1,100.0,0.3,0.3,100.0,0.5,133.3,0.1,33.3,0.0,0.0,0.0,0.0,0.1,33.3
386,Ousmane Dieng,OKC,19,8,11,15.0,18.1,0.0,0.0,0.0,0.0,0.0,0.0,0.0,0.0,0.0,0.0,0.0,0.0,0.0,0.0,0.0,0.0,0.0
387,P.J. Tucker,PHI,53,34,19,26.2,21.2,0.1,0.0,0.0,0.0,0.0,0.0,0.0,0.0,0.0,0.1,100.0,0.0,0.0,0.0,0.0,0.0,0.0
388,P.J. Washington,CHA,57,15,42,32.8,55.4,1.2,0.3,0.7,45.0,0.1,0.1,50.0,0.7,57.4,0.4,32.4,0.1,7.4,0.0,2.9,0.1,4.4
389,PJ Dozier,SAC,4,4,0,2.6,3.3,0.0,0.0,0.0,0.0,0.0,0.0,0.0,0.0,0.0,0.0,0.0,0.0,0.0,0.0,0.0,0.0,0.0
390,Paolo Banchero,ORL,50,20,30,33.7,64.8,2.1,0.3,0.9,34.0,0.2,0.2,75.0,0.8,39.6,0.9,40.6,0.2,8.5,0.1,4.7,0.1,5.7
391,Pascal Siakam,TOR,47,21,26,37.6,83.2,3.0,0.8,1.3,61.3,0.5,0.6,73.3,2.1,70.6,1.1,37.8,0.3,9.1,0.1,4.2,0.3,10.5
392,Pat Connaughton,MIL,40,27,13,25.2,35.7,0.0,0.0,0.0,0.0,0.0,0.0,0.0,0.0,0.0,0.0,0.0,0.0,0.0,0.0,0.0,0.0,0.0
393,Patrick Baldwin Jr.,GSW,15,5,10,8.5,13.7,0.1,0.0,0.0,0.0,0.0,0.0,0.0,0.0,0.0,0.1,100.0,0.0,0.0,0.0,0.0,0.0,0.0
394,Patrick Beverley,ORL,45,21,24,26.9,33.4,0.0,0.0,0.0,0.0,0.0,0.0,0.0,0.0,0.0,0.0,0.0,0.0,0.0,0.0,0.0,0.0,0.0
395,Patrick Williams,CHI,55,25,30,29.0,39.9,0.3,0.1,0.2,38.5,0.0,0.0,0.0,0.2,58.8,0.1,17.6,0.0,0.0,0.0,0.0,0.0,0.0
396,Patty Mills,BKN,36,18,18,13.3,18.7,0.0,0.0,0.0,0.0,0.0,0.0,0.0,0.0,0.0,0.0,0.0,0.0,0.0,0.0,0.0,0.0,0.0
397,Paul George,LAC,42,25,17,34.2,70.3,1.1,0.3,0.6,45.8,0.0,0.0,100.0,0.6,53.3,0.4,35.6,0.0,4.4,0.1,6.7,0.0,2.2
398,Paul Reed,PHI,42,26,16,9.4,12.0,0.1,0.0,0.1,0.0,0.0,0.0,0.0,0.0,0.0,0.0,25.0,0.0,25.0,0.0,0.0,0.0,0.0
399,Payton Pritchard,BOS,40,29,11,12.6,21.6,0.0,0.0,0.0,0.0,0.0,0.0,0.0,0.0,0.0,0.0,0.0,0.0,0.0,0.0,0.0,0.0,0.0
400,Peyton Watson,DEN,11,7,4,3.4,5.3,0.0,0.0,0.0,0.0,0.0,0.0,0.0,0.0,0.0,0.0,0.0,0.0,0.0,0.0,0.0,0.0,0.0
401,Precious Achiuwa,TOR,33,17,16,23.0,35.7,0.5,0.1,0.2,40.0,0.0,0.1,0.0,0.1,25.0,0.3,56.3,0.1,18.8,0.0,0.0,0.0,6.3
402,Quentin Grimes,NYK,47,25,22,30.5,32.6,0.0,0.0,0.0,0.0,0.0,0.0,0.0,0.0,0.0,0.0,0.0,0.0,0.0,0.0,0.0,0.0,0.0
403,Quenton Jackson,WAS,1,1,0,2.9,4.0,0.0,0.0,0.0,0.0,0.0,0.0,0.0,0.0,0.0,0.0,0.0,0.0,0.0,0.0,0.0,0.0,0.0
404,R.J. Hampton,ORL,26,7,19,13.9,23.6,0.0,0.0,0.0,0.0,0.0,0.0,0.0,0.0,0.0,0.0,0.0,0.0,0.0,0.0,0.0,0.0,0.0
405,RJ Barrett,NYK,51,26,25,34.7,52.5,1.0,0.2,0.5,35.7,0.1,0.2,60.0,0.5,52.0,0.3,28.0,0.1,8.0,0.0,4.0,0.1,10.0
406,Raul Neto,CLE,38,26,12,10.3,20.3,0.0,0.0,0.0,0.0,0.0,0.0,0.0,0.0,0.0,0.0,0.0,0.0,0.0,0.0,0.0,0.0,0.0
407,Reggie Bullock,DAL,56,30,26,30.3,33.6,0.0,0.0,0.0,0.0,0.0,0.0,0.0,0.0,0.0,0.0,0.0,0.0,0.0,0.0,0.0,0.0,0.0
408,Reggie Jackson,CHA,52,28,24,25.7,52.1,0.0,0.0,0.0,0.0,0.0,0.0,0.0,0.0,0.0,0.0,0.0,0.0,0.0,0.0,0.0,0.0,0.0
409,Richaun Holmes,SAC,33,16,17,9.1,10.7,0.2,0.1,0.1,75.0,0.0,0.0,0.0,0.2,120.0,0.0,0.0,0.0,0.0,0.0,20.0,0.0,0.0
410,Ricky Rubio,CLE,13,9,4,16.3,40.8,0.0,0.0,0.0,0.0,0.0,0.0,0.0,0.0,0.0,0.0,0.0,0.0,0.0,0.0,0.0,0.0,0.0
411,Robert Covington,LAC,36,15,21,16.2,28.7,0.0,0.0,0.0,0.0,0.0,0.0,0.0,0.0,0.0,0.0,0.0,0.0,0.0,0.0,0.0,0.0,0.0
412,Robert Williams III,BOS,21,14,7,23.7,30.8,0.3,0.1,0.1,100.0,0.0,0.0,0.0,0.2,66.7,0.1,50.0,0.0,16.7,0.0,0.0,0.0,0.0
413,Robin Lopez,CLE,30,22,8,7.9,8.6,0.7,0.3,0.5,53.3,0.0,0.0,0.0,0.5,80.0,0.2,25.0,0.1,15.0,0.0,0.0,0.0,0.0
414,Rodney McGruder,DET,21,3,18,10.4,10.6,0.0,0.0,0.0,0.0,0.0,0.0,0.0,0.0,0.0,0.0,0.0,0.0,0.0,0.0,0.0,0.0,0.0
415,Romeo Langford,SAS,31,10,21,20.3,23.2,0.0,0.0,0.0,0.0,0.0,0.0,0.0,0.0,0.0,0.0,0.0,0.0,0.0,0.0,0.0,0.0,0.0
416,Ron Harper Jr.,TOR,3,2,1,3.1,4.0,0.0,0.0,0.0,0.0,0.0,0.0,0.0,0.0,0.0,0.0,0.0,0.0,0.0,0.0,0.0,0.0,0.0
417,Royce O'Neale,BKN,53,30,23,33.8,64.2,0.0,0.0,0.0,0.0,0.0,0.0,0.0,0.0,0.0,0.0,0.0,0.0,0.0,0.0,0.0,0.0,0.0
418,Rudy Gay,UTA,43,22,21,14.6,22.5,0.8,0.2,0.4,58.8,0.0,0.0,50.0,0.5,63.6,0.3,39.4,0.1,18.2,0.0,3.0,0.0,3.0
419,Rudy Gobert,MIN,48,22,26,30.4,42.6,1.2,0.3,0.4,68.4,0.2,0.3,68.8,0.8,65.5,0.4,34.5,0.1,5.2,0.1,8.6,0.2,13.8
420,Rui Hachimura,LAL,39,21,18,25.1,35.0,1.5,0.3,0.7,50.0,0.1,0.2,62.5,0.8,56.1,0.5,31.6,0.1,5.3,0.2,12.3,0.1,7.0
421,Russell Westbrook,UTA,52,25,27,28.7,62.9,1.0,0.2,0.5,48.0,0.1,0.1,100.0,0.5,56.0,0.4,46.0,0.2,16.0,0.0,0.0,0.0,4.0
422,Ryan Arcidiacono,POR,11,7,4,2.4,3.9,0.0,0.0,0.0,0.0,0.0,0.0,0.0,0.0,0.0,0.0,0.0,0.0,0.0,0.0,0.0,0.0,0.0
423,Ryan Rollins,GSW,12,5,7,5.2,11.6,0.0,0.0,0.0,0.0,0.0,0.0,0.0,0.0,0.0,0.0,0.0,0.0,0.0,0.0,0.0,0.0,0.0
424,Saben Lee,PHX,18,11,7,15.6,35.8,0.0,0.0,0.0,0.0,0.0,0.0,0.0,0.0,0.0,0.0,0.0,0.0,0.0,0.0,0.0,0.0,0.0
425,Saddiq Bey,ATL,51,12,39,28.9,40.7,1.0,0.3,0.5,48.1,0.3,0.3,92.9,0.8,76.9,0.3,28.8,0.1,9.6,0.0,0.0,0.1,13.5
426,Sam Hauser,BOS,54,38,16,15.0,18.0,0.0,0.0,0.0,0.0,0.0,0.0,0.0,0.0,0.0,0.0,0.0,0.0,0.0,0.0,0.0,0.0,0.0
427,Sandro Mamukelashvili,MIL,23,16,7,8.6,12.7,0.0,0.0,0.0,0.0,0.0,0.0,0.0,0.0,0.0,0.0,0.0,0.0,0.0,0.0,0.0,0.0,0.0
428,Santi Aldama,MEM,52,31,21,22.0,29.1,0.3,0.1,0.2,45.5,0.0,0.0,100.0,0.2,80.0,0.0,13.3,0.0,0.0,0.0,6.7,0.0,6.7
429,Scottie Barnes,TOR,54,24,30,35.1,74.1,2.1,0.5,1.0,46.3,0.2,0.2,75.0,1.1,54.1,0.7,34.2,0.1,6.3,0.1,7.2,0.1,5.4
430,Scotty Pippen Jr.,LAL,6,1,5,5.3,12.0,0.0,0.0,0.0,0.0,0.0,0.0,0.0,0.0,0.0,0.0,0.0,0.0,0.0,0.0,0.0,0.0,0.0
431,Serge Ibaka,MIL,16,11,5,11.6,13.5,0.3,0.0,0.0,0.0,0.0,0.0,0.0,0.0,0.0,0.1,50.0,0.0,0.0,0.0,0.0,0.0,0.0
432,Seth Curry,BKN,39,26,13,23.2,36.6,0.0,0.0,0.0,0.0,0.0,0.0,0.0,0.0,0.0,0.0,0.0,0.0,0.0,0.0,0.0,0.0,0.0
433,Shaedon Sharpe,POR,55,26,29,20.1,20.2,0.0,0.0,0.0,0.0,0.0,0.0,0.0,0.0,0.0,0.0,0.0,0.0,0.0,0.0,0.0,0.0,0.0
434,Shai Gilgeous-Alexander,OKC,51,24,27,35.5,73.4,1.6,0.4,0.7,56.8,0.5,0.5,100.0,1.3,82.7,0.5,28.4,0.0,2.5,0.1,6.2,0.2,14.8
435,Shake Milton,PHI,51,36,15,21.8,42.2,0.0,0.0,0.0,0.0,0.0,0.0,0.0,0.0,0.0,0.0,0.0,0.0,0.0,0.0,0.0,0.0,0.0
436,Simone Fontecchio,UTA,29,16,13,9.0,11.7,0.0,0.0,0.0,0.0,0.1,0.1,100.0,0.1,200.0,0.0,0.0,0.0,0.0,0.0,0.0,0.0,100.0
437,Spencer Dinwiddie,BKN,55,29,26,34.1,63.6,0.4,0.1,0.2,63.6,0.1,0.1,100.0,0.3,95.0,0.1,30.0,0.0,0.0,0.0,5.0,0.0,10.0
438,Stanley Johnson,SAS,29,5,24,15.8,26.0,0.2,0.0,0.0,100.0,0.0,0.0,0.0,0.1,33.3,0.1,33.3,0.0,16.7,0.1,33.3,0.0,0.0
439,Stephen Curry,GSW,37,19,18,34.9,79.5,0.0,0.0,0.0,0.0,0.0,0.0,0.0,0.0,0.0,0.0,0.0,0.0,0.0,0.0,0.0,0.0,0.0
440,Sterling Brown,LAL,4,2,2,6.1,6.0,0.0,0.0,0.0,0.0,0.0,0.0,0.0,0.0,0.0,0.0,0.0,0.0,0.0,0.0,0.0,0.0,0.0
441,Steven Adams,MEM,42,28,14,27.0,43.2,1.1,0.3,0.4,68.8,0.3,0.5,52.2,0.8,73.3,0.2,22.2,0.0,0.0,0.1,11.1,0.3,24.4
442,Svi Mykhailiuk,CHA,13,8,5,3.1,3.8,0.0,0.0,0.0,0.0,0.0,0.0,0.0,0.0,0.0,0.0,0.0,0.0,0.0,0.0,0.0,0.0,0.0
443,T.J. McConnell,IND,55,23,32,19.7,53.2,0.0,0.0,0.0,0.0,0.0,0.0,0.0,0.0,0.0,0.0,0.0,0.0,0.0,0.0,0.0,0.0,0.0
444,T.J. Warren,PHX,26,16,10,18.8,25.6,0.3,0.1,0.2,40.0,0.0,0.0,0.0,0.2,44.4,0.0,11.1,0.0,0.0,0.1,22.2,0.0,0.0
445,Taj Gibson,WAS,35,16,19,9.8,15.3,0.5,0.1,0.4,30.8,0.0,0.1,0.0,0.2,42.1,0.1,21.1,0.0,5.3,0.0,0.0,0.0,5.3
446,Talen Horton-Tucker,UTA,44,22,22,16.1,32.6,0.1,0.0,0.0,0.0,0.0,0.0,0.0,0.0,0.0,0.1,100.0,0.0,25.0,0.0,0.0,0.0,0.0
447,Tari Eason,HOU,56,13,43,19.4,30.2,0.2,0.0,0.1,50.0,0.0,0.0,0.0,0.1,33.3,0.1,58.3,0.0,16.7,0.0,8.3,0.0,0.0
448,Taurean Prince,MIN,35,20,15,21.2,27.9,0.0,0.0,0.0,0.0,0.0,0.0,0.0,0.0,0.0,0.0,0.0,0.0,0.0,0.0,0.0,0.0,0.0
449,Terance Mann,LAC,58,31,27,23.3,37.6,0.1,0.0,0.0,100.0,0.0,0.0,100.0,0.1,100.0,0.0,50.0,0.0,0.0,0.0,0.0,0.0,25.0
450,Terence Davis,SAC,43,24,19,13.6,20.7,0.0,0.0,0.0,0.0,0.0,0.0,0.0,0.0,0.0,0.0,0.0,0.0,0.0,0.0,0.0,0.0,0.0
451,Terrence Ross,ORL,42,16,26,22.5,22.6,0.0,0.0,0.0,0.0,0.0,0.0,0.0,0.0,0.0,0.0,0.0,0.0,0.0,0.0,0.0,0.0,0.0
452,Terry Rozier,CHA,48,12,36,35.7,74.6,0.0,0.0,0.0,0.0,0.0,0.0,0.0,0.0,0.0,0.0,100.0,0.0,0.0,0.0,0.0,0.0,0.0
453,Terry Taylor,IND,26,9,17,8.8,10.4,0.0,0.0,0.0,0.0,0.0,0.0,0.0,0.0,0.0,0.0,0.0,0.0,0.0,0.0,0.0,0.0,0.0
454,Thaddeus Young,TOR,45,18,27,16.1,28.4,1.0,0.3,0.6,56.0,0.0,0.0,50.0,0.6,61.7,0.4,34.0,0.1,10.6,0.1,8.5,0.0,2.1
455,Thanasis Antetokounmpo,MIL,24,16,8,4.1,4.3,0.1,0.0,0.0,100.0,0.0,0.0,0.0,0.1,100.0,0.0,50.0,0.0,50.0,0.0,0.0,0.0,0.0
456,Theo Maledon,CHA,36,10,26,16.1,36.7,0.0,0.0,0.0,0.0,0.0,0.0,0.0,0.0,0.0,0.0,0.0,0.0,0.0,0.0,0.0,0.0,0.0
457,Theo Pinson,DAL,30,15,15,6.4,12.7,0.0,0.0,0.0,0.0,0.0,0.0,0.0,0.0,0.0,0.0,0.0,0.0,0.0,0.0,0.0,0.0,0.0
458,Thomas Bryant,DEN,42,22,20,20.9,30.3,0.5,0.2,0.4,46.7,0.1,0.1,83.3,0.5,82.6,0.0,8.7,0.0,0.0,0.0,4.3,0.1,13.0
459,Tim Hardaway Jr.,DAL,54,31,23,30.2,44.8,0.1,0.0,0.0,50.0,0.0,0.0,0.0,0.0,66.7,0.0,0.0,0.0,0.0,0.0,0.0,0.0,0.0
460,Tobias Harris,PHI,51,33,18,33.7,51.4,2.4,0.5,1.1,48.3,0.1,0.2,75.0,1.3,53.3,1.0,40.2,0.2,9.0,0.1,3.3,0.1,3.3
461,Tony Bradley,CHI,10,4,6,2.9,5.2,0.0,0.0,0.0,0.0,0.0,0.0,0.0,0.0,0.0,0.0,0.0,0.0,0.0,0.0,0.0,0.0,0.0
462,Torrey Craig,PHX,55,30,25,25.8,33.3,0.0,0.0,0.0,0.0,0.0,0.0,0.0,0.0,0.0,0.0,50.0,0.0,0.0,0.0,0.0,0.0,50.0
463,Trae Young,ATL,50,27,23,35.5,81.1,0.0,0.0,0.0,0.0,0.0,0.0,0.0,0.0,0.0,0.0,100.0,0.0,100.0,0.0,0.0,0.0,0.0
464,Tre Jones,SAS,51,14,37,29.3,68.7,0.0,0.0,0.0,0.0,0.0,0.0,0.0,0.0,0.0,0.0,0.0,0.0,0.0,0.0,0.0,0.0,0.0
465,Tre Mann,OKC,50,24,26,18.6,31.3,0.0,0.0,0.0,0.0,0.0,0.0,0.0,0.0,0.0,0.0,0.0,0.0,0.0,0.0,0.0,0.0,0.0
466,Trendon Watford,POR,40,20,20,16.2,29.5,0.4,0.1,0.2,57.1,0.0,0.1,0.0,0.2,57.1,0.1,28.6,0.0,7.1,0.1,14.3,0.0,7.1
467,Trent Forrest,ATL,18,6,12,13.3,22.3,0.0,0.0,0.0,0.0,0.0,0.0,0.0,0.0,0.0,0.0,0.0,0.0,0.0,0.0,0.0,0.0,0.0
468,Trevelin Queen,IND,7,2,5,10.0,17.3,0.0,0.0,0.0,0.0,0.0,0.0,0.0,0.0,0.0,0.0,0.0,0.0,0.0,0.0,0.0,0.0,0.0
469,Trevor Hudgins,HOU,2,0,2,4.8,8.5,0.0,0.0,0.0,0.0,0.0,0.0,0.0,0.0,0.0,0.0,0.0,0.0,0.0,0.0,0.0,0.0,0.0
470,Trevor Keels,NYK,1,1,0,1.0,2.0,0.0,0.0,0.0,0.0,0.0,0.0,0.0,0.0,0.0,0.0,0.0,0.0,0.0,0.0,0.0,0.0,0.0
471,Trey Lyles,SAC,50,29,21,15.9,24.9,0.2,0.0,0.1,40.0,0.0,0.0,100.0,0.1,54.5,0.1,27.3,0.0,9.1,0.0,0.0,0.0,9.1
472,Trey Murphy III,NOP,54,26,28,29.5,34.3,0.0,0.0,0.0,0.0,0.0,0.0,0.0,0.0,0.0,0.0,0.0,0.0,0.0,0.0,0.0,0.0,0.0
473,Troy Brown Jr.,LAL,51,23,28,24.3,26.2,0.0,0.0,0.0,0.0,0.0,0.0,0.0,0.0,0.0,0.0,0.0,0.0,0.0,0.0,0.0,0.0,0.0
474,Ty Jerome,GSW,34,14,20,17.9,38.2,0.0,0.0,0.0,0.0,0.0,0.0,0.0,0.0,0.0,0.0,0.0,0.0,0.0,0.0,0.0,0.0,0.0
475,TyTy Washington Jr.,HOU,21,3,18,12.0,23.5,0.0,0.0,0.0,0.0,0.0,0.0,0.0,0.0,0.0,0.0,0.0,0.0,0.0,0.0,0.0,0.0,0.0
476,Tyler Dorsey,DAL,3,2,1,2.8,2.3,0.0,0.0,0.0,0.0,0.0,0.0,0.0,0.0,0.0,0.0,0.0,0.0,0.0,0.0,0.0,0.0,0.0
477,Tyler Herro,MIA,45,25,20,35.4,68.4,0.0,0.0,0.0,100.0,0.0,0.0,0.0,0.0,200.0,0.0,0.0,0.0,0.0,0.0,0.0,0.0,0.0
478,Tyrese Haliburton,IND,46,23,23,33.4,94.2,0.0,0.0,0.0,0.0,0.0,0.0,0.0,0.0,0.0,0.0,0.0,0.0,0.0,0.0,0.0,0.0,0.0
479,Tyrese Martin,ATL,13,8,5,3.5,4.6,0.0,0.0,0.0,0.0,0.0,0.0,0.0,0.0,0.0,0.0,0.0,0.0,0.0,0.0,0.0,0.0,0.0
480,Tyrese Maxey,PHI,36,23,13,32.8,69.1,0.0,0.0,0.0,0.0,0.0,0.0,0.0,0.0,0.0,0.0,0.0,0.0,0.0,0.0,0.0,0.0,0.0
481,Tyus Jones,MEM,55,34,21,23.5,51.9,0.0,0.0,0.0,0.0,0.0,0.0,0.0,0.0,0.0,0.0,0.0,0.0,0.0,0.0,0.0,0.0,0.0
482,Udoka Azubuike,UTA,22,12,10,5.5,5.0,0.1,0.0,0.0,100.0,0.0,0.0,0.0,0.1,66.7,0.0,33.3,0.0,0.0,0.0,33.3,0.0,0.0
483,Udonis Haslem,MIA,6,3,3,7.9,9.8,0.3,0.0,0.2,0.0,0.0,0.0,0.0,0.0,0.0,0.0,0.0,0.0,0.0,0.0,0.0,0.0,0.0
484,Usman Garuba,HOU,49,12,37,13.7,20.2,0.0,0.0,0.0,0.0,0.0,0.0,0.0,0.0,0.0,0.0,0.0,0.0,0.0,0.0,100.0,0.0,0.0
485,Vernon Carey Jr.,WAS,10,7,3,2.6,3.8,0.0,0.0,0.0,0.0,0.0,0.0,0.0,0.0,0.0,0.0,0.0,0.0,0.0,0.0,0.0,0.0,0.0
486,Victor Oladipo,MIA,26,17,9,28.4,52.7,0.0,0.0,0.0,0.0,0.0,0.0,0.0,0.0,0.0,0.0,0.0,0.0,0.0,0.0,0.0,0.0,0.0
487,Vince Williams Jr.,MEM,9,5,4,5.4,5.9,0.0,0.0,0.0,0.0,0.0,0.0,0.0,0.0,0.0,0.0,0.0,0.0,0.0,0.0,0.0,0.0,0.0
488,Vit Krejci,ATL,20,10,10,5.8,6.5,0.0,0.0,0.0,0.0,0.0,0.0,0.0,0.0,0.0,0.0,0.0,0.0,0.0,0.0,0.0,0.0,0.0
489,Vlatko Cancar,DEN,42,28,14,15.5,21.7,0.5,0.1,0.3,45.5,0.0,0.0,50.0,0.3,60.0,0.0,10.0,0.0,5.0,0.1,15.0,0.0,5.0
490,Walker Kessler,UTA,55,26,29,21.1,21.7,0.1,0.0,0.0,50.0,0.0,0.0,50.0,0.1,80.0,0.0,40.0,0.0,0.0,0.0,0.0,0.0,20.0
491,Wendell Carter Jr.,ORL,37,15,22,30.1,52.9,1.2,0.2,0.4,57.1,0.2,0.2,75.0,0.6,50.0,0.5,43.2,0.1,4.5,0.1,9.1,0.1,9.1
492,Wendell Moore Jr.,MIN,24,13,11,5.8,10.0,0.0,0.0,0.0,0.0,0.0,0.0,0.0,0.0,0.0,0.0,0.0,0.0,0.0,0.0,0.0,0.0,0.0
493,Wenyen Gabriel,LAL,44,21,23,15.7,20.9,0.1,0.1,0.1,75.0,0.0,0.0,0.0,0.1,100.0,0.0,33.3,0.0,0.0,0.0,0.0,0.0,0.0
494,Wesley Matthews,MIL,37,27,10,15.6,14.5,0.0,0.0,0.0,0.0,0.0,0.0,0.0,0.0,0.0,0.0,0.0,0.0,0.0,0.0,0.0,0.0,0.0
495,Will Barton,WAS,40,18,22,19.6,32.2,0.0,0.0,0.0,0.0,0.0,0.0,0.0,0.0,0.0,0.0,0.0,0.0,0.0,0.0,0.0,0.0,0.0
496,Willy Hernangomez,NOP,28,16,12,12.7,24.1,1.1,0.1,0.5,23.1,0.1,0.3,50.0,0.4,33.3,0.3,30.0,0.1,10.0,0.1,6.7,0.1,13.3
497,Xavier Tillman,MEM,36,23,13,14.5,23.2,0.2,0.0,0.0,100.0,0.0,0.0,0.0,0.1,28.6,0.1,71.4,0.0,14.3,0.0,0.0,0.0,0.0
498,Yuta Watanabe,BKN,42,23,19,18.3,19.1,0.0,0.0,0.0,0.0,0.0,0.0,0.0,0.0,0.0,0.0,0.0,0.0,0.0,0.0,0.0,0.0,0.0
499,Zach Collins,SAS,45,13,32,20.9,33.8,2.8,0.8,1.4,57.1,0.5,0.6,82.1,2.2,78.6,0.7,25.4,0.1,4.0,0.2,7.9,0.3,11.1
500,Zach LaVine,CHI,51,24,27,35.9,62.8,0.2,0.0,0.1,0.0,0.0,0.0,100.0,0.0,25.0,0.1,37.5,0.0,25.0,0.0,12.5,0.0,12.5
501,Zeke Nnaji,DEN,43,29,14,13.5,12.5,0.4,0.2,0.3,63.6,0.0,0.0,50.0,0.4,94.4,0.1,16.7,0.0,5.6,0.0,0.0,0.0,5.6
502,Ziaire Williams,MEM,28,16,12,17.4,19.0,0.0,0.0,0.0,0.0,0.0,0.0,0.0,0.0,0.0,0.0,0.0,0.0,0.0,0.0,0.0,0.0,0.0
503,Zion Williamson,NOP,29,17,12,33.0,66.0,4.1,1.0,1.8,58.8,0.6,0.9,61.5,2.7,66.4,1.6,38.7,0.3,8.4,0.3,6.7,0.4,10.9
