,PLAYER,TEAM,GP,W,L,MIN,PTS,Drive PTS,Drive FG%,C&S PTS,C&S FG%,Pull Up PTS,Pull Up FG%,Paint Touch PTS,Paint Touch FG%,Post Touch PTS,Post Touch FG%,Elbow Touch PTS,Elbow Touch FG%,eFG%
0,A.J. Lawson,DAL,12,5,7,4.2,2.0,0.0,0.0,1.3,41.7,0.0,0.0,0.2,100.0,0.0,0.0,0.0,0.0,57.5
1,AJ Green,MIL,24,18,6,9.1,4.4,0.1,100.0,3.0,44.4,1.0,38.5,0.3,75.0,0.0,0.0,0.0,0.0,60.7
2,AJ Griffin,ATL,52,24,28,20.6,9.5,2.1,51.1,3.7,39.3,3.2,52.6,0.5,72.2,0.0,100.0,0.4,73.3,58.8
3,Aaron Gordon,DEN,49,35,14,30.3,17.3,2.5,58.3,2.0,35.8,1.8,39.8,8.2,75.0,1.7,50.9,0.9,58.3,63.3
4,Aaron Holiday,ATL,48,25,23,14.9,4.4,1.4,42.9,1.6,43.1,1.0,39.2,0.2,36.4,0.0,0.0,0.0,25.0,50.5
5,Aaron Nesmith,IND,49,21,28,24.2,9.7,2.0,44.7,3.9,35.3,0.9,32.7,0.9,57.6,0.0,0.0,0.3,80.0,50.5
6,Aaron Wiggins,OKC,43,23,20,18.7,6.6,1.4,49.1,2.0,39.2,0.2,33.3,1.6,66.7,0.0,100.0,0.2,40.0,57.9
7,Admiral Schofield,ORL,27,11,16,13.0,4.6,0.9,60.0,2.0,36.0,0.0,0.0,0.9,61.1,0.0,0.0,0.3,66.7,57.6
8,Al Horford,BOS,43,30,13,30.8,9.1,0.7,59.1,6.0,40.2,0.3,41.7,1.5,55.4,0.4,52.9,0.3,42.9,59.7
9,Alec Burks,DET,42,11,31,22.2,13.2,3.3,51.1,3.3,44.7,5.1,42.1,0.2,44.4,0.2,57.1,0.2,42.9,55.3
10,Aleksej Pokusevski,OKC,31,15,16,21.9,8.8,1.1,34.2,3.8,38.5,0.4,27.8,2.5,54.5,0.0,0.0,1.0,65.2,51.9
11,Alex Caruso,CHI,46,19,27,24.3,5.7,0.8,36.7,2.5,41.1,0.2,18.2,0.8,60.0,0.0,0.0,0.2,40.0,54.5
12,Alex Len,SAC,13,8,5,3.5,1.0,0.0,0.0,0.0,0.0,0.2,100.0,0.7,100.0,0.0,0.0,0.5,40.0,50.0
13,Alize Johnson,SAS,4,1,3,7.4,1.8,0.5,100.0,0.0,0.0,0.0,0.0,0.0,0.0,0.0,0.0,0.0,0.0,50.0
14,Alondes Williams,BKN,1,1,0,5.3,0.0,0.0,0.0,0.0,0.0,0.0,0.0,0.0,0.0,0.0,0.0,0.0,0.0,0.0
15,Alperen Sengun,HOU,50,10,40,28.3,15.4,3.0,59.4,1.0,35.3,0.4,47.8,5.7,59.0,2.3,57.3,3.2,53.0,58.2
16,Amir Coffey,LAC,38,20,18,14.2,3.9,1.6,39.2,0.8,31.3,0.4,25.0,0.1,50.0,0.0,0.0,0.0,0.0,41.3
17,Andre Drummond,CHI,42,19,23,13.0,6.5,0.2,37.5,0.0,0.0,0.0,100.0,4.5,64.1,0.1,40.0,1.2,57.1,62.8
18,Andre Iguodala,GSW,2,0,2,12.3,1.0,0.0,0.0,0.0,0.0,0.0,0.0,1.0,100.0,0.0,0.0,0.0,0.0,100.0
19,Andrew Nembhard,IND,49,22,27,27.4,8.5,2.2,41.4,2.9,35.3,2.2,36.2,0.3,57.1,0.0,0.0,0.2,66.7,50.7
20,Andrew Wiggins,GSW,34,17,17,32.1,16.9,1.6,34.9,7.1,44.1,2.2,33.3,3.3,63.0,0.8,52.2,0.6,56.3,56.0
21,Anfernee Simons,POR,53,26,27,35.8,21.8,5.7,54.1,6.4,40.4,7.5,40.4,0.6,68.2,0.0,0.0,0.4,69.2,56.1
22,Anthony Davis,LAL,32,14,18,33.5,26.6,2.0,51.0,2.3,31.6,2.0,41.6,14.1,71.3,4.0,48.9,3.8,58.1,58.2
23,Anthony Edwards,MIN,58,30,28,36.2,24.7,9.2,53.9,3.5,42.6,7.2,35.1,0.9,74.2,0.4,56.3,0.4,69.2,53.4
24,Anthony Gill,WAS,38,15,23,10.4,3.2,0.4,45.5,0.3,25.0,0.1,14.3,1.6,82.4,0.0,0.0,0.3,75.0,61.9
25,Anthony Lamb,GSW,41,22,19,19.2,7.0,0.8,76.5,3.8,40.5,0.3,35.7,1.0,64.5,0.0,0.0,0.2,57.1,62.7
26,Austin Reaves,LAL,38,17,21,28.2,10.7,3.2,57.4,3.3,38.1,1.8,42.3,0.7,58.8,0.0,0.0,0.3,62.5,58.1
27,Austin Rivers,MIN,43,22,21,21.1,5.5,2.0,56.9,2.5,39.6,0.2,15.8,0.1,50.0,0.0,0.0,0.1,100.0,56.6
28,Ayo Dosunmu,CHI,52,25,27,28.0,9.6,2.9,62.4,2.6,33.1,0.6,41.0,0.8,66.7,0.0,0.0,0.3,85.7,56.4
29,Bam Adebayo,MIA,50,27,23,35.2,21.8,4.4,51.3,2.3,47.5,2.8,43.2,7.7,61.4,1.7,50.7,5.2,58.5,54.6
30,Ben Simmons,BKN,39,23,16,27.1,7.3,1.8,53.3,0.1,40.0,0.2,23.5,3.5,71.0,0.5,47.4,0.8,51.7,56.6
31,Bennedict Mathurin,IND,56,25,31,28.1,17.1,6.1,44.5,2.5,30.6,2.7,34.3,1.9,63.1,0.0,0.0,1.1,69.0,47.9
32,Bismack Biyombo,PHX,44,24,20,14.2,3.8,0.0,0.0,0.1,33.3,0.0,50.0,3.0,59.8,0.3,31.6,0.9,50.0,56.3
33,Blake Griffin,BOS,23,15,8,13.4,4.3,0.1,33.3,1.8,42.4,0.0,0.0,1.7,73.9,0.2,33.3,0.6,66.7,60.0
34,Blake Wesley,SAS,10,2,8,12.3,4.8,1.3,40.0,1.8,50.0,0.6,21.4,0.4,33.3,0.0,0.0,0.3,50.0,51.2
35,Boban Marjanovic,HOU,17,1,16,4.2,2.8,0.0,0.0,0.1,50.0,0.2,33.3,1.6,91.7,1.3,56.3,0.8,100.0,66.7
36,Bobby Portis,MIL,47,30,17,26.8,14.4,1.7,56.9,4.7,40.2,1.7,38.1,4.1,62.4,2.1,52.8,0.9,67.7,55.1
37,Bogdan Bogdanovic,ATL,31,15,16,30.1,14.9,3.8,54.9,6.3,38.2,4.9,41.2,0.3,37.5,0.1,50.0,0.3,50.0,53.1
38,Bojan Bogdanovic,DET,52,14,38,31.7,21.2,5.9,55.7,6.0,47.3,5.4,43.3,0.7,43.3,0.6,36.0,0.8,60.7,57.2
39,Bol Bol,ORL,51,20,31,23.6,10.7,2.6,55.7,1.1,33.9,1.6,38.0,3.1,83.1,0.1,40.0,0.5,83.3,61.5
40,Bones Hyland,LAC,42,28,14,19.5,12.1,3.0,35.8,3.1,37.3,4.2,34.8,0.1,40.0,0.0,0.0,0.1,75.0,50.3
41,Bradley Beal,WAS,32,17,15,32.8,22.2,9.2,58.1,3.5,41.8,6.8,47.4,1.6,62.5,0.1,25.0,1.0,41.9,56.2
42,Brandon Boston Jr.,LAC,19,7,12,11.5,6.4,2.1,35.0,0.8,31.3,1.8,32.6,0.3,28.6,0.1,33.3,0.1,50.0,44.0
43,Brandon Clarke,MEM,48,27,21,19.7,10.4,0.8,50.0,0.9,48.8,0.3,60.0,6.3,71.5,0.1,25.0,2.5,68.4,66.0
44,Brandon Ingram,NOP,21,11,10,32.0,21.6,9.1,53.5,4.0,40.0,8.1,42.6,0.5,55.6,1.1,43.5,1.2,68.8,50.1
45,Braxton Key,DET,3,0,3,3.0,1.3,0.0,0.0,0.0,0.0,0.7,100.0,0.0,0.0,0.0,0.0,0.0,0.0,100.0
46,Brook Lopez,MIL,54,37,17,30.3,14.2,0.8,60.7,5.8,37.9,0.8,37.3,5.6,67.0,1.9,63.5,1.0,48.8,58.2
47,Bruce Brown,DEN,55,38,17,28.7,11.1,2.8,44.3,3.5,39.6,1.4,40.2,1.5,64.7,0.1,100.0,0.8,70.4,56.2
48,Bruno Fernando,ATL,31,9,22,11.7,4.1,0.1,16.7,0.0,0.0,0.1,50.0,3.1,58.2,0.1,66.7,0.5,41.2,51.6
49,Bryce McGowens,CHA,22,6,16,13.8,3.6,1.0,26.9,1.1,38.1,0.1,9.1,0.3,50.0,0.0,0.0,0.0,0.0,42.6
50,Bryn Forbes,MIN,25,9,16,10.7,3.6,1.0,38.1,1.2,29.4,1.1,37.5,0.1,100.0,0.0,0.0,0.0,0.0,44.6
51,Buddy Boeheim,DET,1,0,1,1.0,0.0,0.0,0.0,0.0,0.0,0.0,0.0,0.0,0.0,0.0,0.0,0.0,0.0,0.0
52,Buddy Hield,IND,56,25,31,32.3,17.6,2.5,44.2,8.3,43.1,4.4,41.5,0.7,69.6,0.0,0.0,0.2,71.4,59.3
53,CJ McCollum,NOP,50,26,24,35.1,21.3,6.4,49.3,5.0,38.7,8.8,42.5,0.3,53.3,0.0,0.0,0.6,59.1,51.6
54,Cade Cunningham,DET,12,3,9,33.3,19.9,9.8,46.9,2.4,30.3,8.0,41.5,0.8,60.0,0.3,100.0,0.3,66.7,45.3
55,Caleb Houstan,ORL,32,11,21,16.4,4.2,0.1,50.0,2.8,37.3,0.3,60.0,0.6,47.1,0.0,0.0,0.0,0.0,54.4
56,Caleb Martin,MIA,45,24,21,30.7,10.2,1.6,45.6,3.6,36.5,1.9,45.5,1.5,61.2,0.0,0.0,0.5,69.2,54.0
57,Cam Reddish,POR,20,9,11,21.9,8.4,2.8,50.0,2.1,29.8,0.8,30.0,0.8,72.7,0.0,0.0,0.4,50.0,51.1
58,Cam Thomas,BKN,38,24,14,16.3,10.6,4.5,46.9,1.1,53.6,3.6,38.6,0.3,80.0,0.0,0.0,0.4,55.6,51.2
59,Cameron Johnson,BKN,17,13,4,25.3,13.9,1.9,54.5,7.2,45.6,1.9,35.9,1.2,57.1,0.0,0.0,0.6,55.6,60.4
60,Cameron Payne,PHX,28,15,13,24.0,12.1,4.9,43.2,2.8,33.3,4.4,42.0,0.2,75.0,0.0,0.0,0.0,0.0,49.0
61,Caris LeVert,CLE,51,30,21,30.8,12.5,4.9,43.0,3.1,38.7,3.0,31.6,0.6,45.8,0.0,0.0,0.3,35.7,48.5
62,Cedi Osman,CLE,55,34,21,21.3,9.1,1.4,44.3,3.5,35.1,0.9,33.3,0.6,70.8,0.0,0.0,0.4,90.9,55.8
63,Charles Bassey,SAS,24,5,19,13.6,4.7,0.0,0.0,0.4,36.4,0.1,33.3,4.1,78.8,0.3,66.7,0.8,60.0,68.6
64,Chima Moneke,SAC,2,1,1,4.0,1.0,0.0,0.0,0.0,0.0,0.0,0.0,1.0,50.0,0.0,0.0,0.0,0.0,50.0
65,Chimezie Metu,SAC,41,24,17,10.9,5.1,0.2,37.5,0.6,29.0,0.0,16.7,3.3,70.9,0.2,50.0,0.5,53.3,62.6
66,Chris Boucher,TOR,50,24,26,20.8,9.9,0.5,36.8,2.6,33.8,0.4,39.1,4.5,62.2,0.0,0.0,0.3,46.2,54.7
67,Chris Duarte,IND,33,13,20,19.0,7.7,2.1,46.0,1.9,29.2,2.5,32.4,0.2,50.0,0.0,0.0,0.2,20.0,43.4
68,Chris Paul,PHX,36,18,18,31.8,13.7,4.2,51.5,2.1,50.0,7.9,41.8,0.0,0.0,0.1,33.3,0.0,0.0,50.5
69,Chris Silva,DAL,1,1,0,3.0,2.0,0.0,0.0,0.0,0.0,0.0,0.0,0.0,0.0,2.0,100.0,0.0,0.0,100.0
70,Christian Braun,DEN,51,35,16,14.8,4.1,0.9,47.5,1.0,32.7,0.4,31.8,0.5,60.0,0.0,0.0,0.1,66.7,54.0
71,Christian Koloko,TOR,45,21,24,14.6,3.5,0.0,0.0,0.2,20.0,0.0,0.0,2.8,56.2,0.0,0.0,0.4,33.3,49.2
72,Christian Wood,DAL,44,25,19,28.5,17.8,3.1,58.8,5.3,42.0,0.9,26.2,4.8,66.7,1.7,60.4,1.5,63.2,59.9
73,Chuma Okeke,ORL,18,5,13,21.8,5.4,0.9,38.5,2.8,30.4,0.4,30.0,0.4,75.0,0.1,0.0,0.1,100.0,47.1
74,Clint Capela,ATL,40,22,18,26.8,11.9,0.1,33.3,0.0,0.0,0.0,0.0,10.4,64.4,0.3,33.3,1.5,75.0,62.8
75,Coby White,CHI,46,22,24,21.8,8.5,1.8,49.3,4.3,36.7,1.2,31.9,0.2,75.0,0.0,0.0,0.0,100.0,51.8
76,Cody Martin,CHA,7,2,5,19.1,5.0,1.9,45.5,1.6,40.0,0.3,10.0,0.6,66.7,0.0,0.0,0.0,0.0,43.1
77,Cole Anthony,ORL,38,18,20,25.2,12.2,5.2,53.4,2.3,33.0,3.2,42.3,0.8,68.8,0.0,0.0,0.1,100.0,50.3
78,Cole Swider,LAL,6,1,5,6.7,1.5,0.0,0.0,1.5,50.0,0.0,0.0,0.0,0.0,0.0,0.0,0.0,0.0,50.0
79,Collin Sexton,UTA,43,22,21,23.9,14.3,6.7,51.9,2.0,40.8,2.6,46.4,1.2,58.1,0.0,0.0,0.2,40.0,56.4
80,Corey Kispert,WAS,46,21,25,27.4,9.5,1.1,48.6,5.3,41.5,0.4,30.4,0.9,62.1,0.0,0.0,0.4,50.0,60.5
81,Cory Joseph,DET,37,9,28,15.7,4.6,1.6,44.9,1.1,32.6,1.5,35.8,0.1,40.0,0.0,0.0,0.1,33.3,45.6
82,D'Angelo Russell,LAL,54,27,27,32.9,17.9,4.3,52.9,4.9,39.8,6.6,43.9,0.5,52.2,0.1,50.0,0.4,62.5,56.7
83,Daishen Nix,HOU,40,11,29,15.5,3.7,1.0,37.1,1.3,26.2,0.9,38.7,0.2,100.0,0.0,0.0,0.1,100.0,43.7
84,Dalano Banton,TOR,24,12,12,9.7,4.8,0.5,17.6,1.4,32.4,0.5,19.2,1.1,76.5,0.0,0.0,0.1,50.0,48.1
85,Dalen Terry,CHI,19,10,9,3.3,0.8,0.4,33.3,0.2,25.0,0.1,50.0,0.1,33.3,0.0,0.0,0.0,0.0,38.2
86,Damian Jones,UTA,22,6,16,8.0,2.5,0.0,0.0,0.1,20.0,0.0,0.0,2.0,61.5,0.1,0.0,0.2,25.0,54.1
87,Damian Lillard,POR,43,22,21,36.2,30.9,10.9,58.1,4.6,37.6,10.0,40.3,0.3,70.0,0.1,33.3,0.3,66.7,56.3
88,Damion Lee,PHX,57,30,27,22.3,9.0,1.8,42.4,5.1,46.9,0.8,30.7,0.3,58.3,0.0,0.0,0.2,83.3,57.0
89,Daniel Gafford,WAS,52,23,29,18.4,8.4,0.6,83.3,0.0,20.0,0.1,100.0,6.1,78.8,0.3,50.0,1.4,71.1,73.8
90,Daniel Theis,IND,4,1,3,14.0,6.0,1.0,100.0,1.3,33.3,0.0,0.0,3.3,62.5,0.0,0.0,1.8,75.0,55.3
91,Danny Green,HOU,3,1,2,14.5,3.0,0.0,0.0,3.0,37.5,0.0,0.0,0.0,0.0,0.0,0.0,0.0,0.0,40.9
92,Danuel House Jr.,PHI,35,22,13,15.4,4.6,0.8,61.1,1.1,27.7,1.2,47.1,0.6,90.0,0.0,0.0,0.2,75.0,57.3
93,Dario Saric,OKC,37,17,20,14.4,5.8,0.9,30.3,2.3,39.0,0.4,30.0,1.7,59.0,0.5,46.7,0.4,66.7,50.3
94,Darius Bazley,PHX,36,16,20,15.4,5.4,1.3,39.4,1.6,41.7,0.1,20.0,1.5,55.0,0.1,0.0,0.6,50.0,50.6
95,Darius Days,HOU,1,0,1,2.5,2.0,0.0,0.0,0.0,0.0,0.0,0.0,0.0,0.0,0.0,0.0,0.0,0.0,100.0
96,Darius Garland,CLE,47,25,22,35.3,22.0,8.7,50.2,3.7,46.5,7.7,42.0,0.3,75.0,0.0,100.0,0.4,58.3,54.0
97,David Duke Jr.,BKN,15,7,8,9.1,3.1,1.8,54.2,0.0,0.0,0.0,0.0,0.3,33.3,0.0,0.0,0.0,0.0,45.7
98,David Roddy,MEM,45,28,17,17.8,6.4,1.5,46.8,2.3,28.5,0.5,43.5,1.0,70.4,0.1,100.0,0.2,30.0,48.7
99,Davion Mitchell,SAC,53,30,23,18.2,5.8,1.8,53.8,1.8,35.2,1.2,34.1,0.4,69.2,0.0,0.0,0.1,33.3,53.5
100,Davis Bertans,DAL,34,17,17,10.6,4.1,0.1,66.7,2.9,36.3,0.5,75.0,0.1,66.7,0.0,0.0,0.1,100.0,59.0
101,Davon Reed,LAL,35,23,12,9.0,2.3,0.4,21.4,1.0,30.8,0.6,32.1,0.1,33.3,0.0,0.0,0.0,0.0,41.3
102,Day'Ron Sharpe,BKN,30,16,14,10.3,3.8,0.1,25.0,0.5,71.4,0.0,0.0,2.4,52.6,0.1,12.5,0.7,66.7,53.8
103,De'Aaron Fox,SAC,49,30,19,33.7,24.2,11.4,57.5,2.6,37.1,8.1,41.0,0.7,83.3,0.1,100.0,0.3,70.0,54.6
104,De'Andre Hunter,ATL,46,26,20,32.0,15.5,3.8,41.7,4.8,37.1,4.0,48.4,0.9,54.8,0.5,66.7,0.8,55.2,51.7
105,De'Anthony Melton,PHI,50,32,18,29.0,11.0,1.8,44.1,5.4,41.9,2.0,37.8,0.6,59.1,0.0,0.0,0.3,77.8,55.4
106,DeAndre Jordan,DEN,33,20,13,14.7,4.8,0.1,100.0,0.1,100.0,0.0,0.0,4.2,79.7,0.1,66.7,0.2,37.5,76.6
107,DeMar DeRozan,CHI,50,24,26,36.2,25.7,9.9,58.6,2.1,36.8,10.1,47.4,0.4,45.0,2.1,63.6,1.0,44.4,52.2
108,Dean Wade,CLE,27,19,8,23.0,6.0,0.8,29.4,3.9,41.2,0.1,16.7,0.6,100.0,0.0,0.0,0.1,100.0,61.8
109,Deandre Ayton,PHX,48,22,26,30.0,18.5,0.2,25.0,3.2,42.4,1.1,43.9,11.5,63.8,3.3,52.6,4.4,58.3,59.3
110,Dejounte Murray,ATL,51,26,25,36.6,21.1,6.6,46.2,4.5,36.8,8.7,46.0,0.9,57.6,0.1,33.3,0.2,31.3,52.2
111,Delon Wright,WAS,25,16,9,22.0,5.8,2.2,43.8,0.8,18.4,1.6,43.2,0.4,66.7,0.0,0.0,0.2,100.0,47.7
112,Deni Avdija,WAS,52,24,28,26.4,9.1,2.7,53.1,2.6,31.5,0.3,15.2,1.6,46.4,0.0,100.0,0.4,55.6,49.4
113,Dennis Schroder,LAL,43,21,22,30.2,12.1,4.8,45.5,3.3,36.1,2.6,43.8,0.1,50.0,0.0,0.0,0.1,50.0,48.0
114,Dennis Smith Jr.,CHA,34,9,25,24.9,8.1,3.9,49.6,1.1,24.0,1.0,24.3,0.9,65.0,0.1,100.0,0.3,66.7,44.2
115,Deonte Burton,SAC,2,1,1,3.3,0.0,0.0,0.0,0.0,0.0,0.0,0.0,0.0,0.0,0.0,0.0,0.0,0.0,0.0
116,Dereon Seabron,NOP,4,2,2,1.9,1.0,0.0,0.0,0.0,0.0,0.0,0.0,0.5,100.0,0.0,0.0,0.0,0.0,50.0
117,Derrick Jones Jr.,CHI,43,17,26,15.4,5.3,0.4,66.7,1.3,34.6,0.0,50.0,2.2,59.1,0.0,100.0,0.6,55.6,55.8
118,Derrick Rose,NYK,26,11,15,12.9,5.8,2.4,43.8,1.0,24.3,2.2,42.9,0.4,55.6,0.0,0.0,0.2,40.0,45.5
119,Derrick White,BOS,55,39,16,27.1,10.9,2.9,52.0,4.1,37.9,1.6,45.0,0.7,57.1,0.0,0.0,0.3,45.5,55.0
120,Desmond Bane,MEM,32,20,12,31.1,21.6,5.2,44.8,5.0,42.9,6.3,44.0,0.9,57.1,0.0,0.0,0.9,63.2,56.1
121,Devin Booker,PHX,30,19,11,34.2,26.8,8.6,51.9,3.3,43.0,11.4,43.4,1.3,63.0,1.0,73.3,0.5,53.8,53.2
122,Devin Vassell,SAS,29,8,21,31.3,19.4,3.9,40.4,7.8,45.9,5.7,39.7,0.6,58.3,0.0,0.0,0.8,64.3,53.3
123,Devon Dotson,WAS,6,1,5,8.9,0.5,0.0,0.0,0.5,33.3,0.0,0.0,0.0,0.0,0.0,0.0,0.0,0.0,15.0
124,Devonte' Graham,SAS,53,27,26,15.3,5.3,0.5,30.4,2.5,34.6,1.5,39.5,0.0,100.0,0.0,0.0,0.1,100.0,51.1
125,Dewayne Dedmon,MIA,30,17,13,11.7,5.7,0.4,100.0,1.1,30.0,0.5,63.6,2.6,57.9,0.3,36.4,1.5,63.0,53.9
126,Dillon Brooks,MEM,49,30,19,30.7,15.1,5.0,45.1,4.0,32.3,4.2,34.9,0.9,59.4,0.2,60.0,0.3,54.5,45.4
127,Domantas Sabonis,SAC,52,30,22,34.4,18.7,2.2,63.3,2.6,45.2,0.2,50.0,8.1,66.1,2.3,62.3,5.1,66.9,62.8
128,Dominick Barlow,SAS,6,0,6,6.4,3.0,0.3,100.0,0.3,20.0,0.3,100.0,1.3,100.0,0.0,0.0,0.3,100.0,50.0
129,Donovan Mitchell,CLE,46,30,16,35.3,26.8,8.9,59.6,3.9,36.5,10.6,42.9,1.0,64.7,0.0,0.0,0.7,70.6,56.5
130,Donte DiVincenzo,GSW,44,25,19,25.1,8.5,1.0,44.4,5.5,44.8,0.7,26.8,0.8,58.6,0.0,0.0,0.2,60.0,57.2
131,Dorian Finney-Smith,BKN,41,20,21,32.2,9.1,1.0,39.5,5.5,35.5,0.2,18.8,1.5,75.7,0.0,0.0,0.3,100.0,53.6
132,Doug McDermott,SAS,48,14,34,20.4,9.8,1.5,41.7,4.7,41.1,1.6,41.6,0.8,62.1,0.0,100.0,0.3,66.7,57.2
133,Draymond Green,GSW,48,26,22,31.8,8.1,1.1,53.5,2.0,32.4,0.1,33.3,1.6,50.9,0.1,50.0,1.3,68.4,55.9
134,Drew Eubanks,POR,53,25,28,19.1,5.9,0.4,69.2,0.4,50.0,0.2,55.6,3.4,73.6,0.2,55.6,1.2,64.6,70.1
135,Dru Smith,BKN,7,4,3,13.2,2.6,0.9,42.9,0.9,28.6,0.3,20.0,0.3,100.0,0.0,0.0,0.3,100.0,45.0
136,Duane Washington Jr.,PHX,31,17,14,12.7,7.9,2.6,38.8,2.1,31.4,3.4,39.3,0.0,0.0,0.0,0.0,0.0,0.0,44.5
137,Duncan Robinson,MIA,28,14,14,17.9,6.9,0.8,57.9,3.7,33.3,1.7,36.7,0.5,57.1,0.0,0.0,0.2,66.7,50.0
138,Dwight Powell,DAL,51,29,22,19.8,6.8,0.2,50.0,0.0,0.0,0.0,0.0,5.4,74.7,0.1,66.7,0.8,61.5,71.3
139,Dyson Daniels,NOP,39,21,18,19.9,4.5,1.2,42.0,1.3,33.3,0.4,30.0,0.7,72.2,0.0,0.0,0.1,100.0,51.0
140,Edmond Sumner,BKN,46,28,18,14.5,7.4,2.4,41.6,1.6,35.7,0.7,40.0,0.7,76.5,0.0,0.0,0.2,80.0,51.6
141,Eric Gordon,LAC,47,12,35,30.2,13.1,5.6,51.0,3.7,33.5,1.9,33.0,0.5,71.4,0.0,100.0,0.1,33.3,52.8
142,Eugene Omoruyi,OKC,21,7,14,12.2,5.0,0.5,50.0,1.1,27.6,0.0,0.0,2.1,58.8,0.0,0.0,0.2,33.3,51.7
143,Evan Fournier,NYK,22,12,10,18.7,7.1,1.3,35.5,2.9,35.6,2.5,32.4,0.2,66.7,0.0,0.0,0.0,0.0,46.3
144,Evan Mobley,CLE,55,33,22,34.0,15.4,2.1,43.2,1.0,22.9,1.2,41.0,7.5,71.5,1.2,40.0,2.6,60.2,56.1
145,Facundo Campazzo,DAL,8,2,6,6.5,1.3,0.0,0.0,0.8,33.3,0.4,20.0,0.0,0.0,0.0,0.0,0.0,0.0,34.6
146,Frank Kaminsky,HOU,26,11,15,6.8,2.7,0.2,66.7,1.3,50.0,0.0,0.0,0.7,58.3,0.2,100.0,0.1,100.0,69.3
147,Frank Ntilikina,DAL,33,17,16,11.8,2.5,0.7,40.0,0.9,26.2,0.5,38.9,0.1,33.3,0.0,0.0,0.0,0.0,40.9
148,Franz Wagner,ORL,55,22,33,33.1,19.3,7.9,49.7,3.5,44.2,2.6,31.7,2.0,62.0,0.2,28.6,0.5,38.1,54.3
149,Fred VanVleet,TOR,47,22,25,37.0,19.6,5.3,43.3,4.3,33.3,7.4,38.1,0.3,66.7,0.0,0.0,0.1,100.0,48.6
150,Furkan Korkmaz,PHI,25,17,8,10.2,3.8,1.2,45.8,1.1,33.3,0.8,38.1,0.5,80.0,0.0,0.0,0.2,50.0,48.7
151,Gabe Vincent,MIA,41,23,18,25.3,9.5,2.5,45.7,3.3,33.3,3.1,40.8,0.4,75.0,0.0,100.0,0.1,100.0,49.7
152,Garrett Temple,NOP,17,11,6,7.4,2.5,0.2,33.3,1.4,44.4,0.2,14.3,0.1,50.0,0.0,0.0,0.0,0.0,55.7
153,Garrison Mathews,ATL,45,12,33,13.4,4.8,0.2,14.3,3.0,34.6,0.5,32.0,0.2,75.0,0.0,0.0,0.0,0.0,50.9
154,Gary Harris,ORL,27,11,16,24.3,8.9,1.4,50.0,4.7,47.2,1.1,39.3,0.6,70.0,0.0,0.0,0.1,50.0,64.1
155,Gary Payton II,GSW,15,8,7,17.0,4.1,0.0,0.0,1.8,52.9,0.0,0.0,1.3,62.5,0.1,100.0,0.1,25.0,69.5
156,Gary Trent Jr.,TOR,49,23,26,33.5,18.6,3.9,50.7,6.0,39.7,5.3,39.2,0.7,68.2,0.0,0.0,0.5,78.6,53.5
157,George Hill,IND,35,24,11,19.1,5.0,1.1,58.6,1.8,36.8,0.9,40.0,0.3,55.6,0.0,0.0,0.1,100.0,53.4
158,Georges Niang,PHI,51,33,18,19.9,9.0,1.4,53.4,6.4,42.4,0.5,33.3,0.5,90.9,0.0,0.0,0.0,0.0,60.5
159,Giannis Antetokounmpo,MIL,44,32,12,33.4,32.3,11.6,61.5,1.5,30.1,3.7,32.2,5.8,79.1,2.1,43.6,2.4,52.8,56.2
160,Goga Bitadze,IND,21,8,13,9.6,3.3,0.0,0.0,0.5,25.0,0.1,100.0,1.9,59.3,0.1,33.3,0.4,60.0,55.8
161,Goran Dragic,CHI,48,22,26,15.8,6.7,1.8,43.5,2.4,42.4,1.8,35.3,0.2,80.0,0.1,0.0,0.1,75.0,50.5
162,Gordon Hayward,CHA,30,10,20,31.0,13.4,3.4,46.0,3.2,33.0,3.4,39.2,1.6,60.0,0.1,33.3,1.0,66.7,48.9
163,Gorgui Dieng,SAS,17,2,15,9.8,3.4,0.3,66.7,1.8,36.7,0.4,23.1,1.1,80.0,0.0,0.0,0.1,33.3,50.0
164,Grant Williams,BOS,54,39,15,27.6,8.7,1.6,53.7,3.6,40.1,1.3,42.6,1.2,59.5,0.0,20.0,0.2,50.0,59.8
165,Grayson Allen,MIL,51,36,15,27.4,10.5,2.7,45.9,4.8,42.8,1.3,32.4,0.5,78.6,0.0,0.0,0.2,83.3,57.3
166,Greg Brown III,POR,16,10,6,5.8,1.8,0.7,50.0,0.2,14.3,0.0,0.0,0.3,50.0,0.0,0.0,0.1,100.0,41.1
167,Hamidou Diallo,DET,46,11,35,16.6,8.2,2.0,41.0,0.3,30.0,0.9,40.8,2.5,73.0,0.0,0.0,1.3,78.8,57.6
168,Harrison Barnes,SAC,54,31,23,32.5,15.1,5.0,46.2,4.4,38.8,1.3,39.7,2.0,79.7,0.6,75.0,0.6,83.3,56.6
169,Haywood Highsmith,MIA,39,21,18,19.4,4.8,0.5,50.0,2.3,34.8,0.3,35.7,1.1,53.8,0.0,0.0,0.2,42.9,51.7
170,Herbert Jones,NOP,40,18,22,28.9,9.7,2.3,42.7,2.3,26.3,0.1,20.0,1.4,57.5,0.1,0.0,0.3,45.5,48.4
171,Immanuel Quickley,NYK,55,30,25,27.9,12.6,4.7,55.1,3.0,36.6,3.9,36.4,0.2,57.1,0.0,0.0,0.1,50.0,51.2
172,Isaac Okoro,CLE,57,35,22,20.8,6.4,1.2,47.3,2.1,35.1,0.2,33.3,0.8,74.1,0.0,100.0,0.1,66.7,58.3
173,Isaiah Hartenstein,NYK,56,30,26,19.3,5.1,0.1,60.0,0.9,32.3,0.1,37.5,3.6,54.4,0.2,100.0,0.7,36.4,52.1
174,Isaiah Jackson,IND,41,16,25,15.3,6.7,0.1,33.3,0.2,21.4,0.2,50.0,4.7,58.1,0.2,33.3,0.8,40.0,56.0
175,Isaiah Joe,OKC,46,23,23,15.4,8.1,0.2,37.5,5.2,47.0,1.6,39.4,0.3,66.7,0.0,0.0,0.2,100.0,64.8
176,Isaiah Livers,DET,33,8,25,20.3,5.5,0.4,33.3,3.5,34.5,0.7,41.7,0.2,100.0,0.1,100.0,0.1,100.0,53.7
177,Isaiah Mobley,CLE,8,5,3,3.3,1.1,0.0,0.0,0.4,50.0,0.0,0.0,0.3,100.0,0.3,100.0,0.0,0.0,56.3
178,Isaiah Roby,SAS,38,9,29,10.9,4.2,0.9,45.2,1.1,33.3,0.5,33.3,0.7,60.0,0.1,100.0,0.3,60.0,51.8
179,Isaiah Stewart,DET,44,11,33,28.3,11.4,1.3,50.0,4.1,34.4,0.0,16.7,4.0,56.8,0.3,31.6,1.3,65.5,51.8
180,Isaiah Todd,WAS,4,2,2,3.1,0.5,0.0,0.0,0.0,0.0,0.0,0.0,0.0,0.0,0.0,0.0,0.0,0.0,25.0
181,Ish Smith,DEN,27,17,10,9.5,2.7,1.3,51.5,0.2,50.0,1.5,38.5,0.1,50.0,0.0,0.0,0.0,0.0,45.0
182,Ish Wainright,PHX,39,20,19,15.4,4.3,0.5,50.0,2.7,35.7,0.2,25.0,0.5,47.4,0.0,0.0,0.0,0.0,51.4
183,Ivica Zubac,LAC,56,30,26,29.3,10.2,0.3,57.1,0.0,0.0,0.0,0.0,8.1,64.4,1.6,60.7,1.9,56.9,61.6
184,JD Davison,BOS,5,4,1,2.3,0.4,0.0,0.0,0.0,0.0,0.0,0.0,0.0,0.0,0.0,0.0,0.0,0.0,20.0
185,JT Thor,CHA,43,10,33,10.8,2.7,0.5,47.4,1.0,25.4,0.1,14.3,0.8,61.9,0.0,0.0,0.0,20.0,42.5
186,Ja Morant,MEM,45,29,16,32.7,27.4,14.7,48.7,2.0,36.1,7.0,39.5,1.3,65.1,0.0,0.0,0.2,33.3,50.9
187,JaMychal Green,GSW,35,18,17,14.7,6.4,0.0,0.0,2.0,34.3,0.0,0.0,3.3,66.7,0.1,100.0,0.6,66.7,59.8
188,JaVale McGee,DAL,32,16,16,7.9,3.8,0.7,71.4,0.1,33.3,0.1,33.3,2.6,60.3,0.3,30.0,0.7,73.3,61.9
189,Jabari Smith Jr.,HOU,52,12,40,29.7,11.8,2.0,46.9,4.2,30.0,2.3,34.2,2.2,64.4,0.5,45.5,0.8,52.9,46.2
190,Jabari Walker,POR,35,18,17,8.4,2.4,0.2,33.3,0.4,22.7,0.0,0.0,1.1,53.3,0.1,50.0,0.3,66.7,45.3
191,Jack White,DEN,12,10,2,3.4,1.0,0.4,66.7,0.3,20.0,0.0,0.0,0.3,50.0,0.0,0.0,0.0,0.0,42.3
192,Jaden Hardy,DAL,27,14,13,10.7,6.6,2.7,52.8,1.2,29.7,1.1,32.4,0.1,100.0,0.0,0.0,0.0,0.0,48.6
193,Jaden Ivey,DET,51,14,37,29.9,15.1,5.4,44.8,2.5,36.2,3.5,35.0,1.1,53.2,0.0,0.0,0.5,70.6,47.6
194,Jaden McDaniels,MIN,55,29,26,30.6,11.3,2.3,46.3,3.5,38.0,1.1,43.3,2.2,74.3,0.1,28.6,0.4,64.3,58.5
195,Jaden Springer,PHI,7,7,0,3.7,2.4,0.4,33.3,0.3,100.0,0.0,0.0,1.1,80.0,0.0,0.0,0.0,0.0,58.3
196,Jae'Sean Tate,HOU,17,3,14,20.7,7.8,2.7,42.2,1.1,28.6,0.4,37.5,1.9,55.2,0.7,66.7,0.2,66.7,47.9
197,Jake LaRavia,MEM,29,19,10,13.1,3.3,0.5,50.0,2.1,36.4,0.2,25.0,0.2,42.9,0.1,100.0,0.2,100.0,51.7
198,Jakob Poeltl,TOR,45,11,34,26.1,12.2,1.6,64.0,1.0,44.0,0.6,53.8,6.6,65.3,1.3,58.1,3.1,57.5,62.5
199,Jalen Brunson,NYK,52,28,24,34.9,23.2,11.6,48.4,2.6,45.9,8.0,43.5,0.2,55.6,0.6,59.1,0.1,50.0,52.8
200,Jalen Duren,DET,47,13,34,25.0,8.3,0.1,66.7,0.0,25.0,0.1,37.5,6.8,67.0,0.3,28.6,0.9,72.7,65.6
201,Jalen Green,HOU,51,11,40,34.4,22.0,8.1,43.3,3.9,36.0,6.6,35.7,0.9,72.4,0.0,0.0,0.2,40.0,48.9
202,Jalen Johnson,ATL,52,26,26,14.6,5.3,0.9,51.6,1.3,28.9,0.2,29.4,1.1,60.9,0.0,0.0,0.4,50.0,52.5
203,Jalen McDaniels,PHI,56,15,41,26.7,10.6,2.4,39.7,3.5,33.7,0.7,32.8,2.0,70.0,0.0,0.0,0.3,46.7,51.3
204,Jalen Smith,IND,48,23,25,18.9,9.5,0.6,44.8,2.5,26.1,0.4,35.0,3.7,68.9,0.2,30.8,1.0,71.0,51.9
205,Jalen Suggs,ORL,31,12,19,22.6,9.0,2.1,50.9,1.7,28.1,3.0,40.0,0.9,60.0,0.1,66.7,0.2,40.0,48.1
206,Jalen Williams,OKC,50,24,26,28.9,12.0,3.8,50.3,2.4,32.3,1.4,37.8,2.1,71.9,0.0,0.0,0.8,78.3,54.9
207,Jamal Cain,MIA,13,8,5,13.9,4.9,0.5,42.9,0.6,25.0,0.0,0.0,3.1,65.2,0.0,0.0,0.0,0.0,54.2
208,Jamal Murray,DEN,45,32,13,32.5,20.2,5.8,50.0,2.8,36.4,8.7,43.2,1.1,67.7,0.4,50.0,0.7,57.1,53.6
209,James Bouknight,CHA,26,5,21,13.6,4.3,1.2,50.0,0.9,20.5,1.2,33.3,0.1,25.0,0.0,0.0,0.1,100.0,39.3
210,James Harden,PHI,37,24,13,36.5,21.1,7.4,48.1,2.6,48.5,8.1,38.8,0.2,23.1,0.4,87.5,0.1,50.0,54.8
211,James Johnson,IND,12,5,7,8.2,2.2,0.8,36.4,0.5,25.0,0.4,40.0,0.3,50.0,0.0,0.0,0.0,0.0,42.6
212,James Wiseman,DET,21,9,12,12.5,6.9,0.1,100.0,0.5,45.5,0.1,12.5,4.2,71.9,0.4,44.4,1.3,72.2,63.3
213,Jared Rhoden,DET,1,0,1,12.0,2.0,0.0,0.0,0.0,0.0,2.0,50.0,0.0,0.0,0.0,0.0,0.0,0.0,33.3
214,Jaren Jackson Jr.,MEM,37,23,14,27.3,16.8,4.6,52.7,4.3,35.3,0.4,22.7,4.8,71.4,1.9,55.6,0.9,56.5,56.6
215,Jarred Vanderbilt,LAL,52,25,27,24.1,8.3,0.6,40.9,1.1,31.7,0.1,15.4,4.6,67.9,0.0,0.0,1.2,59.5,58.7
216,Jarrett Allen,CLE,50,32,18,33.1,14.4,0.3,41.7,0.8,32.8,0.1,50.0,11.1,68.0,0.8,51.7,3.0,62.4,64.9
217,Jarrett Culver,ATL,10,5,5,13.7,4.4,1.0,40.0,0.3,8.3,0.6,37.5,1.2,57.1,0.0,0.0,0.0,0.0,40.7
218,Jason Preston,LAC,12,3,9,9.8,3.3,0.8,35.7,1.0,28.6,1.1,37.5,0.2,100.0,0.0,0.0,0.2,100.0,48.8
219,Javonte Green,CHI,28,11,17,16.0,5.9,0.6,33.3,1.3,36.4,0.2,40.0,2.4,83.3,0.0,0.0,0.5,70.0,64.9
220,Jaxson Hayes,NOP,30,14,16,14.3,5.2,0.5,36.4,0.4,16.7,0.0,0.0,2.5,69.0,0.0,0.0,0.8,88.9,54.2
221,Jaylen Brown,BOS,48,33,15,35.6,26.5,8.6,57.7,5.5,33.5,6.4,43.2,2.2,67.1,0.4,61.5,1.3,65.0,54.9
222,Jaylen Nowell,MIN,58,30,28,19.8,11.0,3.9,51.1,2.0,29.9,3.1,42.6,0.8,62.9,0.0,0.0,0.4,83.3,50.2
223,Jaylin Williams,OKC,22,10,12,15.2,5.1,0.5,50.0,3.0,46.3,0.0,0.0,1.3,36.7,0.0,0.0,0.5,36.4,56.1
224,Jayson Tatum,BOS,52,37,15,37.3,30.6,7.9,50.7,6.7,43.8,5.4,29.7,3.0,67.3,1.4,58.8,2.4,61.3,53.8
225,Jeff Dowtin Jr.,TOR,14,9,5,6.6,2.0,0.6,57.1,0.2,25.0,0.4,27.3,0.3,50.0,0.0,0.0,0.1,0.0,50.0
226,Jeff Green,DEN,34,21,13,18.9,7.2,1.4,53.3,1.2,26.9,0.4,27.3,1.6,56.4,0.7,33.3,0.7,62.5,51.8
227,Jerami Grant,POR,53,25,28,35.7,20.7,4.5,48.5,6.6,40.3,2.5,39.1,2.1,79.3,1.2,50.0,0.5,58.8,56.0
228,Jeremiah Robinson-Earl,OKC,26,10,16,21.1,8.5,0.5,100.0,3.5,37.3,0.2,66.7,2.5,48.2,0.0,0.0,0.5,60.0,57.2
229,Jeremy Sochan,SAS,44,11,33,25.9,10.0,2.8,43.4,1.8,28.2,1.0,42.9,3.4,68.9,0.2,23.1,0.6,75.0,49.6
230,Jericho Sims,NYK,43,24,19,15.7,3.8,0.0,100.0,0.1,66.7,0.0,0.0,3.4,84.3,0.0,0.0,0.3,62.5,80.9
231,Jevon Carter,MIL,55,38,17,22.6,7.1,0.8,36.4,3.0,41.7,2.9,39.9,0.1,50.0,0.0,0.0,0.1,50.0,53.2
232,Jimmy Butler,MIA,40,22,18,33.9,22.0,8.0,50.5,1.7,42.9,2.7,36.6,4.8,63.7,1.1,38.3,1.1,63.3,53.7
233,Jock Landale,PHX,48,24,24,14.4,6.8,0.1,66.7,1.2,25.9,0.0,14.3,4.5,67.7,1.3,62.5,0.8,59.3,55.4
234,Joe Harris,BKN,48,28,20,24.4,8.5,0.6,37.5,5.4,42.9,0.9,35.6,0.7,84.2,0.0,0.0,0.3,72.7,60.1
235,Joe Ingles,MIL,22,14,8,22.0,6.3,1.0,55.6,2.9,33.3,1.9,42.4,0.2,66.7,0.0,0.0,0.0,0.0,53.8
236,Joe Wieskamp,TOR,2,1,1,8.5,4.5,0.0,0.0,4.5,75.0,0.0,0.0,0.0,0.0,0.0,0.0,0.0,0.0,90.0
237,Joel Embiid,PHI,41,26,15,34.8,33.3,5.3,52.6,5.2,47.8,6.2,41.5,6.1,66.4,4.5,46.8,6.4,53.1,55.9
238,John Butler Jr.,POR,7,1,6,3.4,0.3,0.0,0.0,0.0,0.0,0.0,0.0,0.3,100.0,0.0,0.0,0.0,0.0,25.0
239,John Collins,ATL,48,25,23,31.3,13.3,2.0,56.8,3.4,32.5,0.6,40.5,4.1,76.9,2.0,51.9,1.3,65.8,55.2
240,John Konchar,MEM,46,28,18,22.9,6.0,0.3,16.1,2.8,36.4,0.5,34.8,1.0,72.4,0.0,0.0,0.2,57.1,53.1
241,John Wall,HOU,34,15,19,22.2,11.4,3.8,43.2,2.8,35.6,1.7,27.4,0.2,75.0,0.2,57.1,0.0,0.0,45.7
242,Johnny Davis,WAS,11,4,7,5.1,1.2,0.6,33.3,0.0,0.0,0.5,27.3,0.4,100.0,0.0,0.0,0.0,0.0,31.3
243,Jonas Valanciunas,NOP,55,28,27,24.6,14.6,0.4,44.4,3.1,38.9,0.2,22.7,7.4,68.0,2.7,50.4,1.9,57.3,57.0
244,Jonathan Isaac,ORL,8,6,2,10.0,5.3,0.0,0.0,2.5,40.0,0.3,25.0,2.3,53.8,0.5,50.0,0.3,0.0,47.5
245,Jonathan Kuminga,GSW,43,24,19,19.5,8.4,2.3,56.2,1.8,31.3,0.6,41.4,1.7,62.0,0.3,26.3,0.6,50.0,54.6
246,Jordan Clarkson,UTA,55,27,28,32.3,20.9,8.6,52.4,4.2,33.8,6.0,40.2,1.3,61.5,0.1,42.9,0.6,63.2,52.4
247,Jordan Goodwin,WAS,39,14,25,18.4,6.5,2.4,51.3,1.5,41.7,1.6,38.0,0.7,52.0,0.1,100.0,0.1,40.0,51.6
248,Jordan Hall,SAS,9,1,8,9.2,3.1,0.6,50.0,0.6,14.3,1.1,44.4,0.0,0.0,0.0,0.0,0.0,0.0,37.5
249,Jordan McLaughlin,MIN,21,12,9,15.3,3.7,1.3,47.8,0.9,23.1,0.5,30.8,0.4,100.0,0.0,0.0,0.1,100.0,47.2
250,Jordan Nwora,IND,38,26,12,15.7,6.0,1.3,33.3,2.8,40.2,0.8,26.5,0.5,50.0,0.0,0.0,0.1,100.0,48.7
251,Jordan Poole,GSW,54,27,27,30.5,20.7,5.4,51.7,4.7,35.5,5.7,36.4,0.7,46.7,0.0,0.0,0.8,66.7,52.1
252,Jordan Schakel,WAS,2,0,2,3.1,1.5,0.0,0.0,0.0,0.0,1.5,100.0,0.0,0.0,0.0,0.0,0.0,0.0,75.0
253,Jose Alvarado,NOP,55,29,26,21.6,9.3,3.5,45.5,3.8,34.3,0.9,30.8,0.3,66.7,0.0,0.0,0.2,100.0,49.6
254,Josh Christopher,HOU,37,7,30,9.7,4.5,2.2,50.7,0.5,24.0,1.0,37.8,0.2,66.7,0.1,0.0,0.1,50.0,49.3
255,Josh Giddey,OKC,49,21,28,31.0,16.3,6.3,47.8,3.1,35.6,1.9,36.3,2.6,64.2,0.0,0.0,0.7,68.0,52.2
256,Josh Green,DAL,36,19,17,23.6,8.8,2.6,59.6,3.1,43.5,0.3,33.3,0.4,66.7,0.0,0.0,0.5,85.7,65.6
257,Josh Hart,NYK,51,25,26,33.4,9.5,1.9,50.0,2.0,32.4,0.5,27.1,1.3,66.7,0.0,100.0,0.2,60.0,55.1
258,Josh Minott,MIN,10,5,5,6.7,3.5,0.2,16.7,0.3,33.3,0.0,0.0,1.6,87.5,0.0,0.0,0.2,100.0,53.7
259,Josh Okogie,PHX,47,23,24,13.5,5.4,1.4,41.9,1.2,27.9,0.7,32.5,0.9,46.9,0.0,0.0,0.1,33.3,45.4
260,Josh Richardson,NOP,41,11,30,23.8,11.5,2.5,48.4,4.8,37.6,3.5,43.1,0.7,68.2,0.0,0.0,0.1,40.0,52.8
261,Joshua Primo,SAS,4,3,1,23.3,7.0,2.8,50.0,1.5,22.2,2.3,44.4,0.5,0.0,0.0,0.0,0.0,0.0,40.4
262,Jrue Holiday,MIL,44,32,12,32.9,19.1,6.9,52.5,2.2,37.9,7.5,40.0,1.6,63.5,0.5,31.6,0.3,45.5,53.2
263,Juan Toscano-Anderson,UTA,30,12,18,12.2,2.7,0.3,50.0,0.5,30.0,0.0,0.0,0.8,57.9,0.0,0.0,0.2,50.0,53.0
264,Juancho Hernangomez,TOR,41,20,21,14.8,3.0,0.0,33.3,1.2,26.6,0.0,0.0,1.0,68.0,0.1,66.7,0.1,25.0,50.0
265,Julian Champagnie,PHI,2,2,0,3.3,0.0,0.0,0.0,0.0,0.0,0.0,0.0,0.0,0.0,0.0,0.0,0.0,0.0,0.0
266,Julius Randle,NYK,56,30,26,35.9,24.7,5.1,51.0,5.6,34.2,5.9,40.5,3.8,69.1,2.0,53.7,1.4,49.2,53.2
267,Justin Champagnie,TOR,3,2,1,3.6,2.0,0.7,100.0,0.0,0.0,0.0,0.0,1.3,100.0,0.0,0.0,0.0,0.0,100.0
268,Justin Holiday,HOU,28,12,16,14.7,4.5,0.1,66.7,2.8,34.7,0.8,29.0,0.2,60.0,0.0,0.0,0.1,20.0,50.4
269,Justin Jackson,OKC,23,15,8,4.7,0.9,0.1,33.3,0.5,22.2,0.1,20.0,0.1,100.0,0.0,0.0,0.1,100.0,35.2
270,Justise Winslow,POR,29,15,14,26.8,6.8,1.2,34.1,1.5,29.4,0.6,32.1,2.4,55.0,0.1,0.0,0.4,40.0,44.4
271,Jusuf Nurkic,POR,45,23,22,27.3,13.8,0.8,63.6,2.7,39.0,0.2,30.0,5.3,60.9,2.8,45.9,1.9,56.1,56.8
272,KZ Okpala,SAC,35,19,16,7.1,1.3,0.2,33.3,0.6,33.3,0.1,50.0,0.3,75.0,0.0,0.0,0.0,0.0,51.3
273,Kai Jones,CHA,27,6,21,8.8,2.7,0.4,33.3,0.3,25.0,0.1,40.0,1.1,60.9,0.1,100.0,0.0,0.0,55.1
274,Karl-Anthony Towns,MIN,21,10,11,33.8,20.8,5.7,55.6,5.9,36.3,1.4,38.7,2.7,75.0,1.4,54.5,1.8,92.3,56.8
275,Kawhi Leonard,LAC,32,21,11,32.2,22.0,6.8,59.6,3.6,39.6,8.3,46.6,1.3,64.0,1.6,52.5,1.6,54.8,54.7
276,Keegan Murray,SAC,52,30,22,29.6,12.0,1.2,44.8,7.2,41.1,1.1,45.5,1.8,55.6,0.1,28.6,0.3,60.0,57.2
277,Keita Bates-Diop,SAS,40,10,30,19.4,7.8,1.7,42.1,1.7,37.1,0.4,38.9,2.3,69.1,0.2,75.0,0.4,60.0,54.6
278,Keldon Johnson,SAS,48,13,35,32.6,21.8,8.9,47.5,5.8,34.2,2.1,29.0,1.3,60.0,0.5,33.3,0.8,56.5,50.6
279,Kelly Olynyk,UTA,44,20,24,27.9,11.6,2.0,45.6,4.0,40.3,0.8,39.0,2.3,63.6,0.3,45.5,0.8,73.9,57.2
280,Kelly Oubre Jr.,CHA,35,10,25,32.6,20.2,5.7,44.7,5.5,31.6,3.7,39.2,1.8,49.1,0.0,0.0,0.5,28.6,48.6
281,Kemba Walker,DAL,9,5,4,16.0,8.0,3.8,60.0,0.2,12.5,3.7,41.9,0.0,0.0,0.0,0.0,0.0,0.0,48.2
282,Kendall Brown,IND,6,1,5,6.7,1.5,0.0,0.0,0.0,0.0,0.3,100.0,0.3,100.0,0.0,0.0,0.0,0.0,57.1
283,Kendrick Nunn,WAS,46,22,24,14.2,7.0,1.6,41.3,2.2,35.0,2.0,35.2,0.5,70.6,0.0,0.0,0.1,100.0,49.0
284,Kennedy Chandler,MEM,23,14,9,9.6,2.6,0.9,34.5,0.3,20.0,0.4,38.5,0.4,50.0,0.0,0.0,0.0,0.0,40.9
285,Kenneth Lofton Jr.,MEM,7,4,3,4.2,2.4,0.7,66.7,0.0,0.0,0.0,0.0,1.1,100.0,0.0,0.0,0.3,33.3,41.2
286,Kenrich Williams,OKC,46,24,22,22.3,7.8,0.7,41.7,3.1,44.7,1.0,41.5,2.7,67.4,0.1,40.0,0.7,72.7,60.3
287,Kentavious Caldwell-Pope,DEN,53,37,16,31.3,11.3,0.8,45.9,5.7,47.3,2.0,39.8,0.9,52.5,0.0,0.0,0.8,69.2,58.6
288,Kenyon Martin Jr.,HOU,55,13,42,26.0,11.6,1.3,56.6,2.7,34.5,0.0,0.0,3.9,67.9,0.0,0.0,1.1,63.2,62.2
289,Keon Ellis,SAC,7,4,3,4.4,2.7,0.3,50.0,0.9,50.0,1.3,100.0,0.0,0.0,0.0,0.0,0.0,0.0,94.4
290,Keon Johnson,POR,25,11,14,10.5,4.4,1.0,40.0,1.6,35.1,1.0,25.7,0.1,20.0,0.0,0.0,0.0,0.0,45.1
291,Kessler Edwards,SAC,14,5,9,5.7,1.1,0.1,33.3,0.4,16.7,0.0,0.0,0.4,50.0,0.0,0.0,0.0,0.0,29.2
292,Kevin Durant,PHX,39,26,13,36.0,29.7,9.1,63.0,4.7,44.8,12.2,54.7,1.5,83.3,1.9,58.7,2.4,60.3,60.7
293,Kevin Huerter,SAC,51,28,23,30.3,14.8,2.2,50.6,5.4,38.9,4.1,41.7,1.7,77.4,0.0,0.0,0.5,68.8,59.4
294,Kevin Knox II,POR,42,8,34,14.1,5.6,0.9,54.5,2.9,40.6,0.5,29.0,0.6,80.0,0.0,0.0,0.1,100.0,58.9
295,Kevin Love,CLE,41,24,17,20.0,8.5,0.3,40.0,4.5,33.9,1.1,39.5,1.2,51.4,0.6,41.7,0.1,14.3,51.1
296,Kevin Porter Jr.,HOU,40,10,30,34.0,19.2,7.0,43.7,2.8,40.2,6.6,37.2,1.4,78.8,0.0,0.0,0.3,46.2,50.9
297,Kevon Harris,ORL,27,10,17,12.4,3.6,0.6,29.4,1.0,42.9,0.2,22.2,1.0,58.8,0.0,0.0,0.1,66.7,48.7
298,Kevon Looney,GSW,54,27,27,23.2,6.6,0.3,40.0,0.4,55.6,0.0,0.0,4.3,67.3,0.1,50.0,1.0,63.9,64.1
299,Khem Birch,SAS,20,9,11,8.1,2.2,0.0,0.0,0.3,28.6,0.0,0.0,1.2,58.8,0.1,25.0,0.7,60.0,60.9
300,Khris Middleton,MIL,16,13,3,21.2,13.4,3.5,46.7,2.2,26.7,4.8,37.6,1.0,77.8,1.1,66.7,0.4,75.0,48.3
301,Killian Hayes,DET,51,13,38,26.5,9.9,3.2,39.7,2.8,35.7,4.4,39.8,0.2,33.3,0.0,0.0,0.2,54.5,45.2
302,Kira Lewis Jr.,NOP,11,5,6,11.1,5.5,1.7,33.3,1.4,35.7,0.9,55.6,0.4,100.0,0.0,0.0,0.2,100.0,53.1
303,Klay Thompson,GSW,42,22,20,33.0,21.6,1.9,40.0,10.7,40.0,5.7,38.6,1.6,54.3,0.2,66.7,0.8,45.2,53.6
304,Kristaps Porzingis,WAS,46,19,27,32.6,22.7,2.7,48.8,6.8,39.2,3.0,40.0,5.2,67.2,3.3,57.9,2.8,50.0,54.6
305,Kyle Anderson,MIN,45,24,21,26.2,8.2,3.6,51.2,1.8,46.7,0.8,38.1,0.9,53.1,0.0,33.3,0.2,55.6,55.0
306,Kyle Kuzma,WAS,51,24,27,34.9,21.3,6.3,51.0,5.7,35.1,3.3,30.4,2.1,68.1,0.3,50.0,0.6,47.8,52.3
307,Kyle Lowry,MIA,44,22,22,33.3,12.0,3.1,51.1,4.0,33.5,3.3,37.3,0.4,50.0,0.0,0.0,0.0,50.0,50.1
308,Kyrie Irving,DAL,41,25,16,36.9,27.0,8.8,59.3,5.0,39.7,10.7,45.8,1.3,67.6,0.1,40.0,1.0,72.0,56.7
309,LaMelo Ball,CHA,29,8,21,35.0,23.1,6.9,42.2,6.7,38.7,7.2,35.1,0.9,50.0,0.0,0.0,0.1,33.3,49.8
310,Lamar Stevens,CLE,40,25,15,18.3,5.4,0.9,42.5,1.5,32.8,0.6,36.4,0.8,59.1,0.0,0.0,0.3,71.4,51.6
311,Landry Shamet,PHX,30,14,16,21.4,9.5,1.2,29.3,4.4,39.3,2.2,30.0,0.4,100.0,0.0,0.0,0.3,60.0,50.6
312,Larry Nance Jr.,NOP,46,23,23,22.6,8.0,0.1,37.5,1.2,40.7,0.2,33.3,4.7,68.1,0.2,55.6,1.5,66.7,64.1
313,Lauri Markkanen,UTA,51,25,26,34.1,24.7,4.0,52.4,8.8,43.3,2.1,43.9,4.8,69.8,0.9,43.2,2.1,68.0,61.3
314,LeBron James,LAL,44,21,23,36.4,30.2,7.1,56.0,5.0,35.4,5.2,32.8,4.3,72.3,2.0,50.0,2.4,72.3,55.6
315,Leandro Bolmaro,UTA,14,8,6,4.9,0.4,0.4,25.0,0.0,0.0,0.3,40.0,0.0,0.0,0.0,0.0,0.0,0.0,15.0
316,Lindy Waters III,OKC,20,9,11,11.5,4.4,0.1,100.0,3.3,40.0,0.7,38.5,0.2,100.0,0.0,0.0,0.0,0.0,57.6
317,Lonnie Walker IV,LAL,39,15,24,28.0,13.8,3.2,50.0,5.0,39.5,1.7,32.6,0.7,59.1,0.0,0.0,0.4,66.7,54.0
318,Luguentz Dort,OKC,47,23,24,30.3,14.1,4.7,42.8,5.1,37.4,1.0,28.4,1.4,50.0,0.0,0.0,0.1,20.0,48.7
319,Luka Doncic,DAL,47,28,19,36.5,33.4,15.0,63.9,1.0,35.6,12.2,40.4,1.2,73.3,3.0,50.0,0.5,63.2,56.6
320,Luka Garza,MIN,21,13,8,9.7,7.2,1.0,72.7,2.0,37.5,0.2,66.7,3.0,62.9,0.8,55.6,0.1,14.3,59.5
321,Luke Kennard,MEM,35,20,15,20.7,7.8,1.4,46.5,4.5,48.2,1.9,43.1,0.2,50.0,0.0,0.0,0.2,66.7,60.4
322,Luke Kornet,BOS,47,31,16,12.1,4.0,0.0,0.0,0.1,22.2,0.1,66.7,3.3,75.5,0.0,33.3,0.3,71.4,71.2
323,Malachi Flynn,TOR,39,19,20,14.0,4.7,1.1,40.5,2.2,40.3,1.2,26.0,0.1,66.7,0.0,0.0,0.1,100.0,46.0
324,Malaki Branham,SAS,40,8,32,20.9,8.0,2.3,54.5,2.7,31.6,2.6,46.7,0.3,71.4,0.0,0.0,0.2,33.3,49.3
325,Malcolm Brogdon,BOS,47,33,14,25.1,14.5,5.4,47.5,3.5,45.1,4.1,45.8,0.7,73.3,0.0,0.0,0.4,88.9,57.4
326,Malcolm Hill,CHI,3,3,0,0.4,0.0,0.0,0.0,0.0,0.0,0.0,0.0,0.0,0.0,0.0,0.0,0.0,0.0,0.0
327,Malik Beasley,LAL,55,27,28,26.8,13.4,1.6,46.3,6.8,36.4,4.0,39.4,0.3,46.7,0.0,0.0,0.2,66.7,52.2
328,Malik Monk,SAC,53,31,22,22.7,13.5,4.2,53.5,3.5,34.8,2.4,33.1,1.0,66.7,0.0,0.0,0.2,36.4,52.3
329,Mamadi Diakite,CLE,16,12,4,6.2,1.6,0.4,75.0,0.6,21.4,0.2,25.0,0.3,100.0,0.0,0.0,0.1,33.3,50.0
330,MarJon Beauchamp,MIL,36,23,13,14.6,5.8,0.9,56.0,2.3,31.5,1.1,34.8,0.4,41.2,0.0,0.0,0.1,66.7,49.5
331,Marcus Morris Sr.,LAC,50,27,23,28.9,12.6,2.2,49.5,5.1,37.2,4.2,44.5,0.6,68.4,1.5,52.5,0.9,54.3,52.4
332,Marcus Smart,BOS,41,30,11,32.5,11.1,3.0,52.0,4.5,35.6,1.4,31.4,0.7,61.9,0.5,56.3,0.1,100.0,51.5
333,Mark Williams,CHA,25,8,17,14.0,7.0,0.1,50.0,0.1,25.0,0.1,100.0,5.4,65.9,0.6,36.4,0.5,38.5,64.8
334,Markelle Fultz,ORL,35,18,17,28.7,12.6,5.8,51.2,1.0,31.6,2.8,43.2,1.6,60.5,0.2,50.0,0.1,40.0,51.9
335,Markieff Morris,DAL,27,16,11,10.6,3.6,0.2,60.0,2.3,40.0,0.5,40.0,0.4,55.6,0.1,0.0,0.1,0.0,52.4
336,Marko Simonovic,CHI,1,0,1,1.7,0.0,0.0,0.0,0.0,0.0,0.0,0.0,0.0,0.0,0.0,0.0,0.0,0.0,0.0
337,Marvin Bagley III,DET,25,6,19,21.3,10.6,1.7,47.1,1.6,36.4,0.7,36.4,4.9,73.0,1.2,48.1,1.3,62.5,56.0
338,Mason Plumlee,LAC,56,15,41,28.5,12.2,1.4,63.8,0.1,42.9,0.3,56.3,6.8,68.3,1.0,56.8,1.6,58.9,66.9
339,Matisse Thybulle,POR,49,32,17,12.1,2.7,0.2,33.3,1.2,31.7,0.1,66.7,0.7,55.6,0.0,0.0,0.0,0.0,52.2
340,Matt Ryan,MIN,32,14,18,9.5,3.8,0.1,20.0,2.8,38.0,0.4,25.0,0.2,75.0,0.0,0.0,0.0,0.0,52.3
341,Matthew Dellavedova,SAC,23,13,10,6.3,1.4,0.5,38.5,0.5,33.3,0.3,30.0,0.1,50.0,0.0,0.0,0.0,0.0,46.9
342,Max Christie,LAL,34,14,20,14.5,3.6,0.4,38.5,2.1,40.7,0.6,47.4,0.1,33.3,0.0,0.0,0.1,50.0,54.9
343,Max Strus,MIA,53,28,25,29.6,12.3,1.5,42.7,6.6,35.5,1.4,30.7,1.3,75.6,0.0,0.0,0.4,76.9,52.4
344,Maxi Kleber,DAL,22,13,9,25.7,6.2,0.5,60.0,3.3,36.9,0.1,25.0,1.9,72.0,0.1,100.0,0.1,25.0,60.6
345,McKinley Wright IV,DAL,18,10,8,10.0,2.3,1.4,54.5,0.2,14.3,0.3,27.3,0.0,0.0,0.0,0.0,0.0,0.0,41.7
346,Mfiondu Kabengele,BOS,2,1,1,7.0,1.0,0.0,0.0,0.0,0.0,0.0,0.0,1.0,100.0,0.0,0.0,0.0,0.0,50.0
347,Micah Potter,UTA,3,2,1,4.8,1.3,0.0,0.0,0.0,0.0,0.0,0.0,1.3,100.0,0.0,0.0,0.7,100.0,100.0
348,Michael Foster Jr.,PHI,1,1,0,1.0,0.0,0.0,0.0,0.0,0.0,0.0,0.0,0.0,0.0,0.0,0.0,0.0,0.0,0.0
349,Michael Porter Jr.,DEN,39,27,12,29.1,16.8,1.8,54.5,7.4,44.9,3.4,38.6,2.4,71.9,0.2,66.7,1.2,57.1,59.0
350,Mikal Bridges,BKN,56,30,26,36.4,17.2,4.8,47.1,5.3,38.0,4.0,42.9,1.6,56.5,0.3,60.0,1.0,62.8,52.9
351,Mike Conley,MIN,43,22,21,29.7,10.7,3.5,45.7,2.6,42.7,3.7,32.6,0.2,66.7,0.0,0.0,0.2,75.0,51.1
352,Mike Muscala,BOS,43,20,23,14.5,6.2,0.2,50.0,4.2,40.0,0.5,61.5,1.1,56.7,0.0,50.0,0.3,46.2,57.6
353,Miles McBride,NYK,44,24,20,13.1,3.7,0.5,30.8,1.9,32.6,0.5,23.8,0.2,71.4,0.0,0.0,0.2,83.3,43.5
354,Mitchell Robinson,NYK,38,21,17,26.9,7.2,0.0,0.0,0.0,0.0,0.0,0.0,6.8,68.0,0.2,33.3,0.1,25.0,67.4
355,Mo Bamba,LAL,40,18,22,17.0,7.3,0.2,33.3,3.4,41.6,0.1,11.1,3.0,67.1,0.2,20.0,0.4,58.3,59.6
356,Monte Morris,WAS,46,22,24,28.3,10.5,3.0,52.6,2.8,40.2,3.9,47.6,0.1,33.3,0.0,0.0,0.1,100.0,55.8
357,Montrezl Harrell,PHI,49,31,18,12.7,5.7,0.3,41.7,0.0,20.0,0.0,16.7,3.3,63.5,0.8,60.0,0.8,59.3,60.1
358,Moritz Wagner,ORL,35,17,18,21.3,11.5,1.7,52.8,3.3,34.5,0.0,0.0,4.0,63.8,0.3,66.7,1.8,57.5,56.6
359,Moses Brown,LAC,34,16,18,8.5,4.6,0.1,100.0,0.0,0.0,0.0,0.0,3.7,63.5,0.2,66.7,0.9,86.7,63.5
360,Moses Moody,GSW,40,20,20,14.6,4.9,0.9,59.1,2.3,34.8,0.5,42.1,0.7,68.8,0.0,0.0,0.2,75.0,54.8
361,Moussa Diabate,LAC,15,7,8,10.9,3.4,0.4,50.0,0.3,66.7,0.0,0.0,2.1,50.0,0.0,0.0,0.1,25.0,52.6
362,Myles Turner,IND,47,22,25,29.9,17.7,1.9,62.7,5.1,39.9,0.5,29.4,7.3,67.2,1.7,53.7,2.3,51.8,61.0
363,Naji Marshall,NOP,51,27,24,25.1,10.0,4.0,47.8,3.0,34.0,0.8,30.6,0.7,53.3,0.1,100.0,0.3,75.0,49.0
364,Nassir Little,POR,34,18,16,16.2,5.9,1.4,47.5,2.3,37.7,1.3,48.7,0.5,58.3,0.0,0.0,0.2,66.7,57.9
365,Nathan Knight,MIN,32,16,16,8.3,4.0,1.1,66.7,0.7,38.9,0.1,25.0,1.0,52.4,0.1,33.3,0.3,80.0,62.2
366,Naz Reid,MIN,50,24,26,17.9,10.3,1.9,63.1,2.8,34.1,0.2,19.0,2.7,69.3,0.5,45.5,1.3,60.5,59.7
367,Neemias Queta,SAC,4,1,3,6.1,3.0,0.0,0.0,0.0,0.0,0.0,0.0,2.5,71.4,0.0,0.0,0.5,100.0,75.0
368,Nerlens Noel,DET,14,2,12,10.8,2.3,0.1,0.0,0.8,41.7,0.1,25.0,0.8,29.4,0.0,0.0,0.1,10.0,41.7
369,Nic Claxton,BKN,51,29,22,29.7,13.2,1.6,60.4,0.0,0.0,0.1,66.7,8.8,78.5,0.1,33.3,1.6,62.3,73.2
370,Nick Richards,CHA,41,10,31,17.0,8.1,0.2,66.7,0.1,33.3,0.0,0.0,5.7,63.0,0.4,40.0,1.1,58.6,62.4
371,Nickeil Alexander-Walker,MIN,36,18,18,14.7,6.3,1.9,49.0,1.9,41.8,1.7,42.9,0.2,75.0,0.0,0.0,0.1,33.3,59.1
372,Nicolas Batum,LAC,55,31,24,21.9,6.1,0.1,50.0,4.3,37.4,0.4,50.0,0.7,58.6,0.0,0.0,0.1,100.0,57.0
373,Nikola Jokic,DEN,48,35,13,33.6,24.8,2.9,68.8,4.0,48.2,1.5,52.5,8.5,70.9,5.1,64.1,5.3,68.8,66.2
374,Nikola Jovic,MIA,15,7,8,13.6,5.5,0.0,0.0,2.0,26.8,0.0,0.0,1.5,66.7,0.0,0.0,1.2,85.7,46.4
375,Nikola Vucevic,CHI,54,25,29,33.9,18.0,1.1,57.8,7.3,40.3,0.7,38.3,5.9,73.4,2.8,53.5,2.3,64.0,58.4
376,Noah Vonleh,BOS,23,17,6,7.5,1.1,0.3,50.0,0.1,33.3,0.1,33.3,0.7,57.1,0.0,0.0,0.0,0.0,47.9
377,Norman Powell,LAC,48,26,22,25.9,16.9,5.4,55.1,4.4,42.3,3.2,41.3,0.6,60.0,0.0,0.0,0.1,22.2,57.3
378,O.G. Anunoby,TOR,45,21,24,35.8,16.9,3.7,40.0,5.4,38.6,1.7,31.5,2.5,65.8,0.5,42.9,0.6,66.7,52.7
379,Obi Toppin,NYK,41,20,21,15.1,6.6,0.4,38.1,3.5,38.3,0.3,25.0,1.5,50.0,0.0,25.0,0.3,66.7,52.5
380,Ochai Agbaji,UTA,33,19,14,13.7,4.1,0.5,47.1,2.1,38.3,0.1,20.0,0.7,73.3,0.0,0.0,0.2,100.0,58.5
381,Onyeka Okongwu,ATL,54,28,26,24.2,9.4,0.5,50.0,0.9,46.9,0.1,33.3,6.4,72.4,0.4,60.0,2.2,61.0,64.3
382,Orlando Robinson,MIA,25,15,10,14.2,4.2,0.1,100.0,0.0,0.0,0.0,0.0,3.0,56.9,0.1,33.3,0.8,44.4,52.5
383,Oshae Brissett,IND,48,21,27,16.2,5.6,1.3,37.0,2.3,32.7,0.2,25.0,0.9,60.0,0.0,0.0,0.3,54.5,47.2
384,Otto Porter Jr.,TOR,8,4,4,18.3,5.5,0.0,0.0,2.3,37.5,0.5,33.3,2.0,100.0,0.5,100.0,0.0,0.0,60.0
385,Ousmane Dieng,OKC,19,8,11,15.0,4.2,0.2,18.2,2.1,31.0,0.0,0.0,0.9,72.7,0.0,0.0,0.6,100.0,50.0
386,P.J. Tucker,PHI,51,32,19,26.1,3.4,0.0,50.0,2.2,41.5,0.0,0.0,0.7,42.5,0.0,0.0,0.2,57.1,52.7
387,P.J. Washington,CHA,55,15,40,32.8,14.8,3.0,44.3,4.9,33.0,2.1,36.4,2.3,61.9,0.6,42.1,1.6,54.0,50.8
388,PJ Dozier,SAC,4,4,0,2.6,1.3,0.0,0.0,0.0,0.0,0.8,100.0,0.0,0.0,0.0,0.0,0.5,100.0,83.3
389,Paolo Banchero,ORL,49,20,29,33.7,20.0,6.4,44.6,2.2,30.5,4.4,34.1,2.3,66.2,0.9,34.0,0.8,50.0,46.0
390,Pascal Siakam,TOR,46,21,25,37.5,25.0,9.0,46.4,3.3,31.5,5.4,41.8,3.5,68.4,2.2,61.3,1.0,52.8,51.0
391,Pat Connaughton,MIL,39,26,13,25.2,8.6,1.0,47.1,5.8,34.7,0.5,46.7,0.9,51.6,0.0,0.0,0.2,75.0,52.6
392,Patrick Baldwin Jr.,GSW,15,5,10,8.5,5.3,0.6,37.5,4.0,42.6,0.4,28.6,0.0,0.0,0.0,0.0,0.0,0.0,61.3
393,Patrick Beverley,ORL,45,21,24,26.9,6.4,1.7,50.0,3.0,32.8,1.0,50.0,0.4,58.3,0.0,0.0,0.2,57.1,51.7
394,Patrick Williams,CHI,54,25,29,28.9,10.0,1.2,40.6,4.1,40.1,1.6,38.5,1.9,70.8,0.1,33.3,0.5,45.8,53.8
395,Patty Mills,BKN,35,18,17,13.5,5.9,0.8,61.9,2.8,36.3,1.6,40.7,0.1,50.0,0.0,0.0,0.1,33.3,53.4
396,Paul George,LAC,41,25,16,34.3,23.4,5.7,50.6,4.9,39.5,8.4,41.4,1.1,77.8,0.6,45.8,0.9,48.6,54.8
397,Paul Reed,PHI,40,24,16,9.4,3.1,0.2,50.0,0.0,0.0,0.1,33.3,2.3,66.1,0.0,0.0,0.4,53.3,56.8
398,Payton Pritchard,BOS,39,28,11,12.4,4.6,0.7,35.5,2.2,37.7,0.9,29.2,0.5,90.0,0.0,0.0,0.2,75.0,50.3
399,Peyton Watson,DEN,10,6,4,3.6,1.7,1.0,71.4,0.3,50.0,0.2,33.3,0.0,0.0,0.0,0.0,0.0,0.0,53.1
400,Precious Achiuwa,TOR,32,17,15,22.8,10.3,2.0,50.0,1.4,23.2,0.4,25.0,4.0,68.4,0.1,40.0,0.9,50.0,51.4
401,Quentin Grimes,NYK,45,24,21,30.5,10.5,1.8,51.7,5.2,36.4,0.6,26.3,0.6,70.6,0.0,0.0,0.4,66.7,56.7
402,R.J. Hampton,ORL,26,7,19,13.9,5.7,2.1,51.2,1.6,35.9,0.8,29.0,0.5,80.0,0.0,0.0,0.2,66.7,51.8
403,RJ Barrett,NYK,49,25,24,34.9,20.1,8.4,47.0,5.1,34.0,1.2,23.9,1.8,64.4,0.5,35.7,1.0,58.3,48.6
404,Raul Neto,CLE,37,25,12,10.5,3.2,1.4,65.6,0.7,31.0,0.5,52.9,0.2,80.0,0.0,0.0,0.1,100.0,59.1
405,Reggie Bullock,DAL,54,29,25,30.0,6.8,0.1,40.0,5.3,37.7,0.2,20.0,0.5,100.0,0.0,0.0,0.2,83.3,55.1
406,Reggie Jackson,CHA,52,28,24,25.7,10.9,3.9,48.0,3.9,42.0,2.6,35.6,0.2,31.3,0.0,0.0,0.2,57.1,49.3
407,Richaun Holmes,SAC,33,16,17,9.1,3.3,0.2,50.0,0.6,69.2,0.0,0.0,1.8,64.3,0.2,75.0,1.0,76.2,70.3
408,Ricky Rubio,CLE,12,8,4,16.3,5.9,1.7,40.0,2.5,41.7,2.3,37.5,0.0,0.0,0.0,0.0,0.0,0.0,45.0
409,Robert Covington,LAC,35,15,20,15.9,5.5,0.7,38.9,2.7,33.7,0.2,27.3,1.2,58.8,0.0,0.0,0.0,0.0,50.6
410,Robert Williams III,BOS,20,13,7,23.5,8.6,0.1,0.0,0.2,66.7,0.0,0.0,7.5,77.5,0.2,100.0,0.6,71.4,77.2
411,Robin Lopez,CLE,29,21,8,8.1,3.0,0.2,50.0,0.3,75.0,0.0,0.0,1.4,67.9,0.6,57.1,0.7,50.0,67.3
412,Rodney McGruder,DET,20,2,18,10.7,3.3,0.0,0.0,1.8,36.4,0.5,30.0,0.5,83.3,0.0,0.0,0.1,100.0,50.9
413,Romeo Langford,SAS,31,10,21,20.3,7.3,2.9,46.3,1.3,33.3,1.2,46.2,1.5,73.3,0.0,0.0,0.3,50.0,52.0
414,Ron Harper Jr.,TOR,3,2,1,3.1,2.7,0.0,0.0,2.0,100.0,0.0,0.0,0.7,100.0,0.0,0.0,0.0,0.0,80.0
415,Royce O'Neale,BKN,52,30,22,34.1,9.3,1.3,32.9,5.9,40.8,1.1,33.9,0.4,57.9,0.0,0.0,0.1,66.7,53.5
416,Rudy Gay,UTA,41,21,20,14.6,4.6,0.6,39.1,1.8,28.6,0.8,31.4,0.9,52.0,0.4,53.3,0.3,83.3,41.7
417,Rudy Gobert,MIN,47,22,25,30.4,13.2,0.6,59.1,0.1,30.0,0.0,0.0,10.4,70.4,0.8,68.4,2.1,57.8,67.6
418,Rui Hachimura,LAL,38,20,18,24.9,12.6,2.6,44.4,3.2,36.1,3.0,49.6,2.0,64.8,0.8,48.0,0.6,50.0,53.0
419,Russell Westbrook,UTA,52,25,27,28.7,15.9,6.5,47.4,2.4,32.3,2.9,31.4,1.3,57.8,0.5,48.0,0.2,28.6,46.0
420,Ryan Arcidiacono,POR,11,7,4,2.4,0.3,0.0,0.0,0.3,33.3,0.0,0.0,0.0,0.0,0.0,0.0,0.0,0.0,30.0
421,Ryan Rollins,GSW,12,5,7,5.2,1.9,0.3,20.0,0.8,37.5,0.0,0.0,0.2,50.0,0.0,0.0,0.0,0.0,42.5
422,Saben Lee,PHX,17,10,7,15.5,6.0,2.4,42.3,1.1,54.5,0.4,27.3,0.2,50.0,0.0,0.0,0.0,0.0,49.3
423,Saddiq Bey,ATL,51,12,39,28.9,14.8,4.6,46.1,4.4,36.7,2.3,30.3,1.0,55.6,0.8,48.1,0.4,50.0,48.9
424,Sam Hauser,BOS,53,37,16,14.7,5.8,0.4,72.7,4.5,42.3,0.3,27.3,0.5,63.2,0.0,0.0,0.1,40.0,61.8
425,Sandro Mamukelashvili,MIL,22,15,7,8.5,2.4,0.5,60.0,1.0,25.0,0.0,0.0,0.8,61.5,0.0,0.0,0.0,0.0,43.0
426,Santi Aldama,MEM,51,30,21,22.0,9.4,1.1,52.2,3.8,37.3,0.4,36.4,2.2,66.2,0.2,45.5,0.5,68.8,57.6
427,Scottie Barnes,TOR,53,24,29,35.1,15.6,3.8,49.7,2.4,30.1,1.9,31.3,4.1,58.0,1.1,47.2,1.1,51.0,49.2
428,Scotty Pippen Jr.,LAL,6,1,5,5.3,2.3,1.2,50.0,0.0,0.0,0.5,20.0,0.0,0.0,0.0,0.0,0.0,0.0,37.5
429,Serge Ibaka,IND,16,11,5,11.6,4.1,0.5,57.1,1.1,30.0,0.3,40.0,1.9,66.7,0.0,0.0,0.3,50.0,53.7
430,Seth Curry,BKN,39,26,13,23.2,10.6,1.6,53.8,4.3,42.0,4.3,49.3,0.1,66.7,0.0,0.0,0.1,33.3,57.6
431,Shaedon Sharpe,POR,54,26,28,19.9,7.6,1.1,49.1,2.1,41.1,1.7,35.1,1.7,74.1,0.0,0.0,0.3,58.3,54.0
432,Shai Gilgeous-Alexander,OKC,50,23,27,35.4,30.8,16.6,50.5,1.0,37.5,9.5,46.5,1.4,71.7,1.3,56.8,0.8,78.3,52.9
433,Shake Milton,PHI,49,34,15,22.1,9.6,3.7,45.5,2.2,41.6,1.3,35.7,0.9,76.0,0.0,0.0,0.3,75.0,55.1
434,Simone Fontecchio,UTA,27,15,12,8.7,3.7,0.6,66.7,1.8,34.0,0.8,36.4,0.1,14.3,0.0,0.0,0.1,50.0,50.0
435,Spencer Dinwiddie,BKN,54,29,25,34.2,17.9,6.9,49.4,4.1,43.7,5.4,39.9,0.1,40.0,0.4,63.6,0.1,66.7,55.4
436,Stanley Johnson,SAS,27,5,22,15.2,5.8,1.6,51.7,1.8,48.6,0.8,47.6,0.4,50.0,0.1,100.0,0.3,60.0,61.8
437,Stephen Curry,GSW,37,19,18,34.9,29.8,6.6,59.1,6.4,38.5,11.2,45.9,1.2,80.0,0.0,0.0,0.7,91.7,61.9
438,Sterling Brown,LAL,4,2,2,6.1,0.0,0.0,0.0,0.0,0.0,0.0,0.0,0.0,0.0,0.0,0.0,0.0,0.0,0.0
439,Steven Adams,MEM,42,28,14,27.0,8.6,0.8,57.7,0.1,33.3,0.0,0.0,6.0,59.6,0.8,68.8,1.4,57.8,59.7
440,Svi Mykhailiuk,CHA,13,8,5,3.1,1.6,0.0,0.0,0.7,60.0,0.7,60.0,0.0,0.0,0.0,0.0,0.0,0.0,75.0
441,T.J. McConnell,IND,53,23,30,19.6,7.8,5.1,53.2,0.6,34.5,1.8,48.9,0.2,57.1,0.0,0.0,0.0,0.0,55.2
442,T.J. Warren,PHX,26,16,10,18.8,9.5,1.9,39.6,2.2,42.0,2.9,46.8,1.3,69.6,0.2,40.0,0.5,63.6,55.0
443,Taj Gibson,WAS,35,16,19,9.8,3.5,0.1,66.7,0.4,25.0,0.3,62.5,2.1,66.7,0.2,30.8,0.7,44.4,56.0
444,Talen Horton-Tucker,UTA,42,21,21,15.6,7.1,4.1,52.3,1.0,21.5,1.6,35.1,0.2,45.5,0.0,0.0,0.0,50.0,45.6
445,Tari Eason,HOU,55,13,42,19.4,8.7,1.7,34.7,2.0,35.6,0.2,18.2,2.6,58.7,0.1,50.0,0.4,35.3,48.7
446,Taurean Prince,MIN,34,20,14,21.3,8.5,1.8,55.6,3.7,42.4,1.3,42.2,0.6,100.0,0.0,0.0,0.1,50.0,59.4
447,Terance Mann,LAC,57,31,26,23.2,8.8,2.5,50.9,1.9,37.0,1.6,45.9,1.3,68.0,0.1,100.0,0.3,63.6,57.8
448,Terence Davis,SAC,41,23,18,13.0,6.6,0.9,44.4,2.7,33.3,1.3,35.3,0.5,73.3,0.0,0.0,0.0,100.0,53.5
449,Terrence Ross,ORL,42,16,26,22.5,8.0,1.7,51.6,3.6,38.9,2.9,44.4,0.0,100.0,0.0,0.0,0.0,25.0,53.3
450,Terry Rozier,CHA,46,12,34,35.8,21.7,7.1,45.1,4.4,36.9,7.0,36.1,0.5,34.4,0.0,0.0,0.3,30.8,48.7
451,Terry Taylor,IND,26,9,17,8.8,2.7,0.9,52.6,0.5,23.5,0.1,20.0,0.8,66.7,0.0,0.0,0.0,0.0,49.2
452,Thaddeus Young,TOR,44,18,26,16.2,5.0,0.5,58.8,0.4,18.2,0.1,37.5,2.9,72.0,0.7,56.0,0.4,38.1,57.4
453,Thanasis Antetokounmpo,MIL,23,15,8,4.2,0.5,0.0,0.0,0.0,0.0,0.0,0.0,0.3,42.9,0.1,100.0,0.0,0.0,23.5
454,Theo Maledon,CHA,36,10,26,16.1,5.6,2.5,43.9,1.4,48.6,1.1,32.7,0.2,100.0,0.0,0.0,0.0,0.0,48.1
455,Theo Pinson,DAL,28,14,14,6.0,1.9,0.3,50.0,1.1,38.5,0.3,100.0,0.1,33.3,0.0,0.0,0.0,0.0,55.0
456,Thomas Bryant,DEN,41,21,20,21.4,12.1,0.4,75.0,2.7,50.6,0.1,42.9,6.9,71.9,0.5,46.7,2.2,67.9,69.1
457,Tim Hardaway Jr.,DAL,52,30,22,30.4,13.9,1.6,32.6,6.9,36.0,3.1,36.9,0.6,72.2,0.0,100.0,0.3,70.0,49.0
458,Tobias Harris,PHI,49,31,18,33.7,15.8,3.8,51.0,4.9,36.6,2.0,45.5,1.9,79.6,1.3,50.0,0.5,45.8,57.1
459,Tony Bradley,CHI,10,4,6,2.9,1.4,0.0,0.0,0.6,40.0,0.0,0.0,0.2,100.0,0.0,0.0,0.0,0.0,62.5
460,Torrey Craig,PHX,54,29,25,25.6,7.8,0.7,36.4,3.9,40.1,0.3,18.8,2.4,67.0,0.0,0.0,0.6,54.5,55.3
461,Trae Young,ATL,49,26,23,35.6,27.0,11.0,46.9,1.6,35.6,9.7,37.7,0.5,83.3,0.0,0.0,0.2,66.7,48.5
462,Tre Jones,SAS,50,14,36,29.4,12.7,6.2,42.7,1.9,30.5,2.9,34.8,0.4,70.0,0.0,0.0,0.2,83.3,46.2
463,Tre Mann,OKC,49,23,26,18.5,8.1,2.6,44.4,1.5,31.3,3.7,36.9,0.3,53.3,0.0,0.0,0.1,60.0,47.6
464,Trendon Watford,POR,39,20,19,16.2,5.5,2.1,62.5,1.1,45.5,0.3,38.5,1.1,65.5,0.2,57.1,0.5,64.3,61.7
465,Trent Forrest,ATL,18,6,12,13.3,2.8,1.9,48.6,0.0,0.0,0.8,53.8,0.4,80.0,0.0,0.0,0.2,100.0,48.0
466,Trevelin Queen,IND,7,2,5,10.0,3.0,0.3,33.3,0.4,20.0,0.4,9.1,0.9,50.0,0.0,0.0,0.0,0.0,27.6
467,Trevor Hudgins,HOU,2,0,2,4.8,3.0,0.0,0.0,1.5,100.0,0.0,0.0,0.0,0.0,0.0,0.0,0.0,0.0,150.0
468,Trevor Keels,NYK,1,1,0,1.0,0.0,0.0,0.0,0.0,0.0,0.0,0.0,0.0,0.0,0.0,0.0,0.0,0.0,0.0
469,Trey Lyles,SAC,48,28,20,15.9,7.3,1.5,55.6,3.2,37.8,0.2,20.0,1.5,64.3,0.1,25.0,0.1,25.0,57.8
470,Trey Murphy III,NOP,53,26,27,29.4,13.1,1.9,50.0,6.2,39.8,0.8,34.8,1.7,82.0,0.0,0.0,0.5,69.2,61.2
471,Troy Brown Jr.,LAL,50,22,28,24.4,7.0,0.8,46.3,3.4,36.1,0.8,36.2,1.1,60.0,0.0,0.0,0.3,36.4,53.6
472,Ty Jerome,GSW,33,14,19,17.8,6.9,2.9,51.9,1.8,37.0,2.1,50.8,0.1,100.0,0.0,0.0,0.2,100.0,57.4
473,TyTy Washington Jr.,HOU,20,3,17,11.5,3.9,2.1,69.0,0.6,14.8,2.1,41.3,0.1,50.0,0.0,0.0,0.1,33.3,41.5
474,Tyler Dorsey,DAL,3,2,1,2.8,3.0,0.0,0.0,1.0,50.0,2.0,100.0,0.0,0.0,0.0,0.0,0.7,100.0,90.0
475,Tyler Herro,MIA,43,23,20,35.1,20.3,6.7,51.1,4.2,35.8,8.4,39.3,0.7,70.6,0.0,100.0,0.2,62.5,52.2
476,Tyrese Haliburton,IND,44,23,21,33.5,19.8,7.0,51.5,2.3,39.3,8.3,41.2,0.3,58.3,0.0,0.0,0.2,60.0,57.2
477,Tyrese Martin,ATL,12,7,5,3.6,1.3,0.2,0.0,0.0,0.0,0.4,50.0,0.0,0.0,0.0,0.0,0.2,100.0,40.6
478,Tyrese Maxey,PHI,34,21,13,32.8,19.7,6.6,46.1,4.8,42.2,5.3,39.2,0.2,37.5,0.0,0.0,0.2,60.0,52.0
479,Tyus Jones,MEM,54,33,21,23.5,10.2,3.5,47.7,3.4,38.6,3.7,43.0,0.1,33.3,0.0,0.0,0.0,100.0,51.7
480,Udoka Azubuike,UTA,20,11,9,4.7,1.7,0.0,0.0,0.0,0.0,0.0,0.0,1.4,87.5,0.1,100.0,0.2,50.0,84.2
481,Udonis Haslem,MIA,6,3,3,7.9,0.5,0.0,0.0,0.3,14.3,0.0,0.0,0.0,0.0,0.0,0.0,0.2,0.0,8.3
482,Usman Garuba,HOU,48,12,36,13.7,3.2,0.0,0.0,0.9,48.3,0.0,0.0,1.8,53.4,0.0,0.0,0.3,42.9,58.6
483,Vernon Carey Jr.,WAS,9,6,3,2.6,0.4,0.0,0.0,0.0,0.0,0.0,0.0,0.4,50.0,0.0,0.0,0.0,0.0,16.7
484,Victor Oladipo,MIA,26,17,9,28.4,11.2,3.8,51.3,2.7,29.9,3.5,37.3,0.4,44.4,0.0,0.0,0.1,0.0,47.5
485,Vince Williams Jr.,MEM,9,5,4,5.4,0.8,0.0,0.0,0.3,11.1,0.0,0.0,0.4,66.7,0.0,0.0,0.0,0.0,26.9
486,Vit Krejci,ATL,20,10,10,5.8,1.3,0.1,25.0,0.5,21.4,0.4,60.0,0.1,100.0,0.0,0.0,0.1,0.0,46.3
487,Vlatko Cancar,DEN,41,27,14,15.3,5.2,0.2,21.1,2.6,45.6,0.3,30.8,1.3,75.0,0.3,45.5,0.3,62.5,61.3
488,Walker Kessler,UTA,53,25,28,20.6,8.0,0.1,66.7,0.0,50.0,0.0,0.0,6.4,74.1,0.1,50.0,1.2,64.3,71.0
489,Wendell Carter Jr.,ORL,36,15,21,30.0,15.2,2.6,58.3,4.1,36.1,1.2,44.7,5.9,68.8,0.6,57.1,1.5,61.9,58.1
490,Wendell Moore Jr.,MIN,23,13,10,6.0,1.6,0.4,100.0,0.1,7.7,0.1,25.0,0.3,66.7,0.0,0.0,0.2,100.0,44.4
491,Wenyen Gabriel,LAL,43,20,23,15.7,6.4,0.3,75.0,0.7,31.3,0.1,50.0,3.9,69.6,0.1,75.0,1.1,63.6,64.4
492,Wesley Matthews,MIL,36,26,10,15.5,3.4,0.4,30.0,2.2,32.5,0.4,40.0,0.3,45.5,0.0,0.0,0.0,0.0,46.9
493,Will Barton,WAS,40,18,22,19.6,7.7,1.7,36.1,2.7,42.5,2.3,34.3,0.3,83.3,0.0,0.0,0.1,20.0,47.9
494,Willy Hernangomez,NOP,28,16,12,12.7,7.3,0.5,66.7,0.2,16.7,0.0,0.0,4.5,61.5,0.4,23.1,1.3,66.7,53.0
495,Xavier Tillman,MEM,35,22,13,14.2,5.0,0.3,54.5,0.4,37.5,0.2,66.7,2.7,61.3,0.1,100.0,1.3,61.1,61.4
496,Yuta Watanabe,BKN,41,23,18,18.6,6.8,0.6,44.0,3.8,50.5,0.1,21.4,0.9,66.7,0.0,0.0,0.1,50.0,66.1
497,Zach Collins,SAS,43,13,30,20.5,9.7,0.8,58.3,2.5,40.0,0.1,18.2,4.0,66.7,2.0,57.1,2.1,70.5,58.8
498,Zach LaVine,CHI,50,24,26,35.9,23.7,7.1,52.6,4.8,43.1,6.8,36.5,1.2,78.4,0.0,0.0,0.4,50.0,54.7
499,Zeke Nnaji,DEN,43,29,14,13.5,5.2,0.0,50.0,1.0,30.4,0.0,0.0,3.2,67.4,0.4,63.6,0.5,72.7,61.5
500,Ziaire Williams,MEM,27,15,12,17.9,6.2,0.8,45.0,1.6,21.1,1.4,45.7,1.8,76.9,0.0,0.0,0.2,33.3,48.4
501,Zion Williamson,NOP,29,17,12,33.0,26.0,12.5,58.3,0.6,37.5,0.5,31.8,5.2,72.3,2.7,58.8,1.8,73.3,61.5
