,Player,Team,Age,Restricted Area_FGM,Restricted Area_FGA,Restricted Area_FG%,In The Paint (Non-RA)_FGM,In The Paint (Non-RA)_FGA,In The Paint (Non-RA)_FG%,Mid-Range_FGM,Mid-Range_FGA,Mid-Range_FG%,Left Corner 3._FGM,Left Corner 3._FGA,Left Corner 3._FG%,Right Corner 3._FGM,Right Corner 3._FGA,Right Corner 3._FG%,Corner 3_FGM,Corner 3_FGA,Corner 3_FG%,Above the Break 3._FGM,Above the Break 3._FGA,Above the Break 3._FG%
0,A.J. Lawson,DAL,22,0.3,0.6,50.0,0.1,0.1,100,0.0,0.0,0.0,0.0,0.8,0.0,0.3,0.8,33.3,0.1,1.0,14.3,0.3,0.5,66.7
1,AJ Green,MIL,23,0.1,0.2,75.0,0.1,0.1,100,0.2,0.4,50.0,0.1,0.4,16.7,0.3,0.5,50.0,0.3,0.8,35.7,1.0,2.3,41.1
2,AJ Griffin,ATL,19,0.6,0.9,71.7,1.0,1.9,51.5,0.6,1.1,52.7,0.4,0.9,44.4,0.1,0.3,31.3,0.5,1.2,41.0,1.1,2.7,40.4
3,Aaron Gordon,DEN,27,4.9,6.7,72.6,0.5,1.2,39.7,0.2,0.8,29.7,0.1,0.3,25.0,0.1,0.4,30.0,0.2,0.7,27.8,0.8,1.8,46.0
4,Aaron Holiday,ATL,26,0.6,1.0,55.3,0.3,0.9,30.2,0.1,0.4,36.8,0.1,0.2,42.9,0.0,0.2,12.5,0.1,0.3,26.7,0.6,1.2,45.8
5,Aaron Nesmith,IND,23,1.4,2.4,57.8,0.2,0.8,30.0,0.2,0.6,38.7,0.3,0.9,33.3,0.4,1.2,37.5,0.7,2.0,35.7,0.8,2.2,33.9
6,Aaron Wiggins,OKC,24,1.6,2.5,67.0,0.2,0.8,26.5,0.0,0.0,0.0,0.2,0.7,27.6,0.1,0.3,41.7,0.3,1.0,31.7,0.4,0.8,51.4
7,Admiral Schofield,ORL,25,0.8,1.2,71.0,0.2,0.3,57.1,0.0,0.0,0.0,0.2,0.5,36.4,0.2,0.3,50.0,0.3,0.8,42.1,0.4,1.3,28.6
8,Al Horford,BOS,36,0.9,1.3,68.4,0.5,1.0,47.6,0.0,0.3,15.4,0.3,0.8,32.4,0.6,1.2,54.0,0.9,2.0,45.2,1.1,2.8,39.3
9,Alec Burks,DET,31,0.6,1.0,63.4,0.7,1.8,41.6,0.7,1.8,40.5,0.3,0.6,40.7,0.2,0.4,55.6,0.5,1.0,46.7,1.4,3.5,40.8
10,Aleksej Pokusevski,OKC,21,1.7,2.9,60.0,0.4,1.2,31.6,0.1,0.5,21.4,0.3,0.7,42.9,0.1,0.4,30.0,0.4,1.0,38.7,0.8,2.3,37.1
11,Alex Caruso,CHI,28,0.9,1.4,65.2,0.1,0.5,13.0,0.1,0.3,41.7,0.2,0.4,55.6,0.2,0.6,32.1,0.4,1.0,41.3,0.4,1.2,35.7
12,Alex Len,SAC,29,0.2,0.3,75.0,0.1,0.2,50.0,0.1,0.3,33.3,0.0,0.0,0.0,0.0,0.0,0.0,0.0,0.0,0.0,0.0,0.1,0.0
13,Alize Johnson,SAS,26,0.8,1.0,75.0,0.0,0.0,0.0,0.0,0.0,0.0,0.0,1.0,0.0,0.0,0.0,0.0,0.0,0.3,0.0,0.0,0.0,0.0
14,Alondes Williams,BKN,23,0.0,0.0,0.0,0.0,0.0,0.0,0.0,0.0,0.0,0.0,0.0,0.0,-,-,-,0.0,0.0,0.0,0.0,0.0,0.0
15,Alperen Sengun,HOU,20,3.7,5.5,66.4,1.9,3.9,50.0,0.2,0.4,40.9,0.0,0.0,0.0,0.0,0.0,0.0,0.0,0.0,0.0,0.2,0.7,35.3
16,Amir Coffey,LAC,25,0.6,1.0,55.9,0.4,1.1,33.3,0.1,0.5,27.8,0.1,0.4,20.0,0.1,0.4,30.0,0.2,0.7,25.0,0.1,0.4,35.7
17,Andre Drummond,CHI,29,2.5,3.6,68.0,0.3,0.6,40.7,0.0,0.0,0.0,0.0,0.0,0.0,0.0,0.0,0.0,0.0,0.0,0.0,0.0,0.0,0.0
18,Andre Iguodala,GSW,39,0.7,0.7,100.0,0.0,0.0,0.0,0.0,0.0,0.0,0.0,0.0,0.0,0.0,0.0,0.0,0.0,0.0,0.0,0.3,0.7,50.0
19,Andrew Nembhard,IND,23,1.0,1.3,71.2,0.7,1.9,39.6,0.4,1.0,40.0,0.1,0.4,31.8,0.2,0.6,40.7,0.4,1.0,36.7,0.9,2.6,33.6
20,Andrew Wiggins,GSW,27,1.9,2.7,70.8,1.3,3.1,43.9,1.0,2.2,43.6,0.2,0.7,32.0,0.2,0.5,36.8,0.4,1.3,34.1,2.0,4.8,40.8
21,Anfernee Simons,POR,23,2.1,3.1,66.1,1.1,2.2,47.1,1.0,2.3,45.1,0.3,0.8,37.5,0.2,0.4,45.5,0.5,1.2,40.3,3.2,8.2,38.3
22,Anthony Davis,LAL,29,6.2,8.1,76.1,2.0,4.6,44.2,1.3,3.3,41.3,0.0,0.1,0.0,0.1,0.2,40.0,0.1,0.3,25.0,0.3,1.3,27.5
23,Anthony Edwards,MIN,21,4.2,6.6,63.9,0.9,2.4,38.0,1.1,2.8,38.0,0.2,0.4,47.8,0.1,0.2,42.9,0.3,0.6,45.9,2.4,6.7,36.0
24,Anthony Gill,WAS,30,0.9,1.0,91.7,0.3,0.6,45.8,0.0,0.0,100.0,0.1,0.4,33.3,0.0,0.2,0.0,0.1,0.5,21.4,0.0,0.1,0.0
25,Anthony Lamb,GSW,25,0.7,0.9,83.3,0.5,0.8,59.4,0.1,0.1,50.0,0.3,0.7,37.9,0.2,0.6,33.3,0.5,1.3,35.8,0.9,2.1,43.7
26,Austin Reaves,LAL,24,1.1,1.4,79.6,0.8,1.4,54.7,0.3,0.8,36.7,0.1,0.5,26.3,0.3,0.6,43.5,0.4,1.1,35.7,0.9,2.3,37.5
27,Austin Rivers,MIN,30,0.8,1.2,63.5,0.3,0.5,50.0,0.0,0.1,20.0,0.5,1.2,43.2,0.4,0.8,50.0,0.8,1.8,45.9,0.1,0.7,16.7
28,Ayo Dosunmu,CHI,23,2.5,3.7,68.2,0.3,0.7,45.9,0.2,0.7,37.1,0.2,0.7,27.8,0.2,0.6,37.5,0.4,1.3,32.4,0.4,1.3,32.9
29,Bam Adebayo,MIA,25,4.0,6.0,67.4,3.8,7.8,49.5,0.8,2.0,39.8,0.0,0.0,0.0,0.0,0.0,0.0,0.0,0.0,0.0,0.0,0.2,11.1
30,Ben Simmons,BKN,26,2.2,3.1,68.9,1.1,2.4,44.2,0.1,0.2,33.3,0.0,0.0,0.0,0.0,0.0,0.0,0.0,0.0,0.0,0.0,0.1,0.0
31,Bennedict Mathurin,IND,20,2.7,4.6,58.6,0.9,2.8,32.5,0.4,0.9,41.2,0.1,0.5,19.2,0.2,0.4,45.5,0.3,0.9,31.3,1.1,3.4,33.2
32,Bismack Biyombo,PHX,30,1.2,1.6,78.3,0.5,1.5,34.9,0.0,0.1,0.0,0.0,0.0,0.0,0.0,0.0,0.0,0.0,0.0,0.0,0.0,0.0,0.0
33,Blake Griffin,BOS,33,0.8,1.1,69.2,0.1,0.3,42.9,0.0,0.0,0.0,0.3,0.7,38.5,0.1,0.3,40.0,0.3,0.8,38.9,0.3,0.8,38.9
34,Blake Wesley,SAS,19,0.9,1.5,62.5,0.0,0.5,0.0,0.4,1.0,36.4,0.2,0.4,50.0,0.1,0.3,50.0,0.3,0.7,50.0,0.3,0.5,50.0
35,Boban Marjanovic,HOU,34,0.5,0.7,80.0,0.5,0.9,60.0,0.1,0.1,100.0,0.0,0.0,0.0,0.0,0.0,0.0,0.0,0.0,0.0,0.0,0.1,0.0
36,Bobby Portis,MIL,28,2.3,3.4,67.1,1.4,2.6,52.4,1.1,2.3,46.3,0.2,0.6,31.0,0.1,0.6,15.4,0.3,1.2,23.6,1.0,2.4,39.5
37,Bogdan Bogdanovic,ATL,30,0.9,1.5,56.3,1.0,1.8,52.6,0.9,2.2,41.8,0.2,0.8,20.8,0.4,0.9,41.4,0.5,1.7,32.1,2.2,5.7,38.8
38,Bojan Bogdanovic,DET,33,1.8,2.7,66.2,1.5,3.2,48.0,1.3,2.8,47.3,0.5,0.8,59.1,0.3,1.0,32.1,0.8,1.8,44.3,1.7,4.1,40.2
39,Bol Bol,ORL,23,2.6,3.1,82.4,0.9,1.8,51.6,0.4,1.1,36.2,0.1,0.2,30.0,0.0,0.2,20.0,0.1,0.4,25.0,0.4,1.2,36.1
40,Bones Hyland,LAC,22,1.2,2.1,58.6,0.5,1.7,27.4,0.3,0.8,33.3,0.3,0.5,61.9,0.0,0.2,12.5,0.3,0.7,48.3,1.8,5.0,36.3
41,Bradley Beal,WAS,29,3.3,4.5,73.1,1.4,3.3,42.5,2.1,4.1,50.8,0.3,0.6,42.1,0.1,0.3,25.0,0.3,0.8,37.0,1.3,3.6,36.0
42,Brandon Boston Jr.,LAC,21,1.0,1.6,61.3,0.4,1.7,25.8,0.2,1.0,22.2,0.1,0.1,100,0.0,0.5,0.0,0.1,0.4,16.7,0.5,1.2,45.5
43,Brandon Clarke,MEM,26,2.7,3.5,78.4,1.3,2.4,53.5,0.2,0.4,45.0,0.0,0.0,0.0,0.0,0.1,25.0,0.0,0.1,16.7,0.0,0.0,0.0
44,Brandon Ingram,NOP,25,2.0,3.0,65.1,1.6,3.7,42.9,2.7,6.3,42.9,0.1,0.3,42.9,0.0,0.0,100,0.2,0.4,50.0,1.3,3.5,37.0
45,Braxton Key,DET,25,0.0,0.0,0.0,0.0,0.0,0.0,0.5,0.5,100.0,0.0,0.0,0.0,0.0,0.0,0.0,0.0,0.0,0.0,0.0,0.0,0.0
46,Brook Lopez,MIL,34,2.3,3.2,71.1,0.8,1.7,49.5,0.5,1.1,45.9,0.2,0.4,40.9,0.3,0.7,40.5,0.4,1.1,40.7,1.4,3.8,36.0
47,Bruce Brown,DEN,26,2.2,3.1,71.0,0.7,1.9,35.0,0.2,0.6,32.3,0.1,0.5,13.3,0.4,0.8,50.0,0.5,1.4,35.5,0.8,2.0,41.8
48,Bruno Fernando,ATL,24,1.3,2.0,64.5,0.2,0.9,25.0,0.0,0.1,50.0,0.0,0.0,0.0,0.0,0.0,0.0,0.0,0.0,0.0,0.0,0.0,0.0
49,Bryce McGowens,CHA,20,0.7,1.4,50.0,0.2,0.6,30.8,0.0,0.3,0.0,0.1,0.2,33.3,0.2,0.3,75.0,0.2,0.4,57.1,0.3,0.9,27.8
50,Bryn Forbes,MIN,29,0.1,0.2,50.0,0.2,0.7,35.3,0.3,0.6,50.0,0.2,0.4,37.5,0.1,0.3,40.0,0.2,0.6,38.5,0.4,1.3,28.1
51,Buddy Boeheim,DET,23,0.0,0.0,0.0,-,-,-,0.0,0.0,0.0,-,-,-,-,-,-,-,-,-,0.0,0.0,0.0
52,Buddy Hield,IND,30,1.5,2.5,60.6,0.3,1.0,32.1,0.6,1.3,43.8,0.5,1.0,48.2,0.4,0.6,58.3,0.9,1.6,52.2,2.9,7.3,40.6
53,CJ McCollum,NOP,31,1.7,3.0,57.7,1.7,3.7,46.2,1.7,4.2,39.7,0.3,0.5,52.0,0.0,0.4,11.1,0.3,0.9,34.9,2.6,6.5,39.4
54,Cade Cunningham,DET,21,2.3,4.3,54.9,1.8,4.7,37.5,2.3,4.7,48.2,0.0,0.1,0.0,0.1,0.3,33.3,0.1,0.3,25.0,1.3,4.7,28.6
55,Caleb Houstan,ORL,20,0.4,0.8,45.8,0.0,0.1,50.0,0.1,0.2,50.0,0.2,0.4,41.7,0.3,0.6,55.6,0.5,0.9,50.0,0.5,1.6,31.4
56,Caleb Martin,MIA,27,1.6,2.4,64.2,0.3,1.0,31.8,0.6,1.3,45.8,0.1,0.6,17.9,0.4,0.9,38.1,0.5,1.6,30.0,0.9,2.1,42.7
57,Cam Reddish,POR,23,1.8,2.8,64.3,0.3,0.8,33.3,0.2,0.5,33.3,0.4,0.9,44.4,0.0,0.2,0.0,0.4,1.1,38.1,0.5,1.7,26.5
58,Cam Thomas,BKN,21,0.9,1.3,66.0,1.1,2.4,44.2,0.8,2.0,38.4,0.1,0.1,66.7,0.1,0.1,75.0,0.1,0.2,71.4,0.8,2.1,37.8
59,Cameron Johnson,BKN,26,1.5,2.2,68.4,0.2,0.8,28.6,0.4,1.3,31.8,0.3,0.8,41.7,0.6,1.1,50.0,0.8,1.8,46.7,1.8,4.1,44.9
60,Cameron Payne,PHX,28,1.0,1.8,56.0,1.2,3.0,39.3,0.6,1.7,37.5,0.1,0.2,33.3,0.1,0.3,42.9,0.2,0.5,38.5,1.5,4.0,38.4
61,Caris LeVert,CLE,28,1.7,3.0,58.3,0.9,2.5,34.9,0.2,0.9,22.9,0.2,0.6,42.9,0.2,0.5,44.0,0.5,1.0,43.4,1.2,3.4,34.7
62,Carlik Jones,CHI,25,1.0,1.0,100.0,-,-,-,0.0,0.0,0.0,-,-,-,-,-,-,-,-,-,0.0,0.0,0.0
63,Cedi Osman,CLE,27,1.7,2.3,71.3,0.2,0.7,28.9,0.1,0.2,25.0,0.3,0.7,47.1,0.2,0.5,42.3,0.5,1.2,45.0,0.9,3.0,31.9
64,Charles Bassey,SAS,22,1.6,2.0,76.6,0.2,0.5,41.7,0.2,0.2,80.0,0.0,0.1,0.0,0.0,0.0,0.0,0.0,0.0,0.0,0.1,0.2,40.0
65,Chima Moneke,SAC,27,0.5,1.0,50.0,0.0,0.0,0.0,0.0,0.0,0.0,-,-,-,0.0,0.0,0.0,0.0,0.0,0.0,0.0,0.0,0.0
66,Chimezie Metu,SAC,25,1.6,2.1,74.7,0.3,0.6,50.0,0.1,0.1,60.0,0.0,0.0,0.0,0.0,0.1,0.0,0.0,0.1,0.0,0.2,0.7,28.6
67,Chris Boucher,TOR,30,2.1,3.3,63.6,0.4,0.9,41.3,0.2,0.5,47.8,0.2,0.5,33.3,0.3,0.8,35.9,0.4,1.3,34.9,0.4,1.3,31.3
68,Chris Duarte,IND,25,0.8,1.6,51.9,0.2,0.5,31.3,0.5,1.4,35.6,0.3,0.8,32.0,0.1,0.7,21.1,0.4,1.3,27.3,0.7,2.3,31.6
69,Chris Paul,PHX,37,0.3,0.4,56.3,1.1,2.6,43.2,1.7,3.6,46.9,0.1,0.2,50.0,0.0,0.0,0.0,0.1,0.3,44.4,1.5,4.0,37.9
70,Chris Silva,DAL,26,0.0,0.0,0.0,1.0,1.0,100,0.0,0.0,0.0,-,-,-,0.0,0.0,0.0,0.0,0.0,0.0,0.0,0.0,0.0
71,Christian Braun,DEN,21,1.1,1.6,67.1,0.1,0.5,25.9,0.0,0.2,18.2,0.2,0.3,53.3,0.0,0.2,0.0,0.2,0.5,34.8,0.3,0.7,38.2
72,Christian Koloko,TOR,22,1.2,2.1,57.3,0.0,0.3,13.3,0.1,0.1,60.0,0.0,0.0,0.0,0.0,0.0,50.0,0.0,0.1,25.0,0.0,0.1,0.0
73,Christian Wood,DAL,27,3.1,4.4,69.7,1.3,2.2,60.0,0.4,1.1,36.7,0.1,0.3,38.5,0.1,0.5,28.6,0.3,0.8,32.4,1.4,3.7,38.4
74,Chuma Okeke,ORL,24,0.7,1.0,66.7,0.1,0.3,40.0,0.0,0.3,0.0,0.1,0.4,25.0,0.2,0.3,60.0,0.3,0.7,38.5,0.7,2.6,28.3
75,Clint Capela,ATL,28,4.8,7.0,67.9,0.6,1.5,39.7,0.0,0.1,50.0,0.0,0.0,0.0,0.0,0.0,0.0,0.0,0.0,0.0,0.0,0.0,0.0
76,Coby White,CHI,22,0.9,1.5,60.6,0.3,0.7,48.5,0.2,0.6,29.6,0.2,0.6,31.0,0.1,0.2,50.0,0.3,0.8,35.9,1.3,3.7,35.5
77,Cody Martin,CHA,27,1.3,2.3,57.1,0.1,0.3,50.0,0.3,0.9,33.3,0.1,0.4,33.3,0.3,0.5,66.7,0.4,0.9,50.0,0.0,1.1,0.0
78,Cole Anthony,ORL,22,1.3,2.1,62.8,1.1,2.3,47.7,0.8,1.9,40.8,0.1,0.2,50.0,0.0,0.1,0.0,0.1,0.3,36.4,1.0,3.0,32.7
79,Cole Swider,LAL,23,0.0,0.0,0.0,0.0,0.2,0.0,0.0,0.0,0.0,0.5,0.5,100,0.0,0.0,0.0,0.3,0.3,100,0.2,1.0,16.7
80,Collin Sexton,UTA,24,1.9,3.3,57.4,1.5,3.0,49.2,0.4,0.8,51.4,0.1,0.3,46.2,0.1,0.2,60.0,0.3,0.5,52.2,0.8,2.0,41.2
81,Corey Kispert,WAS,23,1.1,1.5,73.2,0.3,0.7,35.3,0.0,0.2,20.0,0.3,0.7,50.0,0.2,0.5,43.5,0.5,1.2,47.2,1.3,3.3,39.5
82,Cory Joseph,DET,31,0.4,0.6,62.5,0.3,1.0,33.3,0.3,0.8,41.4,0.0,0.1,25.0,0.0,0.3,11.1,0.1,0.4,15.4,0.5,1.5,35.7
83,D'Angelo Russell,LAL,26,1.4,2.1,70.3,0.8,2.0,42.5,1.3,2.5,51.1,0.2,0.5,41.4,0.1,0.3,23.5,0.3,0.9,34.8,2.4,6.1,39.6
84,Daishen Nix,HOU,20,0.4,0.7,51.9,0.1,0.5,25.0,0.0,0.1,33.3,0.0,0.1,20.0,0.1,0.4,25.0,0.1,0.4,23.5,0.6,1.8,32.9
85,Dalano Banton,TOR,23,1.1,1.4,78.8,0.1,0.7,18.8,0.1,0.5,16.7,0.1,0.3,16.7,0.1,0.3,33.3,0.1,0.5,25.0,0.4,1.3,32.3
86,Dalen Terry,CHI,20,0.3,0.6,50.0,0.0,0.1,0.0,0.1,0.1,100.0,0.0,0.0,0.0,0.1,0.2,50.0,0.1,0.1,50.0,0.0,0.2,0.0
87,Damian Jones,UTA,27,1.1,1.8,64.3,0.1,0.3,20.0,0.1,0.1,100.0,0.0,0.0,0.0,0.0,0.0,0.0,0.0,0.0,0.0,0.0,0.1,0.0
88,Damian Lillard,POR,32,3.5,5.4,64.8,0.8,1.7,45.2,1.0,2.0,49.4,0.1,0.4,27.8,0.2,0.3,64.3,0.3,0.7,43.8,3.7,10.1,36.2
89,Damion Lee,PHX,30,0.5,0.9,51.9,0.4,1.1,35.5,0.4,0.8,41.7,0.5,0.8,65.1,0.3,0.8,39.5,0.8,1.5,52.3,0.9,2.2,40.9
90,Daniel Gafford,WAS,24,2.5,3.1,81.5,0.8,1.4,58.3,0.1,0.1,50.0,0.0,0.0,0.0,0.0,0.0,0.0,0.0,0.0,0.0,0.0,0.0,0.0
91,Daniel Theis,IND,30,1.5,2.3,66.7,0.8,1.0,75.0,0.0,0.5,0.0,0.0,0.0,0.0,0.0,0.0,0.0,0.0,0.0,0.0,0.3,1.0,25.0
92,Danny Green,HOU,35,0.0,0.0,0.0,0.0,0.7,0.0,0.0,0.3,0.0,0.0,0.0,0.0,0.3,1.3,25.0,0.3,1.3,25.0,0.7,1.3,50.0
93,Danuel House Jr.,PHI,29,0.7,0.9,78.1,0.1,0.3,55.6,0.0,0.2,14.3,0.1,0.4,23.1,0.2,0.6,35.3,0.3,0.9,30.0,0.4,1.1,37.5
94,Dario Saric,OKC,28,0.8,1.3,63.8,0.5,1.2,40.0,0.0,0.5,5.9,0.1,0.3,37.5,0.2,0.5,42.9,0.3,0.7,40.9,0.5,1.3,38.3
95,Darius Bazley,PHX,22,1.2,2.4,51.8,0.2,0.5,33.3,0.1,0.3,30.0,0.1,0.3,33.3,0.2,0.2,62.5,0.2,0.5,47.1,0.3,0.8,35.7
96,Darius Days,HOU,23,1.0,1.0,100.0,0.0,0.0,0.0,0.0,0.0,0.0,0.0,0.0,0.0,0.0,0.0,0.0,0.0,0.0,0.0,0.0,0.0,0.0
97,Darius Garland,CLE,23,1.6,3.0,52.1,2.0,4.0,49.2,1.4,3.1,45.6,0.0,0.1,28.6,0.3,0.4,60.0,0.3,0.6,51.9,2.3,5.7,40.4
98,David Duke Jr.,BKN,23,1.4,2.4,55.9,0.1,0.3,40.0,0.0,0.1,0.0,0.0,0.3,0.0,0.0,0.1,0.0,0.0,0.3,0.0,0.0,0.2,0.0
99,David Roddy,MEM,21,1.2,1.8,66.3,0.4,1.0,36.4,0.0,0.2,28.6,0.3,0.8,35.3,0.2,0.7,25.9,0.4,1.4,31.1,0.4,1.6,26.8
100,Davion Mitchell,SAC,24,1.0,1.5,65.4,0.3,0.6,51.6,0.2,0.6,39.4,0.1,0.3,26.7,0.1,0.3,33.3,0.2,0.6,30.0,0.6,1.8,34.7
101,Davis Bertans,DAL,30,0.2,0.3,63.6,0.0,0.0,100,0.1,0.1,100.0,0.4,0.6,73.3,0.1,0.4,30.0,0.5,0.8,56.0,0.7,2.1,32.4
102,Davon Reed,LAL,27,0.1,0.2,37.5,0.1,0.5,13.3,0.1,0.4,30.8,0.1,0.4,20.0,0.2,0.2,75.0,0.2,0.5,35.7,0.3,0.9,36.7
103,Day'Ron Sharpe,BKN,21,1.4,2.4,56.3,0.1,0.5,25.0,0.0,0.0,0.0,0.0,0.0,0.0,0.0,0.0,0.0,0.0,0.0,0.0,0.1,0.2,80.0
104,De'Aaron Fox,SAC,25,2.7,3.7,73.9,3.1,5.9,52.4,1.8,3.8,46.0,0.1,0.4,31.8,0.1,0.2,25.0,0.2,0.7,29.4,1.3,4.0,33.7
105,De'Andre Hunter,ATL,25,1.3,2.1,60.8,1.1,2.6,44.1,1.5,3.2,48.6,0.4,1.2,36.4,0.3,0.7,38.7,0.7,1.9,37.2,0.9,2.5,35.0
106,De'Anthony Melton,PHI,24,1.2,2.2,54.5,0.3,1.0,34.7,0.2,0.5,38.5,0.2,0.7,30.6,0.3,0.8,40.5,0.5,1.5,35.9,1.7,4.0,42.2
107,DeAndre Jordan,DEN,34,2.1,2.6,80.0,0.0,0.2,16.7,0.0,0.0,0.0,0.0,0.0,0.0,0.0,0.0,0.0,0.0,0.0,0.0,0.0,0.0,100
108,DeMar DeRozan,CHI,33,2.6,3.6,71.2,1.7,3.5,47.5,4.5,9.5,47.2,0.1,0.5,30.4,0.0,0.1,33.3,0.2,0.5,30.8,0.3,1.0,34.0
109,Dean Wade,CLE,26,0.7,0.9,80.0,0.0,0.3,14.3,0.0,0.1,0.0,0.4,0.9,47.4,0.3,0.7,47.1,0.7,1.4,47.2,0.7,1.7,38.3
110,Deandre Ayton,PHX,24,4.1,5.3,79.0,2.7,5.5,49.6,1.0,2.5,41.7,0.0,0.0,0.0,0.0,0.0,0.0,0.0,0.0,0.0,0.1,0.5,30.4
111,Dejounte Murray,ATL,26,1.9,3.0,64.5,2.1,4.6,46.2,2.3,4.9,46.8,0.5,0.9,56.8,0.2,0.5,30.8,0.6,1.4,47.1,1.4,4.3,33.3
112,Delon Wright,WAS,30,0.7,1.0,65.4,0.6,1.4,44.4,0.2,0.3,50.0,0.2,0.4,40.0,0.0,0.3,16.7,0.2,0.6,31.3,0.4,1.6,26.8
113,Deni Avdija,WAS,22,1.9,2.8,66.9,0.4,1.4,29.6,0.0,0.3,15.4,0.1,0.4,38.9,0.1,0.4,27.8,0.2,0.7,33.3,0.7,2.4,29.3
114,Dennis Schroder,LAL,29,1.1,2.3,49.5,0.9,2.1,44.3,0.8,1.8,45.3,0.3,0.7,39.3,0.1,0.3,38.5,0.4,1.0,39.0,0.8,2.5,31.8
115,Dennis Smith Jr.,CHA,25,2.1,3.1,65.4,0.6,1.7,32.2,0.4,1.3,27.9,0.1,0.3,33.3,0.0,0.1,25.0,0.1,0.4,30.8,0.2,1.4,17.0
116,Deonte Burton,SAC,29,0.0,0.0,0.0,0.0,0.5,0.0,0.0,0.0,0.0,0.0,1.0,0.0,0.0,0.0,0.0,0.0,1.0,0.0,0.0,0.0,0.0
117,Dereon Seabron,NOP,22,0.5,0.5,100.0,0.0,1.0,0.0,0.0,0.0,0.0,0.0,0.0,0.0,0.0,0.0,0.0,0.0,0.0,0.0,0.0,0.0,0.0
118,Derrick Jones Jr.,CHI,25,1.5,2.3,65.0,0.1,0.3,21.4,0.0,0.0,100.0,0.2,0.6,40.0,0.1,0.3,23.1,0.3,0.9,34.2,0.1,0.4,31.3
119,Derrick Rose,NYK,34,0.8,1.5,52.6,0.7,1.5,42.5,0.2,0.7,29.4,0.2,0.3,50.0,0.0,0.2,0.0,0.2,0.5,30.8,0.6,1.8,31.9
120,Derrick White,BOS,28,1.1,1.8,62.0,0.8,1.7,46.8,0.2,0.5,38.5,0.3,0.7,39.0,0.3,0.8,41.9,0.6,1.5,40.5,1.0,2.7,36.7
121,Desmond Bane,MEM,24,2.1,4.0,53.1,1.7,3.7,45.3,0.6,1.4,45.5,0.4,0.8,50.0,0.2,0.3,77.8,0.6,1.1,57.1,2.5,6.1,41.2
122,Devin Booker,PHX,26,2.6,3.8,67.5,1.9,4.1,47.2,2.8,6.1,46.7,0.2,0.4,46.2,0.1,0.4,33.3,0.3,0.9,40.0,2.0,5.5,36.0
123,Devin Vassell,SAS,22,1.6,2.7,57.7,0.8,2.2,34.4,2.0,4.1,48.3,0.3,0.7,40.0,0.4,0.7,65.0,0.7,1.4,52.5,2.1,5.5,38.1
124,Devon Dotson,WAS,23,0.0,0.0,0.0,0.0,0.7,0.0,0.0,0.3,0.0,0.0,0.0,0.0,0.0,0.8,0.0,0.0,0.6,0.0,0.2,0.2,100
125,Devonte' Graham,SAS,27,0.1,0.3,35.3,0.1,0.2,41.7,0.2,0.2,66.7,0.1,0.2,41.7,0.1,0.2,33.3,0.2,0.4,38.1,1.1,3.2,34.7
126,Dewayne Dedmon,MIA,33,1.0,1.7,59.6,0.6,1.0,61.3,0.1,0.3,33.3,0.0,0.1,0.0,0.0,0.1,50.0,0.0,0.2,16.7,0.3,1.0,32.3
127,Dillon Brooks,MEM,27,1.7,3.1,55.6,1.5,3.6,41.7,0.7,2.0,32.7,0.2,0.6,35.5,0.1,0.3,18.8,0.3,1.0,29.8,1.6,4.9,31.5
128,Domantas Sabonis,SAC,26,4.8,6.8,71.1,1.2,2.5,49.2,0.5,1.0,51.9,0.0,0.1,33.3,0.0,0.0,0.0,0.0,0.2,25.0,0.4,1.1,37.5
129,Dominick Barlow,SAS,19,0.5,0.8,60.0,0.2,0.2,100,0.3,0.3,100.0,0.0,0.3,0.0,0.0,0.5,0.0,0.0,0.6,0.0,0.0,0.2,0.0
130,Donovan Mitchell,CLE,26,2.9,4.4,67.2,1.4,2.9,48.1,1.3,2.9,44.4,0.2,0.5,38.1,0.1,0.2,37.5,0.2,0.6,37.9,3.4,8.6,39.0
131,Donte DiVincenzo,GSW,26,0.6,1.2,52.8,0.3,0.8,38.2,0.1,0.3,40.0,0.2,0.6,37.0,0.3,0.6,52.0,0.5,1.2,44.2,1.5,3.7,40.7
132,Dorian Finney-Smith,BKN,29,1.2,1.9,66.2,0.1,0.4,22.2,0.0,0.2,28.6,0.4,1.0,41.5,0.5,1.3,40.4,0.9,2.3,40.9,0.9,3.0,30.9
133,Doug McDermott,SAS,31,1.1,1.8,63.2,0.5,1.1,43.6,0.2,0.6,36.7,0.3,0.6,53.8,0.1,0.3,33.3,0.4,0.8,46.3,1.4,3.6,40.2
134,Draymond Green,GSW,32,1.6,2.3,68.5,0.9,1.9,48.4,0.1,0.2,50.0,0.1,0.3,28.6,0.2,0.3,47.1,0.2,0.6,38.7,0.4,1.2,29.5
135,Drew Eubanks,POR,26,1.8,2.2,81.9,0.5,1.1,46.4,0.2,0.2,69.2,0.0,0.0,0.0,0.0,0.0,0.0,0.0,0.0,0.0,0.1,0.1,60.0
136,Dru Smith,BKN,25,0.5,0.7,75.0,0.4,0.7,60.0,0.0,0.3,0.0,0.0,0.3,0.0,0.0,0.0,0.0,0.0,0.3,0.0,0.3,1.0,28.6
137,Duane Washington Jr.,PHX,22,0.6,1.4,45.2,0.6,1.8,32.1,0.6,1.7,36.0,0.2,0.6,36.4,0.1,0.5,30.0,0.3,0.8,33.3,1.1,2.8,37.5
138,Duncan Robinson,MIA,28,0.3,0.4,75.0,0.3,0.5,46.7,0.1,0.3,22.2,0.2,0.7,23.5,0.2,0.5,38.5,0.3,1.1,30.0,1.3,3.9,34.3
139,Dwight Powell,DAL,31,2.5,3.3,74.9,0.1,0.2,44.4,0.0,0.0,0.0,0.0,0.0,0.0,0.0,0.0,0.0,0.0,0.0,0.0,0.0,0.0,0.0
140,Dyson Daniels,NOP,19,0.9,1.4,66.7,0.3,0.9,30.6,0.1,0.1,40.0,0.1,0.2,37.5,0.1,0.3,30.0,0.2,0.5,33.3,0.4,1.1,35.0
141,Edmond Sumner,BKN,27,1.4,2.3,60.7,0.2,0.9,26.2,0.2,0.3,56.3,0.3,0.8,33.3,0.1,0.4,31.3,0.3,1.0,32.6,0.3,0.8,36.8
142,Eric Gordon,LAC,34,1.6,2.5,65.3,1.0,2.2,43.8,0.0,0.2,20.0,0.1,0.2,45.5,0.1,0.2,62.5,0.2,0.4,52.6,1.6,4.8,33.3
143,Eugene Omoruyi,OKC,25,1.6,2.4,66.0,0.0,0.4,12.5,0.0,0.0,0.0,0.1,0.3,33.3,0.2,0.6,36.4,0.3,0.9,35.3,0.1,0.6,15.4
144,Evan Fournier,NYK,30,0.3,0.6,42.9,0.5,1.0,45.5,0.2,0.6,30.8,0.3,0.9,38.9,0.1,0.4,33.3,0.5,1.2,37.0,1.0,3.3,31.5
145,Evan Mobley,CLE,21,4.1,5.3,77.9,1.5,3.9,39.4,0.5,1.2,40.0,0.0,0.1,12.5,0.1,0.3,18.8,0.1,0.4,16.7,0.1,0.7,20.5
146,Facundo Campazzo,DAL,31,0.0,0.3,0.0,0.0,0.0,0.0,0.0,0.0,0.0,0.2,0.2,100,0.0,0.3,0.0,0.2,0.4,50.0,0.3,1.3,22.2
147,Frank Kaminsky,HOU,29,0.3,0.4,72.7,0.2,0.3,50.0,0.1,0.1,100.0,0.0,0.1,0.0,0.0,0.0,0.0,0.0,0.0,0.0,0.5,0.9,50.0
148,Frank Ntilikina,DAL,24,0.3,0.6,50.0,0.1,0.3,33.3,0.3,0.5,57.1,0.0,0.4,0.0,0.1,0.3,25.0,0.1,0.6,10.5,0.3,0.8,32.0
149,Franz Wagner,ORL,21,3.5,5.3,65.3,1.4,3.6,39.6,0.5,1.0,46.3,0.2,0.4,54.2,0.1,0.3,31.6,0.3,0.8,44.2,1.3,3.7,35.5
150,Fred VanVleet,TOR,28,1.6,2.9,54.3,0.9,2.2,38.1,1.1,2.5,42.4,0.2,0.3,50.0,0.2,0.7,32.3,0.4,1.0,38.3,2.6,7.6,33.8
151,Furkan Korkmaz,PHI,25,0.6,0.9,68.2,0.1,0.5,15.4,0.1,0.4,37.5,0.1,0.4,33.3,0.1,0.3,33.3,0.2,0.5,33.3,0.4,1.0,36.0
152,Gabe Vincent,MIA,26,0.6,1.0,53.5,0.6,1.2,49.0,0.5,1.0,51.2,0.2,0.9,27.0,0.4,0.8,46.9,0.6,1.7,36.2,1.0,3.4,30.7
153,Garrett Temple,NOP,36,0.4,0.6,60.0,0.0,0.1,0.0,0.0,0.2,0.0,0.0,0.1,0.0,0.2,0.3,50.0,0.1,0.3,40.0,0.4,0.9,46.7
154,Garrison Mathews,ATL,26,0.1,0.2,55.6,0.0,0.1,25.0,0.0,0.0,50.0,0.2,0.5,29.2,0.2,0.4,50.0,0.3,0.8,36.8,0.9,2.6,33.3
155,Gary Harris,ORL,28,1.0,1.5,63.4,0.2,0.5,38.5,0.1,0.3,33.3,0.4,0.8,57.1,0.4,0.8,47.6,0.8,1.6,52.4,1.0,2.4,43.1
156,Gary Payton II,GSW,30,1.0,1.5,68.2,0.0,0.1,0.0,0.0,0.0,0.0,0.3,0.4,83.3,0.1,0.4,33.3,0.5,0.8,58.3,0.1,0.3,40.0
157,Gary Trent Jr.,TOR,24,1.6,2.3,67.9,1.2,2.3,51.8,1.1,2.9,38.2,0.3,0.9,33.3,0.2,0.7,34.4,0.5,1.5,33.8,2.1,5.6,38.2
158,George Hill,IND,36,0.6,0.9,71.0,0.1,0.4,38.5,0.3,0.4,60.0,0.1,0.4,36.4,0.2,0.5,37.5,0.3,0.8,37.0,0.4,1.2,30.2
159,Georges Niang,PHI,29,0.6,1.0,66.0,0.3,0.5,46.4,0.0,0.1,28.6,0.3,0.6,48.3,0.3,0.5,63.6,0.5,1.0,54.9,1.7,4.4,38.4
160,Giannis Antetokounmpo,MIL,28,8.9,11.9,74.8,0.6,2.9,19.7,1.2,3.3,36.1,0.0,0.1,20.0,0.0,0.0,0.0,0.0,0.1,20.0,0.8,3.0,26.9
161,Goga Bitadze,IND,23,1.0,1.5,67.7,0.1,0.2,50.0,0.0,0.1,0.0,0.0,0.0,0.0,0.0,0.0,0.0,0.0,0.0,0.0,0.2,0.7,28.6
162,Goran Dragic,CHI,36,0.8,1.4,58.2,0.4,1.1,37.5,0.5,1.0,46.9,0.2,0.4,47.6,0.0,0.1,50.0,0.2,0.5,48.0,0.7,2.0,32.0
163,Gordon Hayward,CHA,32,1.5,2.2,69.2,1.2,2.6,46.8,1.2,2.9,41.4,0.2,0.4,50.0,0.1,0.3,37.5,0.3,0.7,45.0,0.7,2.7,25.6
164,Gorgui Dieng,SAS,33,0.5,0.6,80.0,0.1,0.2,66.7,0.1,0.3,40.0,0.1,0.1,100,0.1,0.3,33.3,0.2,0.3,50.0,0.5,1.9,25.0
165,Grant Williams,BOS,24,0.7,1.1,64.5,0.6,1.1,51.7,0.1,0.4,31.6,0.4,0.9,46.8,0.4,0.8,52.3,0.8,1.7,49.5,0.7,1.9,36.9
166,Grayson Allen,MIL,27,1.1,1.8,60.9,0.3,0.7,37.1,0.1,0.3,31.3,0.3,0.7,41.2,0.2,0.4,44.4,0.4,1.0,42.3,1.5,3.8,39.8
167,Greg Brown III,POR,21,0.7,1.1,62.5,0.0,0.2,0.0,0.0,0.1,0.0,0.0,0.3,0.0,0.2,0.2,100,0.1,0.3,33.3,0.0,0.3,0.0
168,Hamidou Diallo,DET,24,2.4,3.2,74.2,0.6,1.5,40.6,0.3,0.8,36.8,0.0,0.2,22.2,0.0,0.1,66.7,0.1,0.3,33.3,0.0,0.1,20.0
169,Harrison Barnes,SAC,30,2.0,3.0,67.1,0.6,1.7,37.0,0.2,0.4,52.2,0.3,0.8,38.6,0.3,0.8,42.9,0.6,1.6,40.7,1.1,2.8,37.5
170,Haywood Highsmith,MIA,26,0.8,1.3,66.7,0.2,0.6,31.8,0.1,0.4,26.7,0.2,0.5,38.9,0.2,0.8,29.2,0.4,1.1,33.3,0.5,1.2,37.0
171,Herbert Jones,NOP,24,2.2,3.6,62.2,0.4,1.2,30.4,0.1,0.4,17.6,0.2,0.7,28.6,0.2,0.5,33.3,0.4,1.2,30.6,0.4,1.4,26.8
172,Immanuel Quickley,NYK,23,1.1,1.6,64.8,1.3,2.6,48.6,0.4,1.1,37.5,0.2,0.6,25.7,0.3,0.6,42.9,0.4,1.3,34.3,1.3,3.6,34.8
173,Isaac Okoro,CLE,22,1.3,1.9,68.9,0.2,0.5,44.8,0.0,0.0,0.0,0.2,0.7,33.3,0.5,1.2,39.4,0.7,1.8,37.3,0.1,0.3,26.3
174,Isaiah Hartenstein,NYK,24,1.4,2.4,59.3,0.6,1.2,50.7,0.0,0.1,20.0,0.1,0.2,41.7,0.1,0.2,30.0,0.1,0.4,36.4,0.0,0.2,0.0
175,Isaiah Jackson,IND,21,2.2,3.2,68.7,0.2,1.0,25.0,0.1,0.3,54.5,0.0,0.1,0.0,0.0,0.0,0.0,0.0,0.1,0.0,0.0,0.2,12.5
176,Isaiah Joe,OKC,23,0.3,0.4,77.8,0.0,0.2,28.6,0.2,0.5,41.7,0.3,0.6,54.2,0.1,0.3,50.0,0.4,0.8,52.9,1.7,3.8,43.5
177,Isaiah Livers,DET,24,0.3,0.4,75.0,0.1,0.2,62.5,0.1,0.5,31.3,0.2,0.5,29.4,0.5,1.0,53.3,0.6,1.4,44.7,0.6,2.0,31.9
178,Isaiah Mobley,CLE,23,0.2,0.2,100.0,0.3,0.7,50.0,0.0,0.1,0.0,-,-,-,0.3,0.3,100,0.3,0.3,100,0.0,0.1,0.0
179,Isaiah Roby,SAS,25,0.8,1.2,68.9,0.3,0.8,40.6,0.1,0.2,25.0,0.1,0.1,66.7,0.1,0.4,33.3,0.2,0.4,41.7,0.3,1.1,29.5
180,Isaiah Stewart,DET,21,1.9,3.4,56.5,0.6,1.4,47.5,0.1,0.2,71.4,0.2,0.7,35.5,0.2,0.7,26.7,0.4,1.4,31.1,0.8,2.7,30.6
181,Isaiah Todd,WAS,21,0.0,0.0,0.0,0.3,0.3,100,0.0,0.0,0.0,0.0,0.5,0.0,0.0,0.5,0.0,0.0,0.5,0.0,0.0,0.3,0.0
182,Ish Smith,DEN,34,0.4,0.7,58.8,0.2,0.6,40.0,0.7,1.7,41.9,0.0,0.1,0.0,0.0,0.0,0.0,0.0,0.1,0.0,0.0,0.1,25.0
183,Ish Wainright,PHX,28,0.5,0.8,56.3,0.0,0.2,16.7,0.0,0.0,0.0,0.3,0.7,37.5,0.3,0.9,39.3,0.5,1.3,38.5,0.5,1.4,32.7
184,Ivica Zubac,LAC,25,3.1,4.5,68.4,0.9,1.9,46.7,0.1,0.1,60.0,0.0,0.0,0.0,0.0,0.0,0.0,0.0,0.0,0.0,0.0,0.0,0.0
185,JD Davison,BOS,20,0.0,0.0,0.0,0.5,1.0,50.0,0.0,0.3,0.0,0.0,0.0,0.0,0.0,0.0,0.0,0.0,0.0,0.0,0.0,0.5,0.0
186,JT Thor,CHA,20,0.4,0.6,59.3,0.2,0.4,42.1,0.1,0.2,33.3,0.1,0.5,27.8,0.1,0.3,45.5,0.3,0.7,34.5,0.1,0.7,13.8
187,Ja Morant,MEM,23,4.5,7.3,60.9,2.9,6.8,42.8,0.6,1.4,43.8,0.1,0.3,28.6,0.1,0.2,50.0,0.2,0.5,36.4,1.5,4.7,32.9
188,JaMychal Green,GSW,32,1.5,2.1,70.7,0.3,0.5,63.2,0.0,0.1,25.0,0.1,0.5,25.0,0.2,0.4,38.5,0.3,0.8,31.0,0.3,1.0,33.3
189,JaVale McGee,DAL,35,1.3,1.9,70.7,0.4,0.8,46.2,0.0,0.0,0.0,0.0,0.0,0.0,0.0,0.0,0.0,0.0,0.0,0.0,0.0,0.1,33.3
190,Jabari Smith Jr.,HOU,19,1.3,1.8,68.8,0.7,1.7,39.3,0.7,1.9,34.0,0.2,0.5,29.6,0.2,0.5,42.3,0.4,1.0,35.8,1.2,4.2,28.6
191,Jabari Walker,POR,20,0.6,1.2,53.7,0.1,0.3,40.0,0.0,0.1,0.0,0.0,0.3,16.7,0.0,0.0,100,0.1,0.3,28.6,0.1,0.4,23.1
192,Jack White,DEN,25,0.3,0.5,50.0,0.1,0.2,50.0,0.0,0.0,0.0,0.0,0.2,0.0,0.3,1.0,33.3,0.2,0.7,25.0,0.0,0.1,0.0
193,Jaden Hardy,DAL,20,1.3,2.2,58.9,0.2,0.6,33.3,0.2,0.5,41.7,0.3,0.8,33.3,0.0,0.3,14.3,0.2,0.9,26.3,0.5,1.5,31.6
194,Jaden Ivey,DET,20,2.3,4.3,54.5,0.8,2.4,35.0,0.6,1.5,40.0,0.1,0.3,38.5,0.1,0.3,23.1,0.2,0.5,30.8,1.2,3.6,34.6
195,Jaden McDaniels,MIN,22,2.3,3.2,72.4,0.6,1.5,43.8,0.4,0.9,42.0,0.3,0.8,40.0,0.3,0.9,35.4,0.6,1.7,37.6,0.5,1.4,35.5
196,Jaden Springer,PHI,20,0.8,1.2,71.4,0.1,0.3,50.0,0.1,0.4,33.3,0.0,0.0,0.0,0.0,0.0,0.0,0.0,0.0,0.0,0.0,0.0,0.0
197,Jae'Sean Tate,HOU,27,2.0,3.4,58.6,0.6,2.0,32.4,0.1,0.2,33.3,0.2,0.5,44.4,0.1,0.2,33.3,0.3,0.7,41.7,0.1,0.6,18.2
198,Jake LaRavia,MEM,21,0.3,0.6,50.0,0.1,0.2,66.7,0.0,0.0,0.0,0.2,0.4,50.0,0.1,0.1,66.7,0.3,0.5,54.5,0.5,1.7,30.0
199,Jakob Poeltl,TOR,27,3.5,4.6,76.4,1.6,3.4,47.4,0.1,0.4,15.8,0.0,0.0,0.0,0.0,0.0,0.0,0.0,0.0,0.0,0.0,0.0,0.0
200,Jalen Brunson,NYK,26,2.0,3.5,55.6,3.2,6.3,50.2,1.5,3.2,45.3,0.2,0.4,57.9,0.2,0.6,34.4,0.4,1.0,43.1,1.4,3.5,39.8
201,Jalen Duren,DET,19,3.1,4.2,73.5,0.4,1.0,37.0,0.1,0.2,60.0,0.0,0.0,0.0,0.0,0.0,0.0,0.0,0.0,0.0,0.0,0.0,0.0
202,Jalen Green,HOU,21,2.7,4.8,56.0,1.1,2.8,39.4,1.1,2.6,40.0,0.2,0.5,32.1,0.2,0.5,33.3,0.4,1.1,32.7,2.3,6.5,34.4
203,Jalen Johnson,ATL,21,1.3,2.0,65.0,0.3,0.6,46.7,0.1,0.3,23.1,0.1,0.3,26.7,0.1,0.4,29.4,0.2,0.7,28.1,0.3,0.8,30.2
204,Jalen McDaniels,PHI,25,2.0,3.2,62.1,0.6,1.6,37.1,0.2,0.5,50.0,0.2,0.6,34.4,0.3,0.8,34.8,0.5,1.4,34.6,0.7,2.2,30.6
205,Jalen Smith,IND,22,2.1,2.8,74.6,0.5,1.1,42.3,0.1,0.7,20.6,0.1,0.5,30.4,0.2,0.7,28.6,0.3,1.1,29.4,0.5,2.0,27.1
206,Jalen Suggs,ORL,21,1.2,2.0,57.1,0.4,1.1,34.3,0.6,1.0,63.3,0.1,0.2,57.1,0.0,0.2,14.3,0.2,0.5,35.7,0.9,3.2,28.0
207,Jalen Williams,OKC,21,2.9,4.1,71.1,0.8,1.9,40.4,0.3,0.9,34.1,0.1,0.3,26.7,0.1,0.1,60.0,0.1,0.4,35.0,0.7,2.3,31.0
208,Jamal Cain,MIA,23,1.3,1.9,68.0,0.4,0.8,55.6,0.1,0.2,33.3,0.0,0.3,0.0,0.1,0.5,16.7,0.1,0.8,11.1,0.1,0.2,50.0
209,Jamal Murray,DEN,25,2.2,3.4,66.0,1.1,2.8,39.4,1.6,3.7,43.6,0.3,0.5,50.0,0.1,0.3,50.0,0.4,0.8,50.0,2.0,5.2,38.6
210,James Bouknight,CHA,22,0.7,1.1,62.1,0.2,0.8,20.0,0.1,0.4,22.2,0.1,0.3,20.0,0.1,0.4,12.5,0.1,0.6,15.4,0.6,2.0,27.5
211,James Harden,PHI,33,1.7,2.9,59.1,1.2,2.8,41.9,0.8,1.5,53.6,0.1,0.1,40.0,0.1,0.2,42.9,0.1,0.3,41.7,2.7,6.9,38.4
212,James Johnson,IND,35,0.5,1.0,50.0,0.0,0.3,0.0,0.1,0.2,50.0,0.0,0.0,0.0,0.1,0.6,20.0,0.1,0.5,20.0,0.2,0.4,40.0
213,James Wiseman,DET,21,1.8,2.3,77.1,0.8,1.5,53.1,0.2,0.6,33.3,0.0,0.0,0.0,0.0,0.0,0.0,0.0,0.0,0.0,0.0,0.1,50.0
214,Jared Rhoden,DET,23,0.0,0.0,0.0,0.0,1.0,0.0,1.0,1.0,100.0,0.0,0.0,0.0,-,-,-,0.0,0.0,0.0,0.0,1.0,0.0
215,Jaren Jackson Jr.,MEM,23,2.9,4.4,65.9,1.6,3.1,50.0,0.0,0.1,20.0,0.3,0.6,50.0,0.1,0.3,20.0,0.4,0.9,41.2,1.1,3.2,34.2
216,Jarred Vanderbilt,LAL,23,2.4,3.3,71.8,0.6,1.5,37.2,0.0,0.0,0.0,0.1,0.3,18.8,0.3,0.7,43.2,0.4,1.0,35.8,0.0,0.1,0.0
217,Jarrett Allen,CLE,24,4.5,5.8,77.1,1.3,2.7,48.9,0.2,0.7,33.3,0.0,0.0,0.0,0.0,0.1,0.0,0.0,0.1,0.0,0.0,0.0,50.0
218,Jarrett Culver,ATL,23,1.3,2.2,60.0,0.2,0.6,40.0,0.3,0.8,33.3,0.0,0.2,0.0,0.2,0.3,50.0,0.1,0.4,33.3,0.0,0.9,0.0
219,Jason Preston,LAC,23,0.3,0.6,57.1,0.5,0.8,60.0,0.2,0.4,40.0,0.1,0.2,50.0,0.2,0.5,33.3,0.2,0.5,40.0,0.3,1.0,25.0
220,Javonte Green,CHI,29,1.5,2.0,76.4,0.2,0.5,46.2,0.0,0.1,0.0,0.1,0.4,25.0,0.1,0.2,33.3,0.2,0.6,27.8,0.3,0.6,50.0
221,Jaxson Hayes,NOP,22,1.4,2.0,71.2,0.3,0.7,45.5,0.0,0.1,50.0,0.0,0.2,16.7,0.0,0.2,16.7,0.1,0.4,16.7,0.0,0.4,9.1
222,Jaylen Brown,BOS,26,4.1,5.8,70.7,1.6,3.6,44.8,1.6,3.2,51.0,0.2,0.5,33.3,0.1,0.6,18.5,0.3,1.1,25.5,2.3,6.5,34.4
223,Jaylen Nowell,MIN,23,1.7,2.8,61.5,1.1,2.3,49.6,0.4,1.0,44.1,0.1,0.2,25.0,0.1,0.5,19.2,0.1,0.7,21.1,0.9,2.9,31.2
224,Jaylin Williams,OKC,20,0.7,1.2,55.6,0.4,1.0,34.8,0.2,0.5,50.0,0.1,0.3,50.0,0.1,0.2,33.3,0.2,0.4,42.9,0.5,1.0,52.2
225,Jayson Tatum,BOS,24,4.2,6.0,70.2,1.5,3.9,39.3,0.9,2.3,39.7,0.2,0.4,40.9,0.2,0.3,55.6,0.4,0.8,47.5,2.9,8.5,34.1
226,Jeff Dowtin Jr.,TOR,25,0.4,0.5,85.7,0.3,0.6,42.9,0.2,0.6,28.6,0.0,0.1,0.0,0.1,0.1,100,0.1,0.2,50.0,0.0,0.1,0.0
227,Jeff Green,DEN,36,1.5,2.3,64.1,0.6,1.2,52.4,0.2,0.5,41.2,0.0,0.2,20.0,0.2,0.4,46.2,0.2,0.5,38.9,0.2,1.0,18.2
228,Jerami Grant,POR,28,3.2,4.8,66.7,0.6,1.7,35.6,1.0,2.6,38.0,0.3,0.7,38.9,0.5,1.4,35.1,0.8,2.1,36.4,1.5,3.5,43.5
229,Jeremiah Robinson-Earl,OKC,22,2.0,3.3,59.3,0.0,0.1,50.0,0.2,0.4,36.4,0.1,0.7,17.6,0.2,0.4,54.5,0.3,1.1,32.1,0.8,1.8,42.6
230,Jeremy Sochan,SAS,19,2.3,3.6,63.0,0.9,2.2,41.0,0.3,0.8,32.4,0.1,0.4,23.5,0.0,0.3,0.0,0.1,0.6,14.3,0.5,1.5,32.8
231,Jericho Sims,NYK,24,1.7,1.9,86.9,0.1,0.2,50.0,0.0,0.1,0.0,0.0,0.0,0.0,0.0,0.0,0.0,0.0,0.0,0.0,0.0,0.0,0.0
232,Jevon Carter,MIL,27,0.4,0.8,51.2,0.2,0.5,36.0,0.6,1.4,41.8,0.1,0.5,23.1,0.2,0.3,44.4,0.3,0.8,31.8,1.2,2.9,42.4
233,Jimmy Butler,MIA,33,3.7,5.8,63.1,2.0,3.9,51.9,1.1,2.7,41.1,0.2,0.6,34.8,0.1,0.4,31.3,0.3,1.0,33.3,0.2,0.8,28.1
234,Jock Landale,PHX,27,1.7,2.2,74.8,0.5,1.1,43.4,0.1,0.1,57.1,0.0,0.0,50.0,0.0,0.0,0.0,0.0,0.1,33.3,0.3,1.4,23.2
235,Joe Harris,BKN,31,0.8,1.2,66.1,0.2,0.5,34.8,0.2,0.4,47.4,0.3,0.6,46.4,0.4,1.0,41.3,0.7,1.5,43.2,1.3,3.2,40.6
236,Joe Ingles,MIL,35,0.5,0.8,58.8,0.1,0.2,40.0,0.0,0.1,33.3,0.3,0.6,53.8,0.1,0.5,27.3,0.5,1.1,41.7,1.1,3.2,34.3
237,Joe Wieskamp,TOR,23,0.0,0.5,0.0,0.0,0.0,0.0,0.0,0.0,0.0,0.5,0.5,100,0.5,1.0,50.0,1.0,1.5,66.7,0.5,0.5,100
238,Joel Embiid,PHI,28,5.0,6.9,73.3,2.5,5.2,47.2,2.5,5.5,45.7,0.0,0.1,20.0,0.0,0.0,0.0,0.0,0.1,20.0,1.1,3.0,37.0
239,John Butler Jr.,POR,20,0.2,0.2,100.0,0.0,0.0,0.0,0.0,0.0,0.0,0.0,0.3,0.0,-,-,-,0.0,0.3,0.0,0.0,0.3,0.0
240,John Collins,ATL,25,2.7,3.5,76.9,1.0,2.1,46.6,0.7,1.3,53.1,0.1,0.5,30.4,0.2,0.7,32.4,0.4,1.2,31.6,0.4,2.0,21.6
241,John Konchar,MEM,26,1.1,1.7,64.1,0.1,0.5,23.8,0.0,0.2,11.1,0.4,0.9,43.6,0.2,0.7,26.7,0.6,1.5,36.2,0.5,1.4,36.5
242,John Wall,HOU,32,1.7,2.9,59.8,0.6,1.8,35.5,0.7,2.1,35.2,0.1,0.3,33.3,0.0,0.1,0.0,0.1,0.4,23.1,0.9,2.8,31.3
243,Johnny Davis,WAS,20,0.2,0.2,100.0,0.0,0.3,0.0,0.3,0.7,37.5,0.0,0.2,0.0,0.0,0.0,0.0,0.0,0.1,0.0,0.0,0.2,0.0
244,Jonas Valanciunas,NOP,30,3.1,4.5,68.7,1.6,3.0,51.5,0.6,1.5,39.3,0.0,0.1,0.0,0.0,0.0,100,0.0,0.1,25.0,0.5,1.6,34.9
245,Jonathan Isaac,ORL,25,1.0,1.8,57.1,0.3,0.8,33.3,0.4,1.0,37.5,0.1,0.1,100,0.1,0.3,50.0,0.3,0.4,66.7,0.3,1.1,22.2
246,Jonathan Kuminga,GSW,20,1.8,2.7,66.4,0.7,1.6,47.1,0.1,0.3,27.3,0.1,0.5,23.8,0.2,0.4,44.4,0.3,0.9,33.3,0.3,1.1,31.3
247,Jordan Clarkson,UTA,30,1.8,2.8,64.1,2.6,5.2,49.5,0.5,1.2,42.4,0.3,0.6,41.2,0.1,0.3,31.6,0.4,1.0,37.7,2.3,6.6,34.3
248,Jordan Goodwin,WAS,24,0.9,1.4,64.2,0.7,1.6,44.3,0.3,0.9,30.3,0.2,0.2,71.4,0.1,0.3,50.0,0.3,0.4,60.0,0.4,1.3,33.3
249,Jordan Hall,SAS,21,0.3,0.4,75.0,0.0,0.2,0.0,0.4,0.9,42.9,0.2,0.6,33.3,0.0,0.2,0.0,0.1,0.6,25.0,0.2,1.2,18.2
250,Jordan McLaughlin,MIN,26,0.6,1.0,65.0,0.4,0.7,53.3,0.0,0.0,100.0,0.2,0.4,37.5,0.0,0.2,0.0,0.2,0.6,27.3,0.2,1.0,22.7
251,Jordan Nwora,IND,24,0.6,1.1,48.8,0.2,0.7,36.0,0.2,0.7,22.2,0.2,0.6,33.3,0.1,0.3,30.0,0.2,0.8,32.1,0.8,1.9,41.9
252,Jordan Poole,GSW,23,2.2,3.3,67.6,1.2,2.6,48.2,0.9,2.3,41.1,0.2,0.5,33.3,0.1,0.4,20.0,0.3,0.9,28.0,2.4,6.9,34.7
253,Jordan Schakel,WAS,24,0.0,0.0,0.0,0.0,1.0,0.0,0.0,0.0,0.0,0.0,0.0,0.0,0.0,0.0,0.0,0.0,0.0,0.0,0.5,0.5,100
254,Jose Alvarado,NOP,24,1.3,2.0,64.0,0.6,1.7,33.7,0.1,0.3,18.8,0.2,0.5,44.4,0.3,0.7,35.9,0.5,1.2,39.4,0.9,2.9,32.5
255,Josh Christopher,HOU,21,0.9,1.1,77.5,0.7,1.4,51.0,0.0,0.4,7.7,0.1,0.1,50.0,0.0,0.2,0.0,0.1,0.3,22.2,0.2,0.8,20.7
256,Josh Giddey,OKC,20,3.6,5.4,65.4,2.2,5.0,43.9,0.3,1.0,36.2,0.1,0.3,31.3,0.1,0.1,80.0,0.2,0.4,42.9,0.8,2.6,29.9
257,Josh Green,DAL,22,1.6,2.1,78.7,0.4,0.9,48.4,0.0,0.1,20.0,0.4,0.8,51.7,0.4,1.0,37.1,0.8,1.8,43.8,0.3,0.6,40.9
258,Josh Hart,NYK,27,2.4,3.5,70.5,0.4,1.0,38.0,0.1,0.5,24.0,0.1,0.5,26.9,0.2,0.5,34.6,0.3,1.0,30.8,0.4,1.2,30.0
259,Josh Minott,MIN,20,1.3,1.7,80.0,0.1,0.9,14.3,0.0,0.1,0.0,0.0,0.2,0.0,0.0,0.3,0.0,0.0,0.3,0.0,0.1,0.2,50.0
260,Josh Okogie,PHX,24,0.8,1.6,51.4,0.3,0.7,43.8,0.1,0.4,29.4,0.2,0.6,30.0,0.1,0.3,25.0,0.2,0.7,28.6,0.4,1.2,29.8
261,Josh Richardson,NOP,29,0.6,1.0,61.9,0.9,1.7,52.8,0.9,2.0,45.9,0.2,0.4,50.0,0.1,0.3,33.3,0.3,0.7,43.3,1.5,4.2,34.7
262,Joshua Primo,SAS,20,0.5,1.0,50.0,0.8,1.8,42.9,0.3,0.8,33.3,0.0,0.3,0.0,0.3,0.7,50.0,0.3,0.8,33.3,0.5,2.3,22.2
263,Jrue Holiday,MIL,32,2.4,3.6,66.0,1.5,3.5,43.9,1.1,2.5,43.2,0.2,0.4,50.0,0.1,0.3,21.4,0.3,0.7,37.5,2.0,5.3,37.0
264,Juan Toscano-Anderson,UTA,29,0.9,1.1,78.1,0.1,0.3,20.0,0.1,0.2,50.0,0.0,0.2,25.0,0.1,0.2,25.0,0.1,0.3,25.0,0.1,0.4,16.7
265,Juancho Hernangomez,TOR,27,0.7,1.0,71.8,0.1,0.1,50.0,0.0,0.1,0.0,0.1,0.3,30.0,0.2,0.5,33.3,0.2,0.7,32.1,0.2,0.9,21.1
266,Julian Champagnie,PHI,21,0.0,0.0,0.0,0.0,0.0,0.0,0.0,0.5,0.0,-,-,-,0.0,1.0,0.0,0.0,1.0,0.0,0.0,0.0,0.0
267,Julius Randle,NYK,28,3.3,4.9,67.1,1.4,2.9,49.1,0.9,2.4,39.4,0.2,0.5,37.9,0.2,0.8,29.5,0.4,1.3,32.9,2.3,6.6,34.1
268,Justin Champagnie,TOR,21,0.3,0.3,100.0,0.7,0.7,100,0.0,0.0,0.0,0.0,0.0,0.0,0.0,0.0,0.0,0.0,0.0,0.0,0.0,0.0,0.0
269,Justin Holiday,HOU,33,0.5,0.7,68.4,0.0,0.1,0.0,0.2,0.6,29.4,0.2,0.8,21.1,0.3,0.7,44.4,0.4,1.4,32.4,0.6,1.8,36.0
270,Justin Jackson,BOS,27,0.0,0.1,50.0,0.0,0.2,25.0,0.0,0.1,0.0,0.1,0.6,25.0,0.0,0.2,0.0,0.1,0.5,16.7,0.2,0.6,28.6
271,Justise Winslow,POR,26,1.7,3.0,55.2,0.5,1.8,28.8,0.1,0.5,28.6,0.1,0.4,36.4,0.1,0.3,22.2,0.2,0.7,30.0,0.3,0.9,32.0
272,Jusuf Nurkic,POR,28,3.4,5.4,63.0,0.7,1.9,38.4,0.2,0.3,46.7,0.0,0.1,33.3,0.0,0.2,20.0,0.1,0.3,23.1,0.8,1.9,41.9
273,KZ Okpala,SAC,23,0.2,0.3,75.0,0.1,0.2,33.3,0.0,0.1,25.0,0.1,0.2,40.0,0.1,0.3,50.0,0.2,0.4,45.5,0.1,0.3,22.2
274,Kai Jones,CHA,22,0.9,1.2,75.0,0.1,0.6,26.7,0.0,0.0,0.0,0.1,0.2,33.3,0.0,0.1,0.0,0.0,0.2,25.0,0.1,0.3,28.6
275,Karl-Anthony Towns,MIN,27,2.9,3.9,75.3,1.7,3.4,49.3,0.9,1.6,55.9,0.1,0.5,18.2,0.0,0.1,33.3,0.1,0.7,21.4,1.7,4.9,34.0
276,Kawhi Leonard,LAC,31,2.0,3.0,66.3,2.1,3.7,55.5,2.4,5.2,47.0,0.4,0.6,61.1,0.2,0.4,41.7,0.5,0.9,53.3,1.1,3.3,32.4
277,Keegan Murray,SAC,22,1.3,2.1,59.6,0.4,1.0,38.0,0.2,0.7,35.3,0.4,0.9,41.7,0.3,0.7,36.1,0.6,1.6,39.3,1.8,4.4,41.7
278,Keita Bates-Diop,SAS,27,1.9,2.8,66.4,0.5,1.4,36.4,0.1,0.2,28.6,0.2,0.6,38.1,0.1,0.3,25.0,0.3,0.8,33.3,0.3,0.8,37.5
279,Keldon Johnson,SAS,23,3.7,5.8,63.0,1.5,3.9,37.8,0.4,1.0,37.3,0.4,1.0,36.7,0.2,0.7,34.4,0.6,1.7,35.8,1.6,5.1,32.1
280,Kelly Olynyk,UTA,31,1.6,2.4,66.7,0.7,1.7,42.7,0.2,0.4,44.4,0.2,0.4,47.1,0.1,0.4,33.3,0.3,0.8,40.0,1.1,2.7,39.5
281,Kelly Oubre Jr.,CHA,27,3.2,5.4,58.9,1.3,3.3,37.9,0.8,1.7,46.6,0.5,1.1,43.6,0.4,1.3,34.1,0.9,2.4,38.6,1.4,5.1,27.1
282,Kemba Walker,DAL,32,0.9,1.4,61.5,0.4,0.9,50.0,0.6,1.0,62.5,0.0,0.1,0.0,0.1,0.3,50.0,0.1,0.3,33.3,0.7,2.8,24.0
283,Kendall Brown,IND,19,0.5,0.5,100.0,0.0,0.3,0.0,0.2,0.2,100.0,0.0,0.0,0.0,0.0,0.5,0.0,0.0,0.3,0.0,0.0,0.0,0.0
284,Kendrick Nunn,WAS,27,1.0,1.5,65.2,0.4,1.2,34.0,0.4,0.8,44.7,0.2,0.6,35.0,0.1,0.4,35.7,0.3,0.9,35.3,0.8,2.6,31.3
285,Kennedy Chandler,MEM,20,0.6,1.2,53.8,0.3,1.0,31.8,0.1,0.2,75.0,0.0,0.1,0.0,0.0,0.0,0.0,0.0,0.1,0.0,0.1,0.6,15.4
286,Kenneth Lofton Jr.,MEM,20,1.0,1.1,87.5,0.0,0.2,0.0,0.0,1.0,0.0,0.0,0.0,0.0,0.0,0.0,0.0,0.0,0.0,0.0,0.0,0.5,0.0
287,Kenrich Williams,OKC,28,1.5,2.2,68.9,0.3,0.7,43.8,0.4,0.8,52.8,0.2,0.4,45.0,0.3,0.5,50.0,0.4,0.9,47.6,0.6,1.6,35.1
288,Kentavious Caldwell-Pope,DEN,29,1.0,1.7,62.5,0.4,0.8,44.2,0.7,1.8,38.8,0.4,1.0,41.8,0.4,0.8,43.2,0.8,1.9,42.4,1.2,2.4,48.0
289,Kenyon Martin Jr.,HOU,22,3.1,4.1,74.8,0.6,1.3,47.9,0.0,0.0,0.0,0.2,0.4,40.9,0.1,0.3,37.5,0.3,0.7,39.5,0.6,2.0,31.5
290,Keon Ellis,SAC,23,0.0,0.0,0.0,0.2,0.3,50.0,0.0,0.0,0.0,0.0,0.0,0.0,0.0,0.0,0.0,0.0,0.0,0.0,0.8,1.2,71.4
291,Keon Johnson,POR,20,0.7,1.1,63.0,0.1,0.7,13.3,0.1,0.7,18.8,0.2,0.3,60.0,0.2,1.1,17.6,0.3,1.1,27.3,0.5,1.3,41.9
292,Kessler Edwards,SAC,22,0.3,0.4,80.0,0.0,0.3,0.0,0.0,0.3,0.0,0.0,0.5,0.0,0.0,0.2,0.0,0.0,0.6,0.0,0.2,0.6,28.6
293,Kevin Durant,PHX,34,2.0,2.5,77.8,2.7,4.4,61.3,4.0,7.0,57.1,0.0,0.1,25.0,0.1,0.2,50.0,0.1,0.3,41.7,1.7,4.5,37.3
294,Kevin Huerter,SAC,24,1.3,1.7,71.9,1.0,1.7,59.3,0.5,1.1,43.1,0.2,0.7,32.4,0.2,0.4,40.0,0.4,1.1,35.1,2.3,5.7,40.1
295,Kevin Knox II,POR,23,0.7,0.9,78.4,0.2,0.4,44.4,0.1,0.2,55.6,0.2,0.6,36.4,0.3,0.8,33.3,0.5,1.3,34.6,0.6,1.5,38.1
296,Kevin Love,CLE,34,0.5,0.9,55.6,0.3,0.6,52.2,0.3,0.8,34.4,0.3,0.5,55.6,0.1,0.4,31.3,0.4,0.8,44.1,1.3,3.9,33.1
297,Kevin Porter Jr.,HOU,22,2.2,3.4,65.9,1.7,4.1,40.2,0.7,1.6,41.9,0.3,0.4,68.8,0.2,0.5,44.4,0.5,0.9,55.9,1.7,5.5,31.5
298,Kevon Harris,ORL,25,0.7,1.5,50.0,0.0,0.3,14.3,0.0,0.1,0.0,0.1,0.3,42.9,0.0,0.1,50.0,0.2,0.3,44.4,0.3,0.7,36.8
299,Kevon Looney,GSW,27,2.1,2.9,72.8,0.6,1.2,50.0,0.1,0.3,43.8,0.0,0.0,0.0,0.0,0.0,0.0,0.0,0.0,0.0,0.0,0.0,0.0
300,Khem Birch,SAS,30,0.6,0.8,80.0,0.3,0.6,50.0,0.0,0.2,0.0,0.1,0.1,50.0,0.0,0.0,0.0,0.1,0.1,50.0,0.0,0.0,0.0
301,Khris Middleton,MIL,31,1.4,1.9,73.3,0.7,1.6,44.0,1.3,2.9,42.6,0.1,0.4,33.3,0.1,0.3,50.0,0.3,0.6,40.0,1.2,4.3,27.5
302,Killian Hayes,DET,21,0.6,1.2,50.8,1.3,2.9,43.3,0.8,2.3,36.7,0.1,0.4,26.1,0.1,0.5,30.4,0.3,0.9,28.3,1.0,2.9,33.1
303,Kira Lewis Jr.,NOP,21,1.0,1.5,68.8,0.2,1.1,16.7,0.5,0.5,83.3,0.0,0.1,0.0,0.3,0.3,100,0.2,0.3,66.7,0.3,0.9,30.0
304,Klay Thompson,GSW,33,0.9,1.5,63.5,1.1,2.5,43.9,1.5,3.8,38.4,0.3,0.8,33.3,0.4,0.9,47.5,0.7,1.8,40.8,3.5,8.8,40.3
305,Kristaps Porzingis,WAS,27,2.4,3.3,72.2,1.9,3.9,48.3,1.1,2.7,41.3,0.1,0.1,100,0.1,0.2,27.3,0.2,0.3,46.7,1.9,5.2,36.5
306,Kyle Anderson,MIN,29,1.1,1.8,60.5,1.3,2.5,50.0,0.1,0.4,23.5,0.1,0.4,23.5,0.3,0.4,68.8,0.3,0.8,45.5,0.3,0.6,41.4
307,Kyle Kuzma,WAS,27,3.0,4.3,71.1,1.9,4.2,45.5,0.6,1.9,34.4,0.5,1.2,42.4,0.4,0.8,47.4,0.8,1.9,44.3,1.6,5.5,29.4
308,Kyle Lowry,MIA,36,0.9,1.7,56.2,0.6,1.2,50.0,0.3,0.8,39.4,0.3,0.7,40.6,0.2,0.4,47.1,0.5,1.1,42.9,1.5,5.0,31.1
309,Kyrie Irving,DAL,30,2.5,3.8,66.2,2.2,4.0,54.9,1.9,3.9,49.7,0.2,0.5,42.1,0.1,0.5,30.0,0.3,1.0,35.9,2.9,7.7,37.9
310,LaMelo Ball,CHA,21,2.3,4.2,54.1,1.2,3.4,34.3,0.8,1.9,42.9,0.4,1.0,44.8,0.2,0.6,27.8,0.6,1.6,38.3,3.2,9.0,36.0
311,Lamar Stevens,CLE,25,1.2,1.8,63.0,0.3,0.7,44.8,0.2,0.6,34.8,0.1,0.5,22.2,0.2,0.6,27.3,0.3,1.1,25.0,0.2,0.5,45.0
312,Landry Shamet,PHX,25,0.7,1.4,46.5,0.2,0.5,42.9,0.2,0.8,21.7,0.3,0.8,33.3,0.4,0.5,66.7,0.6,1.3,47.2,1.5,4.2,34.9
313,Larry Nance Jr.,NOP,30,2.3,3.1,74.3,0.7,1.2,54.5,0.1,0.4,31.6,0.1,0.1,50.0,0.1,0.3,46.2,0.2,0.4,47.4,0.1,0.3,20.0
314,Lauri Markkanen,UTA,25,3.2,4.5,70.3,1.6,3.3,47.9,0.5,1.0,50.0,0.6,1.0,63.3,0.3,0.7,44.7,0.9,1.7,55.2,2.1,5.6,38.4
315,LeBron James,LAL,38,6.5,8.6,75.8,1.3,3.2,41.8,1.5,4.0,38.4,0.0,0.2,11.1,0.1,0.4,35.3,0.2,0.6,26.9,2.0,6.4,31.4
316,Leandro Bolmaro,UTA,22,0.1,0.4,16.7,0.2,0.5,28.6,0.0,0.3,0.0,0.0,0.0,0.0,0.0,0.0,0.0,0.0,0.0,0.0,0.0,0.3,0.0
317,Lindy Waters III,OKC,25,0.1,0.2,50.0,0.1,0.1,100,0.1,0.1,100.0,0.3,0.4,62.5,0.1,0.3,20.0,0.3,0.7,46.2,1.0,2.6,36.5
318,Lonnie Walker IV,LAL,24,2.0,3.2,63.7,0.7,1.5,44.8,0.5,1.3,34.6,0.4,0.7,55.6,0.3,1.0,28.9,0.7,1.7,40.0,1.2,3.3,36.2
319,Luguentz Dort,OKC,23,2.3,4.6,49.8,0.5,1.6,32.4,0.1,0.3,37.5,0.4,0.6,56.7,0.2,0.6,32.1,0.6,1.2,44.8,1.3,4.1,32.8
320,Luka Doncic,DAL,23,3.6,4.9,72.9,3.3,5.9,56.5,1.6,3.7,42.6,0.1,0.2,37.5,0.1,0.2,42.9,0.1,0.3,40.0,2.6,7.4,35.6
321,Luka Garza,MIN,24,1.3,1.7,75.0,0.5,1.1,42.9,0.2,0.4,50.0,0.0,0.1,0.0,0.1,0.1,100,0.1,0.2,33.3,0.6,1.5,37.5
322,Luke Kennard,MEM,26,0.3,0.6,50.0,0.5,0.9,51.6,0.3,0.7,46.2,0.2,0.5,46.7,0.2,0.4,58.3,0.4,0.8,51.9,1.3,3.0,43.3
323,Luke Kornet,BOS,27,1.5,1.9,76.7,0.1,0.3,58.3,0.0,0.0,0.0,0.0,0.0,0.0,0.1,0.1,50.0,0.0,0.1,40.0,0.0,0.1,33.3
324,Malachi Flynn,TOR,24,0.4,0.8,50.0,0.2,0.6,33.3,0.2,0.8,20.7,0.1,0.2,40.0,0.2,0.4,57.1,0.3,0.5,52.6,0.7,2.2,32.9
325,Malaki Branham,SAS,19,0.8,1.2,63.3,0.7,1.4,50.8,0.7,1.4,50.9,0.2,0.5,47.1,0.1,0.4,33.3,0.3,0.8,40.6,0.7,2.6,25.9
326,Malcolm Brogdon,BOS,30,1.5,2.7,55.1,1.0,2.2,44.1,0.6,1.3,47.5,0.2,0.3,56.3,0.1,0.4,23.8,0.3,0.8,37.8,1.7,3.6,47.3
327,Malcolm Hill,CHI,27,0.0,0.0,0.0,-,-,-,0.0,0.0,0.0,-,-,-,0.0,0.0,0.0,0.0,0.0,0.0,0.0,0.0,0.0
328,Malik Beasley,LAL,26,0.4,0.7,66.7,0.7,1.7,44.0,0.6,1.3,46.6,0.2,0.6,34.3,0.4,1.1,35.0,0.6,1.7,34.7,2.4,6.8,36.0
329,Malik Monk,SAC,25,2.0,3.1,65.1,0.6,1.6,41.0,0.4,0.9,42.6,0.2,0.5,41.4,0.2,0.4,47.6,0.4,0.9,44.0,1.3,4.2,30.9
330,Mamadi Diakite,CLE,26,0.3,0.3,100.0,0.1,0.3,40.0,0.0,0.1,0.0,0.0,0.5,0.0,0.1,0.6,25.0,0.1,0.9,12.5,0.2,0.5,42.9
331,MarJon Beauchamp,MIL,22,0.8,1.4,59.2,0.1,0.3,36.4,0.2,0.5,35.3,0.2,0.8,25.0,0.4,1.0,38.5,0.5,1.6,32.0,0.6,1.8,32.8
332,Marcus Morris Sr.,LAC,33,0.5,0.9,60.5,1.0,2.2,46.8,1.2,2.6,45.3,0.2,0.8,26.8,0.1,0.3,50.0,0.3,1.1,32.1,1.6,4.1,39.9
333,Marcus Smart,BOS,28,1.1,1.8,63.9,0.9,2.0,44.0,0.2,0.3,57.1,0.2,0.6,32.0,0.2,0.5,40.0,0.4,1.1,35.6,1.4,4.2,33.1
334,Mark Williams,CHA,21,2.4,3.3,72.0,0.4,0.8,42.9,0.1,0.2,40.0,0.0,0.0,0.0,0.0,0.0,0.0,0.0,0.0,0.0,0.0,0.0,0.0
335,Markelle Fultz,ORL,24,2.3,3.7,62.6,1.4,2.8,49.5,1.1,2.6,42.9,0.1,0.3,36.4,0.1,0.1,60.0,0.2,0.5,43.8,0.2,0.8,21.4
336,Markieff Morris,DAL,33,0.1,0.3,57.1,0.1,0.4,20.0,0.3,0.6,43.8,0.1,0.3,42.9,0.3,0.6,41.7,0.3,0.7,42.1,0.4,1.1,40.0
337,Marko Simonovic,CHI,23,0.0,0.0,0.0,0.0,0.0,0.0,0.0,0.0,0.0,-,-,-,0.0,0.0,0.0,0.0,0.0,0.0,0.0,0.5,0.0
338,Marvin Bagley III,DET,23,2.4,3.2,75.0,1.1,2.6,43.8,0.4,1.0,45.8,0.0,0.2,0.0,0.0,0.1,50.0,0.0,0.3,14.3,0.3,1.0,30.8
339,Mason Plumlee,LAC,32,4.1,5.6,72.9,0.5,1.2,41.5,0.2,0.3,52.9,0.0,0.0,0.0,0.0,0.0,0.0,0.0,0.0,0.0,0.0,0.0,0.0
340,Matisse Thybulle,POR,25,0.5,0.8,57.5,0.1,0.3,46.2,0.0,0.0,0.0,0.2,0.6,38.9,0.1,0.5,23.5,0.3,0.9,31.4,0.2,0.6,37.0
341,Matt Ryan,MIN,25,0.1,0.2,80.0,0.0,0.2,20.0,0.1,0.5,21.4,0.4,0.7,61.1,0.2,0.6,41.7,0.6,1.1,53.3,0.5,1.7,30.2
342,Matthew Dellavedova,SAC,32,0.1,0.1,66.7,0.1,0.6,25.0,0.1,0.1,50.0,0.0,0.0,0.0,0.1,0.2,50.0,0.1,0.1,50.0,0.2,0.6,38.5
343,Max Christie,LAL,20,0.3,0.6,42.1,0.1,0.3,36.4,0.1,0.3,45.5,0.2,0.4,45.5,0.3,0.7,38.9,0.4,1.0,41.4,0.4,1.0,43.8
344,Max Strus,MIA,26,1.3,2.0,62.0,0.4,0.9,46.9,0.1,0.3,25.0,0.5,1.0,45.5,0.4,0.9,44.7,0.9,1.9,45.1,1.7,5.5,30.6
345,Maxi Kleber,DAL,31,1.1,1.5,78.1,0.0,0.2,25.0,0.0,0.1,33.3,0.2,0.6,28.6,0.1,0.4,22.2,0.3,1.0,26.1,0.8,1.9,42.9
346,McKinley Wright IV,DAL,24,0.6,0.8,69.2,0.3,1.0,33.3,0.1,0.3,50.0,0.1,0.1,50.0,0.0,0.1,0.0,0.1,0.2,33.3,0.0,0.4,0.0
347,Mfiondu Kabengele,BOS,25,0.5,0.5,100.0,0.0,0.0,0.0,0.0,0.0,0.0,-,-,-,0.0,0.0,0.0,0.0,0.0,0.0,0.0,0.5,0.0
348,Micah Potter,UTA,24,0.7,0.7,100.0,0.0,0.0,0.0,0.0,0.0,0.0,0.0,0.0,0.0,0.0,0.0,0.0,0.0,0.0,0.0,0.0,0.0,0.0
349,Michael Foster Jr.,PHI,20,0.0,0.0,0.0,-,-,-,0.0,0.0,0.0,-,-,-,-,-,-,-,-,-,-,-,-
350,Michael Porter Jr.,DEN,24,1.9,2.6,73.5,0.5,1.2,44.4,0.9,2.1,42.0,0.5,0.8,54.5,0.4,0.6,66.7,0.8,1.4,59.3,2.0,5.6,36.2
351,Mikal Bridges,BKN,26,2.0,3.0,68.1,1.4,3.4,40.0,1.1,2.6,43.5,0.6,1.2,54.5,0.4,1.1,37.3,1.0,2.2,46.4,0.8,2.4,31.9
352,Mike Conley,MIN,35,0.6,1.1,54.2,1.0,2.1,47.8,0.2,0.6,29.2,0.1,0.1,50.0,0.4,0.6,64.0,0.4,0.7,61.3,1.3,4.2,32.2
353,Mike Muscala,BOS,31,0.4,0.5,69.6,0.2,0.5,40.0,0.2,0.4,50.0,0.2,0.4,50.0,0.1,0.3,20.0,0.2,0.6,38.5,1.1,2.7,39.7
354,Miles McBride,NYK,22,0.3,0.6,46.2,0.2,0.3,50.0,0.1,0.5,31.6,0.3,0.7,47.8,0.1,0.4,31.3,0.4,0.9,41.0,0.3,1.5,21.9
355,Mitchell Robinson,NYK,24,3.0,4.4,68.3,0.1,0.2,57.1,0.0,0.0,0.0,0.0,0.0,0.0,0.0,0.0,0.0,0.0,0.0,0.0,0.0,0.0,0.0
356,Mo Bamba,LAL,24,1.4,2.0,67.9,0.2,0.4,42.9,0.1,0.4,28.6,0.0,0.1,0.0,0.1,0.3,45.5,0.1,0.4,35.7,1.0,2.4,40.4
357,Monte Morris,WAS,27,0.9,1.3,69.4,0.9,1.8,50.6,0.8,1.8,43.9,0.2,0.5,45.8,0.1,0.3,46.2,0.4,0.8,45.9,1.0,2.6,37.5
358,Montrezl Harrell,PHI,29,1.8,2.8,65.0,0.4,0.8,52.5,0.0,0.1,0.0,0.0,0.0,0.0,0.0,0.0,0.0,0.0,0.0,0.0,0.0,0.0,0.0
359,Moritz Wagner,ORL,25,2.4,3.5,69.7,0.2,0.8,29.6,0.1,0.1,75.0,0.1,0.3,22.2,0.1,0.3,20.0,0.1,0.5,21.1,0.9,2.7,34.4
360,Moses Brown,LAC,23,1.7,2.5,66.3,0.2,0.4,50.0,0.0,0.0,0.0,0.0,0.0,0.0,0.0,0.0,0.0,0.0,0.0,0.0,0.0,0.0,0.0
361,Moses Moody,GSW,20,0.6,0.9,63.2,0.1,0.3,54.5,0.2,0.3,54.5,0.2,0.7,32.1,0.1,0.3,45.5,0.3,1.0,35.9,0.5,1.5,35.5
362,Moussa Diabate,LAC,21,1.0,1.9,53.6,0.3,0.5,50.0,0.0,0.1,0.0,0.0,0.0,0.0,0.1,0.3,50.0,0.1,0.2,50.0,0.0,0.0,0.0
363,Myles Turner,IND,26,3.3,4.6,71.1,1.2,2.4,51.4,0.2,0.6,31.0,0.0,0.1,28.6,0.2,0.3,56.3,0.2,0.5,47.8,1.4,3.6,38.7
364,Naji Marshall,NOP,25,1.4,2.2,62.3,0.9,2.3,38.5,0.2,0.4,45.5,0.2,0.6,36.7,0.2,0.5,39.3,0.4,1.1,37.9,0.6,2.0,30.1
365,Nassir Little,POR,23,0.8,1.2,66.7,0.1,0.5,18.8,0.3,0.5,61.1,0.1,0.3,37.5,0.1,0.3,50.0,0.2,0.5,43.8,0.8,1.9,40.0
366,Nathan Knight,MIN,25,1.0,1.3,73.2,0.1,0.4,33.3,0.0,0.0,0.0,0.1,0.3,40.0,0.0,0.1,0.0,0.1,0.3,33.3,0.2,0.5,40.0
367,Naz Reid,MIN,23,2.6,3.2,79.0,0.6,1.5,38.4,0.0,0.1,40.0,0.0,0.3,7.1,0.1,0.3,28.6,0.1,0.6,17.9,0.9,2.3,36.8
368,Neemias Queta,SAC,23,1.5,2.0,75.0,0.0,0.0,0.0,0.0,0.0,0.0,0.0,0.0,0.0,0.0,0.0,0.0,0.0,0.0,0.0,0.0,0.0,0.0
369,Nerlens Noel,DET,28,0.4,0.7,55.6,0.1,0.8,18.2,0.3,0.6,50.0,0.0,0.0,0.0,0.0,0.0,0.0,0.0,0.0,0.0,0.1,0.1,50.0
370,Nic Claxton,BKN,23,4.9,6.0,81.1,0.8,1.7,48.8,0.0,0.1,25.0,0.0,0.0,0.0,0.0,0.0,0.0,0.0,0.0,0.0,0.0,0.0,0.0
371,Nick Richards,CHA,25,2.8,4.1,68.9,0.2,0.8,28.1,0.0,0.1,66.7,0.0,0.0,0.0,0.0,0.0,0.0,0.0,0.0,0.0,0.0,0.0,0.0
372,Nickeil Alexander-Walker,MIN,24,0.7,1.0,68.6,0.4,0.9,43.8,0.3,0.5,58.8,0.2,0.5,38.5,0.1,0.3,40.0,0.3,0.7,39.1,0.7,1.8,41.9
373,Nicolas Batum,LAC,34,0.4,0.7,60.5,0.0,0.1,40.0,0.1,0.2,30.0,0.3,0.8,36.6,0.4,0.8,46.3,0.6,1.5,41.5,0.9,2.4,37.3
374,Nikola Jokic,DEN,27,4.6,6.1,75.0,3.2,5.1,62.3,0.7,1.4,53.8,0.0,0.0,0.0,0.0,0.1,25.0,0.0,0.1,20.0,0.9,2.2,40.4
375,Nikola Jovic,MIA,19,1.0,1.3,77.8,0.2,0.7,33.3,0.2,0.5,42.9,0.1,0.4,20.0,0.2,0.6,28.6,0.3,1.0,25.0,0.4,1.8,21.7
376,Nikola Vucevic,CHI,32,2.5,3.6,70.0,2.1,3.4,59.8,1.1,2.3,45.7,0.2,0.4,41.7,0.1,0.2,58.3,0.3,0.7,47.2,1.4,4.0,33.8
377,Noah Vonleh,BOS,27,0.3,0.6,57.1,0.0,0.2,25.0,0.0,0.1,50.0,0.0,0.1,0.0,0.1,0.2,50.0,0.1,0.2,33.3,0.0,0.0,0.0
378,Norman Powell,LAC,29,2.3,3.7,61.6,0.9,1.9,46.2,0.5,1.3,38.3,0.6,1.2,49.1,0.2,0.5,45.5,0.8,1.6,48.1,1.2,3.1,39.3
379,O.G. Anunoby,TOR,25,3.1,4.9,63.1,0.8,2.4,35.8,0.4,1.2,32.7,0.6,1.3,46.6,0.5,1.1,42.0,1.1,2.4,44.4,0.8,2.8,30.4
380,Obi Toppin,NYK,24,1.0,1.7,59.7,0.1,0.5,21.1,0.1,0.2,30.0,0.4,0.8,44.1,0.3,0.8,33.3,0.6,1.5,39.1,0.6,1.8,33.8
381,Ochai Agbaji,UTA,22,0.6,1.0,64.5,0.2,0.3,54.5,0.0,0.1,50.0,0.2,0.4,45.5,0.5,1.0,51.9,0.6,1.3,50.0,0.1,0.8,16.7
382,Onyeka Okongwu,ATL,22,2.9,4.0,72.9,0.5,1.1,47.5,0.5,0.9,51.0,0.0,0.0,0.0,0.0,0.1,33.3,0.0,0.1,25.0,0.0,0.0,0.0
383,Orlando Robinson,MIA,22,1.3,1.8,71.1,0.4,1.1,35.7,0.0,0.1,0.0,0.0,0.0,0.0,0.0,0.0,0.0,0.0,0.1,0.0,0.0,0.1,0.0
384,Oshae Brissett,IND,24,0.8,1.6,50.6,0.1,0.4,33.3,0.0,0.1,0.0,0.1,0.4,21.1,0.1,0.2,37.5,0.1,0.6,25.9,0.6,1.9,34.8
385,Otto Porter Jr.,TOR,29,0.6,0.6,100.0,0.3,0.4,66.7,0.3,0.6,40.0,0.1,0.3,50.0,0.1,0.4,33.3,0.3,0.6,40.0,0.5,1.5,33.3
386,Ousmane Dieng,OKC,19,0.9,1.2,77.3,0.1,0.5,20.0,0.0,0.1,0.0,0.3,0.8,36.4,0.0,0.3,0.0,0.2,0.9,25.0,0.5,1.5,32.1
387,P.J. Tucker,PHI,37,0.2,0.6,38.7,0.3,0.5,50.0,0.1,0.1,60.0,0.3,0.9,34.0,0.4,0.7,47.4,0.7,1.6,40.0,0.0,0.1,25.0
388,P.J. Washington,CHA,24,2.0,2.9,68.9,1.2,3.0,40.6,0.4,1.2,31.3,0.3,0.8,30.4,0.3,0.6,46.7,0.5,1.4,36.8,1.5,4.4,33.1
389,PJ Dozier,SAC,26,0.3,0.3,100.0,0.0,0.0,0.0,0.0,0.0,0.0,0.0,0.0,0.0,0.0,0.5,0.0,0.0,0.3,0.0,0.3,0.3,100
390,Paolo Banchero,ORL,20,3.0,4.6,65.2,1.1,3.4,32.0,1.2,3.3,36.3,0.1,0.2,36.4,0.0,0.2,16.7,0.1,0.5,26.1,1.1,3.8,29.9
391,Pascal Siakam,TOR,28,3.2,4.5,71.3,2.9,6.4,45.4,1.5,3.8,38.4,0.2,0.3,53.3,0.1,0.5,24.0,0.3,0.9,35.0,1.0,3.1,32.9
392,Pat Connaughton,MIL,30,0.9,1.4,60.7,0.1,0.3,15.4,0.0,0.1,33.3,0.2,0.8,30.0,0.6,1.3,41.2,0.8,2.1,37.0,1.3,3.9,34.4
393,Patrick Baldwin Jr.,GSW,20,0.4,0.4,100.0,0.0,0.5,0.0,0.0,0.1,0.0,0.2,0.6,28.6,0.3,0.6,50.0,0.5,1.2,38.5,1.2,2.6,47.2
394,Patrick Beverley,ORL,34,0.4,0.8,58.8,0.4,0.9,42.9,0.1,0.2,57.1,0.2,0.7,33.3,0.3,0.6,44.4,0.5,1.3,38.6,0.7,2.2,32.7
395,Patrick Williams,CHI,21,1.4,2.3,63.7,0.3,0.9,28.8,0.7,1.6,41.9,0.4,0.8,48.8,0.3,0.8,41.5,0.7,1.5,45.2,0.7,1.9,36.4
396,Patty Mills,BKN,34,0.3,0.5,68.8,0.1,0.2,57.1,0.5,1.1,40.0,0.2,0.6,36.8,0.2,0.5,50.0,0.4,1.0,42.4,0.8,2.3,35.4
397,Paul George,LAC,32,2.3,3.4,68.1,1.0,2.3,44.2,1.8,4.2,43.4,0.1,0.4,35.3,0.4,0.5,68.2,0.5,1.0,53.8,2.5,6.6,37.1
398,Paul Reed,PHI,23,1.3,1.8,70.4,0.1,0.4,25.0,0.0,0.1,0.0,0.0,0.0,0.0,0.0,0.0,0.0,0.0,0.0,0.0,0.0,0.1,0.0
399,Payton Pritchard,BOS,25,0.7,1.0,67.6,0.1,0.4,26.7,0.1,0.4,35.7,0.1,0.4,30.0,0.2,0.6,26.7,0.2,0.7,28.0,0.7,2.0,35.4
400,Peyton Watson,DEN,20,0.3,0.6,60.0,0.4,0.6,60.0,0.1,0.5,25.0,0.0,0.0,0.0,0.0,0.0,0.0,0.0,0.0,0.0,0.1,0.2,50.0
401,Precious Achiuwa,TOR,23,2.7,3.7,73.7,0.6,1.9,31.1,0.1,0.4,23.1,0.2,0.5,29.4,0.1,0.4,28.6,0.3,1.0,29.0,0.2,1.1,20.0
402,Quentin Grimes,NYK,22,1.7,2.4,72.9,0.1,0.3,25.0,0.1,0.3,38.5,0.6,1.2,50.0,0.1,0.6,19.2,0.7,1.8,40.2,1.1,3.5,31.9
403,R.J. Hampton,ORL,22,0.6,0.9,68.2,0.6,1.1,51.9,0.1,0.5,25.0,0.1,0.3,42.9,0.2,0.4,50.0,0.3,0.6,46.7,0.4,1.5,28.9
404,RJ Barrett,NYK,22,3.4,5.9,58.7,1.6,4.2,37.6,0.3,1.0,27.1,0.1,0.6,25.0,0.4,1.1,36.8,0.6,1.7,32.9,1.3,3.8,33.5
405,Raul Neto,CLE,30,0.6,0.8,72.4,0.3,0.4,69.2,0.1,0.1,40.0,0.1,0.2,50.0,0.1,0.2,60.0,0.2,0.3,55.6,0.2,0.7,24.0
406,Reggie Bullock,DAL,31,0.4,0.6,66.7,0.1,0.2,44.4,0.0,0.2,11.1,0.4,1.1,37.7,0.6,1.1,49.2,1.0,2.3,43.4,0.8,2.6,31.4
407,Reggie Jackson,CHA,32,1.1,2.0,55.8,1.0,2.3,45.4,0.5,1.3,36.2,0.2,0.5,34.8,0.3,0.6,46.7,0.4,1.0,41.5,1.1,3.2,32.9
408,Richaun Holmes,SAC,29,0.9,1.3,74.4,0.5,0.8,62.5,0.0,0.1,0.0,0.0,0.0,100,0.0,0.1,0.0,0.0,0.1,50.0,0.1,0.1,100
409,Ricky Rubio,CLE,32,0.3,0.8,33.3,0.2,0.7,25.0,0.6,1.1,53.8,0.3,0.6,42.9,0.4,0.6,71.4,0.7,1.2,57.1,0.4,2.1,20.0
410,Robert Covington,LAC,32,0.8,1.3,65.9,0.1,0.5,22.2,0.0,0.1,33.3,0.1,0.3,25.0,0.1,0.1,50.0,0.1,0.4,33.3,0.8,2.5,33.0
411,Robert Williams III,BOS,25,3.5,4.0,87.5,0.4,0.9,44.4,0.0,0.2,0.0,0.0,0.0,0.0,0.0,0.0,0.0,0.0,0.0,0.0,0.0,0.0,0.0
412,Robin Lopez,CLE,34,0.6,0.7,84.2,0.6,1.1,53.1,0.0,0.0,100.0,0.0,0.0,0.0,0.1,0.1,100,0.1,0.1,100,0.0,0.1,50.0
413,Rodney McGruder,DET,31,0.3,0.3,100.0,0.1,0.4,14.3,0.0,0.2,0.0,0.4,0.8,45.5,0.1,0.4,33.3,0.4,0.9,41.2,0.4,1.2,34.8
414,Romeo Langford,SAS,23,1.5,2.2,70.0,0.9,2.2,39.7,0.3,0.6,55.0,0.2,0.5,41.7,0.1,0.5,26.7,0.3,0.9,33.3,0.1,0.6,21.1
415,Ron Harper Jr.,TOR,22,0.5,0.5,100.0,0.0,0.5,0.0,0.0,0.0,0.0,0.5,0.5,100,0.0,0.0,0.0,0.3,0.3,100,0.3,0.7,50.0
416,Royce O'Neale,BKN,29,0.7,1.4,47.3,0.3,1.0,30.8,0.0,0.1,16.7,0.2,0.6,36.7,0.2,0.4,36.4,0.4,1.0,36.5,1.9,4.6,40.8
417,Rudy Gay,UTA,36,0.4,0.7,64.3,0.4,0.8,51.5,0.3,1.0,34.1,0.1,0.4,35.7,0.1,0.6,22.7,0.2,0.9,27.8,0.3,1.4,19.6
418,Rudy Gobert,MIN,30,4.8,6.4,74.2,0.2,0.8,28.9,0.0,0.1,16.7,0.0,0.0,0.0,0.0,0.0,0.0,0.0,0.0,0.0,0.0,0.0,0.0
419,Rui Hachimura,LAL,25,2.2,3.1,69.5,0.6,1.9,30.6,1.4,2.6,53.1,0.3,0.7,48.0,0.1,0.3,27.3,0.4,0.9,41.7,0.6,1.9,29.2
420,Russell Westbrook,UTA,34,3.3,5.7,57.7,0.7,2.2,31.9,0.6,2.0,31.4,0.1,0.5,22.2,0.1,0.3,33.3,0.2,0.8,26.2,1.0,3.3,30.6
421,Ryan Arcidiacono,POR,28,0.0,0.1,0.0,0.0,0.1,0.0,0.0,0.0,0.0,0.0,0.3,0.0,0.0,0.0,0.0,0.0,0.1,0.0,0.1,0.2,50.0
422,Ryan Rollins,GSW,20,0.3,0.9,37.5,0.1,0.3,33.3,0.0,0.0,0.0,0.0,0.4,0.0,0.1,0.3,50.0,0.1,0.5,20.0,0.2,0.4,50.0
423,Saben Lee,PHX,23,1.2,2.4,51.2,0.1,0.5,12.5,0.1,0.3,40.0,0.1,0.3,50.0,0.1,0.1,100,0.2,0.3,60.0,0.2,0.6,36.4
424,Saddiq Bey,ATL,23,1.9,3.2,58.3,0.5,1.6,34.6,0.3,1.2,28.1,0.4,1.1,35.6,0.3,0.5,59.3,0.7,1.7,43.0,1.2,3.9,31.7
425,Sam Hauser,BOS,25,0.4,0.5,79.2,0.1,0.2,44.4,0.0,0.1,33.3,0.4,0.8,47.4,0.2,0.6,33.3,0.5,1.3,41.5,1.1,2.6,40.9
426,Sandro Mamukelashvili,MIL,23,0.4,0.8,50.0,0.1,0.2,50.0,0.0,0.1,0.0,0.2,0.3,66.7,0.0,0.3,0.0,0.1,0.4,33.3,0.2,1.0,23.8
427,Santi Aldama,MEM,22,1.4,2.0,69.9,0.5,1.0,49.0,0.1,0.3,35.3,0.3,0.7,47.1,0.3,0.8,36.1,0.6,1.4,41.4,0.8,2.3,33.9
428,Scottie Barnes,TOR,21,3.0,4.8,63.1,1.7,3.8,43.8,0.5,1.6,29.4,0.2,0.4,45.5,0.2,0.6,24.2,0.3,1.0,32.7,0.6,2.0,29.5
429,Scotty Pippen Jr.,LAL,22,0.4,0.8,50.0,0.2,0.3,50.0,0.0,0.5,0.0,0.0,0.2,0.0,0.0,0.0,0.0,0.0,0.2,0.0,0.2,0.3,50.0
430,Serge Ibaka,IND,33,0.9,1.2,78.9,0.2,0.7,27.3,0.1,0.4,33.3,0.0,0.1,0.0,0.1,0.1,100,0.1,0.2,50.0,0.3,1.0,31.3
431,Seth Curry,BKN,32,0.4,0.7,55.6,0.3,0.6,47.8,1.4,2.7,50.0,0.2,0.6,30.4,0.3,0.6,56.5,0.5,1.2,43.5,1.4,3.3,42.2
432,Shaedon Sharpe,POR,19,1.4,2.2,65.3,0.3,0.7,42.9,0.4,1.0,46.2,0.2,0.6,38.7,0.2,0.5,42.9,0.4,1.1,40.7,0.5,1.6,28.7
433,Shai Gilgeous-Alexander,OKC,24,4.4,7.0,62.9,3.2,6.9,46.5,1.7,3.7,45.7,0.1,0.2,33.3,0.0,0.1,14.3,0.1,0.3,25.0,0.9,2.3,37.1
434,Shake Milton,PHI,26,1.8,2.8,64.5,0.8,1.9,40.4,0.3,0.6,48.4,0.1,0.4,38.9,0.0,0.2,9.1,0.2,0.6,27.6,0.6,1.5,42.5
435,Simone Fontecchio,UTA,27,0.3,0.5,50.0,0.2,0.3,50.0,0.0,0.2,25.0,0.2,0.4,37.5,0.4,0.7,58.3,0.5,1.0,50.0,0.5,1.7,27.3
436,Spencer Dinwiddie,BKN,29,1.8,3.0,61.3,1.0,2.5,39.6,0.6,1.3,47.1,0.4,0.6,71.9,0.4,0.8,45.5,0.8,1.4,56.6,1.8,5.0,35.9
437,Stanley Johnson,SAS,26,0.9,1.2,72.7,0.5,1.0,48.1,0.1,0.4,40.0,0.2,0.3,50.0,0.2,0.2,80.0,0.3,0.5,61.5,0.3,0.8,39.1
438,Stephen Curry,GSW,34,2.0,2.6,75.8,1.8,3.3,54.8,1.2,2.5,45.8,0.4,0.7,56.0,0.3,0.4,64.7,0.7,1.1,59.5,4.2,10.1,41.6
439,Sterling Brown,LAL,28,0.0,0.5,0.0,0.0,0.0,0.0,0.0,0.0,0.0,0.0,0.3,0.0,0.0,0.0,0.0,0.0,0.3,0.0,0.0,0.3,0.0
440,Steven Adams,MEM,29,3.0,4.8,63.1,0.7,1.4,50.9,0.0,0.0,0.0,0.0,0.0,0.0,0.0,0.0,0.0,0.0,0.0,0.0,0.0,0.0,0.0
441,Svi Mykhailiuk,CHA,25,0.0,0.0,0.0,0.0,0.2,0.0,0.0,0.0,0.0,0.2,0.4,50.0,0.2,0.2,100,0.2,0.3,66.7,0.3,0.5,57.1
442,T.J. McConnell,IND,30,1.8,2.8,63.5,0.9,1.9,47.0,0.4,1.0,40.0,0.0,0.1,50.0,0.1,0.1,80.0,0.1,0.2,66.7,0.2,0.5,37.0
443,T.J. Warren,PHX,29,1.1,1.4,78.4,1.2,2.4,47.6,1.0,2.0,51.9,0.2,0.4,44.4,0.0,0.3,0.0,0.2,0.7,23.5,0.5,1.2,38.7
444,Taj Gibson,WAS,37,0.9,1.2,73.8,0.3,0.6,42.9,0.2,0.4,50.0,0.0,0.1,50.0,0.0,0.1,0.0,0.0,0.1,25.0,0.1,0.3,18.2
445,Talen Horton-Tucker,UTA,22,1.3,2.3,57.7,0.6,1.3,44.4,0.1,0.4,27.8,0.2,0.3,45.5,0.0,0.2,0.0,0.1,0.5,26.3,0.5,2.1,25.3
446,Tari Eason,HOU,21,2.2,3.8,56.4,0.5,1.6,30.0,0.0,0.2,18.2,0.1,0.2,30.8,0.1,0.3,38.9,0.2,0.6,35.5,0.5,1.4,34.7
447,Taurean Prince,MIN,28,1.1,1.6,67.3,0.4,0.9,50.0,0.3,0.5,50.0,0.5,0.9,51.6,0.3,0.7,45.8,0.8,1.7,49.1,0.6,1.8,31.7
448,Terance Mann,LAC,26,1.7,2.6,67.3,0.4,1.1,38.1,0.3,0.5,55.6,0.2,0.6,28.1,0.3,0.7,38.5,0.4,1.3,33.8,0.5,1.2,42.4
449,Terence Davis,SAC,25,0.8,1.2,66.7,0.2,0.4,38.9,0.1,0.2,33.3,0.2,0.6,34.8,0.1,0.4,14.3,0.3,0.9,27.0,1.0,2.7,37.5
450,Terrence Ross,ORL,32,0.3,0.4,61.1,0.5,1.0,47.7,0.9,1.8,47.4,0.3,0.6,44.0,0.2,0.3,46.2,0.4,0.9,44.7,1.0,2.9,35.8
451,Terry Rozier,CHA,28,3.0,5.1,57.9,1.4,3.6,39.8,1.0,2.5,38.5,0.5,1.7,30.0,0.3,0.8,35.9,0.8,2.6,31.9,1.9,5.6,34.0
452,Terry Taylor,IND,23,1.0,1.4,66.7,0.2,0.6,30.8,0.0,0.0,0.0,0.1,0.3,20.0,0.1,0.2,33.3,0.1,0.4,25.0,0.1,0.4,20.0
453,Thaddeus Young,TOR,34,1.3,1.7,75.3,0.8,1.4,52.4,0.1,0.2,50.0,0.0,0.3,7.1,0.1,0.1,50.0,0.1,0.5,20.0,0.0,0.2,11.1
454,Thanasis Antetokounmpo,MIL,30,0.2,0.6,36.4,0.0,0.1,0.0,0.0,0.1,0.0,0.0,0.1,0.0,0.0,0.2,0.0,0.0,0.2,0.0,0.0,0.1,0.0
455,Theo Maledon,CHA,21,0.6,1.0,60.0,0.5,1.4,38.8,0.1,0.3,40.0,0.0,0.1,0.0,0.0,0.1,0.0,0.0,0.1,0.0,0.6,1.6,36.8
456,Theo Pinson,DAL,27,0.1,0.2,40.0,0.0,0.2,16.7,0.0,0.0,100.0,0.1,0.3,33.3,0.0,0.1,0.0,0.1,0.3,20.0,0.4,0.9,47.8
457,Thomas Bryant,DEN,25,3.0,3.8,79.6,0.9,1.5,56.5,0.4,0.8,46.9,0.1,0.1,40.0,0.1,0.2,50.0,0.1,0.3,46.2,0.4,0.9,44.4
458,Tim Hardaway Jr.,DAL,30,0.8,1.7,50.0,0.4,1.3,33.3,0.6,1.5,40.3,0.5,1.2,40.0,0.3,1.2,28.3,0.8,2.3,34.2,2.0,5.5,36.1
459,Tobias Harris,PHI,30,2.8,4.1,68.6,1.2,2.8,44.2,0.5,1.0,49.0,0.3,0.9,28.3,0.6,1.2,48.3,0.8,2.1,39.6,0.9,2.6,35.1
460,Tony Bradley,CHI,25,0.2,0.3,66.7,0.0,0.0,0.0,0.0,0.2,0.0,0.0,0.3,0.0,0.1,0.3,50.0,0.1,0.3,33.3,0.1,0.1,100
461,Torrey Craig,PHX,32,1.4,2.1,64.3,0.3,0.9,32.0,0.1,0.3,18.8,0.4,0.8,48.8,0.3,0.7,42.1,0.7,1.5,45.7,0.6,1.8,34.7
462,Trae Young,ATL,24,2.2,3.8,57.0,2.7,5.9,46.2,1.5,3.5,42.1,0.0,0.1,16.7,0.1,0.3,38.5,0.1,0.4,31.6,2.1,6.3,32.9
463,Tre Jones,SAS,23,2.4,4.0,60.0,1.4,3.5,38.3,0.5,1.3,41.5,0.1,0.4,26.3,0.1,0.5,29.2,0.2,0.8,27.9,0.5,1.7,26.1
464,Tre Mann,OKC,22,0.9,1.4,64.2,0.6,1.6,36.8,0.4,0.8,48.8,0.2,0.3,50.0,0.1,0.2,33.3,0.2,0.5,44.0,1.1,3.7,28.9
465,Trendon Watford,POR,22,1.0,1.6,61.9,0.7,1.2,59.1,0.0,0.1,33.3,0.0,0.1,50.0,0.0,0.1,33.3,0.1,0.1,40.0,0.3,0.7,46.2
466,Trent Forrest,ATL,24,0.4,0.9,43.8,0.9,1.8,53.3,0.1,0.1,50.0,0.0,0.0,0.0,0.0,0.1,0.0,0.0,0.1,0.0,0.0,0.1,0.0
467,Trevelin Queen,IND,25,0.7,1.3,55.6,0.0,0.6,0.0,0.0,0.2,0.0,0.2,0.4,50.0,0.0,0.0,0.0,0.2,0.3,50.0,0.1,1.9,7.7
468,Trevor Hudgins,HOU,23,0.0,0.0,0.0,0.0,0.0,0.0,0.0,0.0,0.0,0.0,0.0,0.0,0.0,0.0,0.0,0.0,0.0,0.0,0.5,0.5,100
469,Trevor Keels,NYK,19,0.0,0.0,0.0,-,-,-,0.0,0.0,0.0,-,-,-,-,-,-,-,-,-,0.0,1.0,0.0
470,Trey Lyles,SAC,27,1.2,1.7,69.1,0.2,0.4,38.1,0.0,0.1,33.3,0.4,0.7,53.1,0.2,0.5,38.1,0.5,1.1,47.2,0.6,1.9,30.1
471,Trey Murphy III,NOP,22,1.8,2.3,76.6,0.4,0.9,41.3,0.1,0.5,25.0,0.2,0.5,40.7,0.4,0.9,46.0,0.6,1.5,44.2,1.6,4.1,39.4
472,Troy Brown Jr.,LAL,23,1.0,1.5,66.2,0.2,0.6,32.3,0.2,0.5,40.0,0.3,0.9,35.6,0.3,0.7,39.4,0.6,1.6,37.2,0.7,1.9,35.1
473,Ty Jerome,GSW,25,0.5,0.8,66.7,0.9,1.8,52.5,0.3,0.6,47.6,0.1,0.2,60.0,0.2,0.4,50.0,0.3,0.5,52.9,0.6,1.6,36.5
474,TyTy Washington Jr.,HOU,21,0.1,0.2,66.7,1.0,1.6,62.5,0.2,0.6,33.3,0.1,0.3,20.0,0.1,0.3,20.0,0.1,0.5,20.0,0.3,1.6,16.1
475,Tyler Dorsey,DAL,26,0.0,0.0,0.0,0.0,0.0,0.0,1.5,1.5,100.0,0.0,0.0,0.0,1.0,1.0,100,1.0,1.0,100,0.0,0.5,0.0
476,Tyler Herro,MIA,23,1.5,2.3,65.3,1.9,3.6,51.6,1.0,3.0,34.1,0.3,0.7,41.9,0.2,0.5,38.1,0.5,1.2,40.4,2.5,6.8,36.5
477,Tyrese Haliburton,IND,22,2.5,3.8,65.5,1.1,2.5,45.0,0.7,1.4,48.3,0.1,0.3,33.3,0.2,0.5,50.0,0.3,0.7,43.8,2.5,6.5,39.2
478,Tyrese Martin,ATL,23,0.3,0.5,60.0,0.0,0.1,0.0,0.3,0.6,40.0,0.0,0.3,0.0,0.0,0.0,0.0,0.0,0.2,0.0,0.1,0.3,33.3
479,Tyrese Maxey,PHI,22,2.7,4.7,57.7,1.2,3.0,38.7,0.9,2.1,42.7,0.3,0.6,45.0,0.4,0.9,48.3,0.7,1.4,46.9,1.7,4.6,37.3
480,Tyus Jones,MEM,26,0.5,0.9,57.1,1.3,2.8,47.7,0.4,1.1,39.3,0.4,0.7,61.1,0.1,0.3,41.7,0.5,0.9,56.3,1.0,3.1,32.5
481,Udoka Azubuike,UTA,23,0.8,0.8,93.8,0.1,0.2,33.3,0.0,0.0,0.0,0.0,0.0,0.0,0.0,0.0,0.0,0.0,0.0,0.0,0.0,0.0,0.0
482,Udonis Haslem,MIA,42,0.0,0.7,0.0,0.0,0.0,0.0,0.2,1.0,16.7,0.0,0.2,0.0,0.0,0.0,0.0,0.0,0.2,0.0,0.0,0.2,0.0
483,Usman Garuba,HOU,20,0.9,1.4,65.7,0.1,0.4,15.8,0.0,0.0,0.0,0.0,0.1,33.3,0.1,0.1,66.7,0.1,0.3,50.0,0.2,0.4,44.4
484,Vernon Carey Jr.,WAS,21,0.1,0.3,50.0,0.0,0.1,0.0,0.0,0.5,0.0,0.0,0.0,0.0,0.0,0.0,0.0,0.0,0.0,0.0,0.0,0.0,0.0
485,Victor Oladipo,MIA,30,1.3,2.3,56.7,0.9,1.8,48.9,0.4,1.1,39.3,0.1,0.7,16.7,0.0,0.4,10.0,0.2,1.1,14.3,1.3,3.7,34.0
486,Vince Williams Jr.,MEM,22,0.2,0.4,50.0,0.0,0.0,0.0,0.0,0.0,0.0,0.0,0.6,0.0,0.0,0.3,0.0,0.0,0.7,0.0,0.1,0.5,25.0
487,Vit Krejci,ATL,22,0.2,0.4,57.1,0.0,0.1,0.0,0.1,0.1,100.0,0.1,0.2,50.0,0.1,0.1,100,0.1,0.2,66.7,0.2,0.8,20.0
488,Vlatko Cancar,DEN,25,0.7,1.1,65.2,0.2,0.6,32.0,0.1,0.2,57.1,0.3,0.6,50.0,0.1,0.2,57.1,0.4,0.8,51.7,0.5,1.2,42.9
489,Walker Kessler,UTA,21,3.1,4.1,76.0,0.3,0.7,46.2,0.0,0.1,33.3,0.0,0.0,0.0,0.0,0.0,0.0,0.0,0.0,0.0,0.0,0.0,0.0
490,Wendell Carter Jr.,ORL,23,2.9,3.9,72.5,0.8,1.5,52.8,0.7,1.8,40.6,0.3,0.5,47.4,0.1,0.1,60.0,0.3,0.7,50.0,0.9,2.8,31.7
491,Wendell Moore Jr.,MIN,21,0.5,0.7,73.3,0.1,0.2,50.0,0.0,0.1,0.0,0.0,0.0,0.0,0.1,0.4,16.7,0.1,0.3,16.7,0.0,0.4,11.1
492,Wenyen Gabriel,LAL,25,2.1,2.9,71.9,0.4,0.8,54.3,0.0,0.1,33.3,0.1,0.2,50.0,0.0,0.2,12.5,0.1,0.4,31.3,0.1,0.3,36.4
493,Wesley Matthews,MIL,36,0.2,0.4,46.2,0.0,0.2,12.5,0.0,0.1,50.0,0.2,0.6,31.8,0.1,0.4,27.3,0.3,0.9,30.3,0.6,1.6,35.1
494,Will Barton,WAS,32,0.7,1.3,52.0,0.4,1.4,29.1,0.4,1.1,39.5,0.2,0.4,38.5,0.2,0.4,53.8,0.3,0.7,46.2,1.0,2.7,35.8
495,Willy Hernangomez,NOP,28,2.3,3.5,66.7,0.3,1.1,27.6,0.0,0.2,20.0,0.0,0.1,0.0,0.0,0.0,0.0,0.0,0.1,0.0,0.0,0.2,16.7
496,Xavier Tillman,MEM,24,1.4,2.1,67.1,0.6,1.1,54.1,0.1,0.2,66.7,0.0,0.1,0.0,0.0,0.1,0.0,0.0,0.2,0.0,0.1,0.1,60.0
497,Yuta Watanabe,BKN,28,0.9,1.3,68.5,0.1,0.4,29.4,0.1,0.3,41.7,0.5,0.8,61.3,0.4,0.7,56.0,0.8,1.4,58.9,0.5,1.2,38.0
498,Zach Collins,SAS,25,1.9,2.7,68.3,0.9,1.8,53.2,0.4,0.9,42.1,0.0,0.0,0.0,0.1,0.1,50.0,0.0,0.1,40.0,0.5,1.4,35.5
499,Zach LaVine,CHI,27,3.4,5.2,66.2,0.7,1.6,42.9,1.4,3.5,40.7,0.2,0.6,42.9,0.2,0.5,37.0,0.4,1.1,40.0,2.4,6.4,36.9
500,Zeke Nnaji,DEN,22,1.6,2.3,72.0,0.0,0.1,20.0,0.0,0.0,50.0,0.0,0.2,14.3,0.1,0.3,30.0,0.1,0.5,23.5,0.2,0.7,32.1
501,Ziaire Williams,MEM,21,1.1,1.6,72.1,0.4,0.8,52.4,0.2,0.6,33.3,0.2,1.1,18.5,0.3,0.5,46.2,0.4,1.5,27.5,0.3,1.4,20.5
502,Zion Williamson,NOP,22,8.2,11.8,69.1,1.4,3.4,40.8,0.0,0.3,11.1,0.0,0.0,0.0,0.0,0.0,0.0,0.0,0.0,0.0,0.2,0.7,36.8
