,PLAYER,TEAM,AGE,GP,G,FREQ,FGM,FGA,FG%,EFG%,2FG FREQ,2FGM,2FGA,2FG%,3FG FREQ,3PM,3PA,3P%
0,LeBron James,LAL,38,44,44,100,11.6,22.8,50.9,55.7,69.3,9.4,15.8,59.5,30.7,2.2,7.0,31.4
1,Luka Doncic,DAL,23,48,48,100,11.3,22.3,50.5,56.6,64.8,8.5,14.4,58.9,35.2,2.8,7.8,35.0
2,Jayson Tatum,BOS,24,53,53,100,10.0,21.5,46.5,54.2,56.6,6.7,12.2,54.8,43.4,3.3,9.3,35.6
3,Giannis Antetokounmpo,MIL,28,45,45,100,11.5,21.3,54.2,56.1,85.7,10.7,18.2,58.7,14.3,0.8,3.0,27.0
4,Ja Morant,MEM,23,46,46,100,9.8,20.8,47.0,51.2,74.8,8.0,15.5,51.7,25.2,1.7,5.2,33.2
5,Joel Embiid,PHI,28,43,43,100,11.1,20.7,53.9,56.6,84.6,10.0,17.5,57.2,15.4,1.1,3.2,35.7
6,Kyrie Irving,DAL,30,43,43,100,9.8,20.3,48.6,56.7,57.1,6.6,11.6,56.7,42.9,3.3,8.7,37.7
7,Jaylen Brown,BOS,26,48,48,100,9.8,20.2,48.7,54.9,62.3,7.3,12.6,58.2,37.7,2.5,7.6,33.0
8,Devin Booker,PHX,26,31,31,100,9.6,20.2,47.3,53.0,68.4,7.2,13.8,52.4,31.6,2.3,6.4,36.3
9,Shai Gilgeous-Alexander,OKC,24,51,51,100,10.3,20.2,51.1,53.4,87.1,9.4,17.6,53.4,12.9,0.9,2.6,35.2
10,LaMelo Ball,CHA,21,31,31,100,8.1,20.1,40.2,49.6,47.8,4.3,9.6,45.0,52.2,3.8,10.5,35.8
11,Stephen Curry,GSW,34,37,37,100,9.9,20.0,49.5,61.9,42.4,5.0,8.5,58.5,57.6,5.0,11.5,43.0
12,Damian Lillard,POR,32,44,44,100,9.3,19.9,46.5,56.6,45.1,5.2,9.0,58.1,54.9,4.0,10.9,37.0
13,Trae Young,ATL,24,50,50,100,8.5,19.8,43.1,48.6,66.4,6.4,13.2,48.3,33.6,2.2,6.7,32.7
14,Donovan Mitchell,CLE,26,48,48,100,9.3,19.6,47.7,56.8,52.6,5.8,10.3,55.9,47.4,3.6,9.3,38.5
15,Anthony Edwards,MIN,21,59,59,100,8.9,19.2,46.3,53.2,61.9,6.2,11.9,52.2,38.1,2.7,7.3,36.6
16,Terry Rozier,CHA,28,48,48,100,8.0,19.1,41.7,48.6,58.2,5.3,11.1,47.9,41.8,2.6,8.0,33.1
17,Pascal Siakam,TOR,28,47,47,100,9.0,18.9,47.7,51.5,78.2,7.6,14.8,51.6,21.8,1.4,4.1,33.9
18,Kevin Durant,PHX,34,39,39,100,10.4,18.7,55.8,60.6,74.3,8.6,13.9,62.2,25.7,1.8,4.8,37.4
19,Cade Cunningham,DET,21,12,12,100,7.8,18.7,41.5,45.3,72.8,6.3,13.6,46.6,27.2,1.4,5.1,28.0
20,Klay Thompson,GSW,33,43,43,100,7.7,18.6,41.5,53.0,41.9,3.4,7.8,44.0,58.1,4.3,10.8,39.7
21,Julius Randle,NYK,28,58,58,100,8.4,18.2,46.1,53.5,56.2,5.7,10.2,55.6,43.8,2.7,8.0,34.0
22,Dejounte Murray,ATL,26,52,51,100,8.4,18.2,46.3,52.1,68.7,6.3,12.5,50.7,31.3,2.1,5.7,36.9
23,CJ McCollum,NOP,31,51,51,100,7.9,18.2,43.5,51.3,59.4,5.1,10.8,46.9,40.6,2.8,7.4,38.5
24,De'Aaron Fox,SAC,25,51,51,100,9.2,18.1,50.6,54.8,74.1,7.7,13.4,57.3,25.9,1.5,4.7,31.8
25,DeMar DeRozan,CHI,33,51,51,100,9.2,18.0,50.9,52.4,91.1,8.6,16.4,52.7,8.9,0.5,1.6,32.9
26,Jalen Green,HOU,21,52,52,100,7.4,17.9,41.3,48.4,57.0,4.8,10.2,47.4,43.0,2.6,7.7,33.3
27,Kyle Kuzma,WAS,27,51,51,100,8.1,17.8,45.3,52.3,58.1,5.6,10.3,54.1,41.9,2.5,7.5,33.2
28,Kelly Oubre Jr.,CHA,27,35,35,100,7.5,17.7,42.4,48.8,58.6,5.2,10.4,50.3,41.4,2.3,7.3,31.2
29,Zach LaVine,CHI,27,51,51,100,8.3,17.7,46.8,54.8,57.7,5.5,10.2,53.7,42.3,2.8,7.5,37.4
30,Paul George,LAC,32,42,42,100,8.1,17.7,46.0,54.4,56.3,5.1,9.9,51.7,43.7,3.0,7.7,38.7
31,Keldon Johnson,SAS,23,49,49,100,7.8,17.6,44.5,50.8,61.4,5.6,10.8,51.8,38.6,2.2,6.8,32.6
32,Jalen Brunson,NYK,26,54,54,100,8.4,17.6,47.9,53.2,74.4,6.6,13.1,50.4,25.6,1.8,4.5,40.7
33,Anthony Davis,LAL,29,33,32,100,9.7,17.4,55.9,57.1,91.6,9.3,15.9,58.5,8.4,0.4,1.4,26.9
34,Tyler Herro,MIA,23,45,45,100,7.5,17.1,43.7,52.5,52.5,4.5,9.0,49.9,47.5,3.0,8.1,36.9
35,Anfernee Simons,POR,23,54,54,100,7.7,17.0,45.2,55.7,44.8,4.1,7.6,53.9,55.2,3.6,9.4,38.0
36,Jordan Clarkson,UTA,30,56,56,100,7.5,16.9,44.7,52.3,55.0,5.0,9.3,53.3,45.0,2.6,7.6,34.1
37,Brandon Ingram,NOP,25,22,22,100,7.7,16.7,46.2,50.7,77.4,6.2,12.9,48.1,22.6,1.5,3.8,39.8
38,RJ Barrett,NYK,22,51,51,100,7.1,16.4,43.0,48.6,66.4,5.2,10.9,48.0,33.6,1.8,5.5,33.3
39,Bradley Beal,WAS,29,33,33,100,8.6,16.4,52.1,57.2,72.8,6.9,11.9,57.6,27.2,1.7,4.5,37.5
40,Lauri Markkanen,UTA,25,53,53,100,8.4,16.3,51.3,60.6,55.1,5.3,9.0,59.1,44.9,3.1,7.3,41.7
41,Fred VanVleet,TOR,28,48,48,100,6.4,16.2,39.4,48.5,46.9,3.5,7.6,45.5,53.1,2.9,8.6,34.1
42,Jordan Poole,GSW,23,55,55,100,7.1,16.2,43.8,52.1,50.7,4.4,8.2,54.0,49.3,2.7,8.0,33.4
43,Darius Garland,CLE,23,49,49,100,7.5,16.2,46.2,54.2,61.7,4.9,10.0,48.9,38.3,2.6,6.2,41.9
44,Kawhi Leonard,LAC,31,32,32,100,8.0,16.1,49.8,54.7,73.6,6.5,11.9,54.5,26.4,1.6,4.3,36.7
45,Zion Williamson,NOP,22,29,29,100,9.8,16.1,61.0,61.8,95.9,9.6,15.4,62.1,4.1,0.2,0.7,36.4
46,Desmond Bane,MEM,24,33,33,100,7.5,16.1,46.4,55.8,56.0,4.4,9.0,49.1,44.0,3.0,7.1,42.9
47,Devin Vassell,SAS,22,29,29,100,7.1,16.0,44.5,53.3,56.2,4.3,9.0,47.7,43.8,2.8,7.0,40.4
48,Jamal Murray,DEN,25,45,45,100,7.4,16.0,46.1,53.6,62.0,5.0,9.9,50.2,38.0,2.4,6.1,39.5
49,Jrue Holiday,MIL,32,45,45,100,7.3,15.8,46.0,53.2,61.0,5.0,9.6,51.9,39.0,2.3,6.2,36.9
50,Tyrese Maxey,PHI,22,36,36,100,7.1,15.7,45.0,52.3,62.1,4.8,9.8,48.7,37.9,2.3,5.9,38.9
51,Bam Adebayo,MIA,25,52,52,100,8.6,15.7,54.6,54.7,98.7,8.5,15.5,55.2,1.3,0.0,0.2,9.5
52,Paolo Banchero,ORL,20,50,50,100,6.5,15.5,41.9,45.8,72.8,5.3,11.3,46.7,27.2,1.2,4.2,28.9
53,Kevin Porter Jr.,HOU,22,40,40,100,6.7,15.4,43.7,50.9,58.7,4.5,9.0,50.2,41.3,2.2,6.3,34.6
54,Kristaps Porzingis,WAS,27,47,47,100,7.4,15.3,48.0,54.6,63.8,5.3,9.8,54.3,36.2,2.0,5.5,36.8
55,Nikola Jokic,DEN,27,49,49,100,9.4,15.0,62.8,65.7,85.1,8.6,12.8,66.9,14.9,0.9,2.2,39.3
56,Tyrese Haliburton,IND,22,46,46,100,7.1,14.8,48.0,57.8,50.8,4.2,7.5,56.0,49.2,2.9,7.3,39.9
57,Gary Trent Jr.,TOR,24,50,50,100,6.5,14.8,44.2,53.2,51.6,3.9,7.6,51.2,48.4,2.6,7.2,36.9
58,Bojan Bogdanovic,DET,33,53,53,100,7.2,14.7,48.7,56.9,59.9,4.7,8.8,53.6,40.1,2.4,5.9,41.3
59,Jerami Grant,POR,28,54,54,100,7.1,14.7,48.4,56.2,61.7,4.8,9.0,53.2,38.3,2.3,5.6,40.6
60,James Harden,PHI,33,39,39,100,6.5,14.5,44.9,54.4,50.4,3.7,7.3,51.2,49.6,2.8,7.2,38.4
61,Josh Giddey,OKC,20,50,50,100,7.1,14.5,48.8,52.2,79.0,6.1,11.4,53.2,21.0,1.0,3.0,32.2
62,Karl-Anthony Towns,MIN,27,21,21,100,7.3,14.4,50.5,56.8,61.4,5.5,8.9,61.9,38.6,1.8,5.6,32.5
63,Franz Wagner,ORL,21,56,56,100,7.0,14.4,48.3,53.9,68.7,5.3,9.9,53.9,31.3,1.6,4.5,36.1
64,Dillon Brooks,MEM,27,50,50,100,5.6,14.3,39.2,45.5,59.6,3.8,8.5,44.7,40.4,1.8,5.8,31.0
65,Jimmy Butler,MIA,33,42,42,100,7.3,14.2,51.2,53.0,87.6,6.7,12.4,54.2,12.4,0.5,1.8,29.5
66,Nikola Vucevic,CHI,32,55,55,100,7.3,14.0,52.3,58.3,66.6,5.7,9.3,60.6,33.4,1.7,4.7,35.8
67,Andrew Wiggins,GSW,27,35,35,100,6.6,14.0,47.1,55.7,56.9,4.2,8.0,52.7,43.1,2.4,6.0,39.8
68,Russell Westbrook,UTA,34,52,52,100,5.8,13.9,41.7,46.0,70.6,4.6,9.8,46.7,29.4,1.2,4.1,29.5
69,Mikal Bridges,BKN,26,57,57,100,6.3,13.7,46.3,52.9,66.0,4.5,9.1,50.1,34.0,1.8,4.7,39.0
70,O.G. Anunoby,TOR,25,45,45,100,6.3,13.7,45.7,52.7,61.9,4.4,8.5,51.4,38.1,1.9,5.2,36.6
71,Deandre Ayton,PHX,24,49,49,100,8.1,13.7,58.9,59.4,96.6,7.9,13.2,59.9,3.4,0.1,0.5,29.8
72,Buddy Hield,IND,30,58,58,100,6.2,13.7,45.3,59.3,34.6,2.4,4.7,50.2,65.4,3.8,8.9,42.8
73,D'Angelo Russell,LAL,26,55,55,100,6.3,13.4,46.6,56.7,48.4,3.5,6.5,54.7,51.6,2.7,6.9,39.1
74,Scottie Barnes,TOR,21,54,54,100,6.1,13.3,45.5,49.0,76.7,5.2,10.2,50.5,23.3,0.9,3.1,29.4
75,Spencer Dinwiddie,BKN,29,55,55,100,5.9,13.1,45.2,54.9,51.2,3.4,6.7,50.4,48.8,2.5,6.4,39.8
76,Michael Porter Jr.,DEN,24,40,40,100,6.2,12.9,47.8,58.7,45.6,3.3,5.9,56.6,54.4,2.8,7.0,40.4
77,Bogdan Bogdanovic,ATL,30,32,32,100,5.5,12.9,42.7,53.5,43.0,2.7,5.5,49.2,57.0,2.8,7.3,37.9
78,P.J. Washington,CHA,24,57,57,100,5.6,12.9,43.4,50.8,55.8,3.7,7.2,51.1,44.2,1.9,5.7,33.6
79,Bennedict Mathurin,IND,20,58,58,100,5.4,12.8,42.4,47.8,65.8,4.0,8.4,48.0,34.2,1.4,4.4,31.7
80,Tobias Harris,PHI,30,51,51,100,6.2,12.5,49.3,56.3,62.3,4.4,7.8,56.8,37.7,1.8,4.7,37.0
81,De'Andre Hunter,ATL,25,47,47,100,5.6,12.3,45.6,52.1,64.0,4.0,7.8,51.0,36.0,1.6,4.4,36.1
82,Jaden Ivey,DET,20,52,52,100,5.1,12.3,41.4,47.0,66.4,3.7,8.1,45.6,33.6,1.4,4.1,33.3
83,Tim Hardaway Jr.,DAL,30,54,54,100,4.6,12.2,37.7,49.0,35.7,1.8,4.4,41.9,64.3,2.8,7.9,35.3
84,Christian Wood,DAL,27,46,46,100,6.4,12.2,52.9,60.0,62.5,4.7,7.6,61.8,37.5,1.7,4.6,38.1
85,Malik Beasley,LAL,26,56,56,100,4.8,12.1,39.4,51.8,29.6,1.8,3.6,48.7,70.4,3.0,8.5,35.4
86,Bobby Portis,MIL,28,47,47,100,6.0,12.0,49.9,55.1,69.8,4.7,8.4,56.7,30.2,1.2,3.6,34.0
87,Jaren Jackson Jr.,MEM,23,38,38,100,6.0,11.9,50.2,56.4,64.3,4.5,7.7,59.0,35.7,1.5,4.3,34.5
88,Luguentz Dort,OKC,23,48,48,100,4.8,11.7,41.3,49.6,54.6,2.9,6.4,45.3,45.4,1.9,5.3,36.5
89,Evan Mobley,CLE,21,57,57,100,6.4,11.6,55.4,56.4,89.9,6.2,10.5,59.2,10.1,0.3,1.2,21.2
90,Myles Turner,IND,26,49,49,100,6.2,11.6,53.9,60.7,65.0,4.7,7.5,62.0,35.0,1.6,4.1,38.7
91,Domantas Sabonis,SAC,26,54,54,100,7.1,11.6,61.1,63.0,89.6,6.7,10.4,64.1,10.4,0.4,1.2,35.8
92,Norman Powell,LAC,29,49,49,100,5.6,11.6,48.3,57.0,58.2,3.6,6.7,53.3,41.8,2.0,4.8,41.3
93,Saddiq Bey,ATL,23,51,51,100,4.7,11.5,40.6,49.1,51.2,2.8,5.9,46.6,48.8,1.9,5.6,34.5
94,Kevin Huerter,SAC,24,53,53,100,5.4,11.4,47.8,59.3,41.0,2.8,4.7,60.3,59.0,2.6,6.7,39.0
95,Tre Jones,SAS,23,51,50,100,4.9,11.3,43.3,46.1,77.5,4.3,8.8,48.4,22.5,0.7,2.5,25.5
96,Khris Middleton,MIL,31,16,16,100,4.8,11.3,42.0,48.3,56.4,3.3,6.4,51.9,43.6,1.4,4.9,29.1
97,Aaron Gordon,DEN,27,49,49,100,6.6,11.2,58.7,63.3,77.1,5.6,8.7,64.4,22.9,1.0,2.6,39.7
98,Gordon Hayward,CHA,32,32,32,100,5.0,11.2,44.8,49.2,70.5,4.1,7.9,51.3,29.5,1.0,3.3,29.3
99,Chris Paul,PHX,37,37,37,100,4.8,11.1,42.8,50.1,61.8,3.1,6.9,45.8,38.2,1.6,4.2,38.2
100,Cameron Payne,PHX,28,28,28,100,4.5,11.0,41.2,49.0,58.8,2.8,6.5,43.7,41.2,1.7,4.5,37.7
101,Brook Lopez,MIL,34,55,55,100,5.5,10.9,50.3,58.8,55.2,3.6,6.0,60.6,44.8,1.8,4.9,37.6
102,Jabari Smith Jr.,HOU,19,53,53,100,4.3,10.8,39.2,46.6,50.9,2.6,5.5,47.9,49.1,1.6,5.3,30.1
103,Marcus Morris Sr.,LAC,33,51,51,100,4.7,10.8,43.3,52.5,51.8,2.7,5.6,48.0,48.2,2.0,5.2,38.3
104,Max Strus,MIA,26,55,55,100,4.3,10.7,40.2,52.2,29.7,1.7,3.2,54.4,70.3,2.6,7.5,34.2
105,Caris LeVert,CLE,28,53,53,100,4.4,10.7,40.8,48.3,59.2,2.8,6.3,43.7,40.8,1.6,4.4,36.5
106,Lonnie Walker IV,LAL,24,40,40,100,4.9,10.7,45.6,54.0,54.7,3.1,5.8,52.6,45.3,1.8,4.8,37.1
107,Malik Monk,SAC,25,54,54,100,4.7,10.7,44.3,52.2,52.3,3.1,5.6,54.9,47.7,1.7,5.1,32.9
108,Jonas Valanciunas,NOP,30,56,56,100,5.7,10.6,53.9,56.5,84.8,5.2,9.0,57.3,15.2,0.6,1.6,34.2
109,Alperen Sengun,HOU,20,51,51,100,6.0,10.6,56.7,57.8,93.3,5.8,9.8,58.4,6.7,0.2,0.7,33.8
110,Markelle Fultz,ORL,24,36,36,100,5.3,10.5,50.1,52.0,87.9,4.9,9.3,52.9,12.1,0.4,1.3,30.5
111,Wendell Carter Jr.,ORL,23,37,37,100,5.5,10.5,52.8,58.8,67.3,4.3,7.0,61.0,32.7,1.2,3.4,36.2
112,Rui Hachimura,LAL,25,39,39,100,5.1,10.4,48.6,53.3,72.5,4.1,7.6,54.2,27.5,1.0,2.9,33.8
113,Malcolm Brogdon,BOS,30,48,48,100,4.9,10.4,47.6,57.0,58.2,3.0,6.0,49.3,41.8,2.0,4.3,45.3
114,Cameron Johnson,BKN,26,18,18,100,4.8,10.3,46.2,58.9,42.5,2.2,4.4,49.4,57.5,2.6,5.9,43.9
115,Bones Hyland,LAC,22,42,42,100,4.1,10.3,39.9,50.3,44.5,1.9,4.6,42.4,55.5,2.2,5.7,37.8
116,John Collins,ATL,25,49,49,100,5.2,10.3,51.0,55.0,68.7,4.4,7.1,62.7,31.3,0.8,3.2,25.5
117,Immanuel Quickley,NYK,23,57,57,100,4.4,10.2,43.6,52.0,52.1,2.7,5.3,51.7,47.9,1.7,4.9,34.8
118,Eric Gordon,LAC,34,47,47,100,4.5,10.2,43.9,52.8,48.7,2.7,5.0,53.6,51.3,1.8,5.2,34.7
119,Killian Hayes,DET,21,52,52,100,3.9,10.1,38.4,44.3,63.2,2.7,6.4,41.9,36.8,1.2,3.7,32.1
120,Victor Oladipo,MIA,30,26,26,100,4.0,10.0,40.4,47.5,51.9,2.6,5.2,50.5,48.1,1.4,4.8,29.5
121,John Wall,HOU,32,34,34,100,4.1,9.9,40.8,45.7,67.8,3.1,6.7,45.8,32.2,1.0,3.2,30.2
122,Reggie Jackson,CHA,32,52,52,100,4.1,9.8,41.8,49.3,57.0,2.6,5.6,46.8,43.0,1.5,4.2,35.0
123,Jusuf Nurkic,POR,28,45,45,100,5.2,9.8,52.4,56.8,77.4,4.3,7.6,56.3,22.6,0.9,2.2,39.2
124,Jaylen Nowell,MIN,23,59,59,100,4.4,9.8,45.1,50.7,62.3,3.3,6.1,54.2,37.7,1.1,3.7,29.8
125,Collin Sexton,UTA,24,45,45,100,5.0,9.8,50.8,56.3,73.8,3.9,7.2,54.0,26.2,1.1,2.6,41.8
126,Dennis Schroder,LAL,29,43,43,100,4.1,9.7,42.3,48.7,63.4,2.9,6.2,46.8,36.6,1.2,3.6,34.6
127,Harrison Barnes,SAC,30,56,56,100,4.6,9.7,47.1,55.7,54.0,2.9,5.3,55.0,46.0,1.7,4.5,37.7
128,Kyle Lowry,MIA,36,44,44,100,3.8,9.7,39.6,50.1,36.8,1.8,3.6,50.4,63.2,2.0,6.1,33.4
129,Josh Richardson,NOP,29,41,41,100,4.2,9.7,43.6,52.8,49.1,2.4,4.8,51.3,50.9,1.8,4.9,36.1
130,Keegan Murray,SAC,22,54,54,100,4.3,9.6,44.4,57.4,37.7,1.8,3.6,49.0,62.3,2.5,6.0,41.7
131,Jalen Williams,OKC,21,51,51,100,4.8,9.6,50.2,54.6,71.9,4.0,6.9,57.6,28.1,0.8,2.7,31.2
132,Cole Anthony,ORL,22,39,39,100,4.2,9.5,44.3,50.0,65.7,3.1,6.2,50.2,34.3,1.1,3.3,33.1
133,Marcus Smart,BOS,28,41,41,100,4.0,9.5,42.2,51.5,43.7,2.2,4.2,53.5,56.3,1.8,5.3,33.3
134,Jarrett Allen,CLE,24,52,51,100,6.2,9.4,65.3,65.4,98.4,6.1,9.3,66.1,1.6,0.0,0.1,13.3
135,Trey Murphy III,NOP,22,54,54,100,4.6,9.3,49.1,61.2,40.1,2.3,3.7,62.1,59.9,2.2,5.6,40.3
136,De'Anthony Melton,PHI,24,52,52,100,3.9,9.1,42.7,54.9,39.3,1.7,3.6,46.6,60.7,2.2,5.5,40.0
137,Alec Burks,DET,31,43,43,100,4.0,9.1,44.2,54.9,49.6,2.1,4.5,46.3,50.4,1.9,4.6,42.1
138,Isaiah Stewart,DET,21,45,45,100,4.0,9.0,44.4,51.5,54.6,2.7,4.9,55.6,45.4,1.3,4.1,31.1
139,Jeremy Sochan,SAS,19,45,45,100,4.1,8.9,46.3,49.8,74.4,3.5,6.6,52.9,25.6,0.6,2.3,27.1
140,Bruce Brown,DEN,26,56,56,100,4.4,8.9,49.1,56.6,61.7,3.0,5.5,55.3,38.3,1.3,3.4,39.3
141,Tyus Jones,MEM,26,55,55,100,3.8,8.7,43.3,51.8,55.4,2.3,4.8,47.7,44.6,1.5,3.9,37.8
142,Kentavious Caldwell-Pope,DEN,29,54,54,100,4.1,8.7,47.0,58.1,50.4,2.2,4.4,49.4,49.6,1.9,4.3,44.8
143,Jalen McDaniels,PHI,25,57,57,100,3.9,8.7,45.0,51.6,59.5,2.8,5.2,53.1,40.5,1.2,3.5,32.9
144,Mike Conley,MIN,35,44,44,100,3.5,8.7,40.8,51.0,43.2,1.8,3.8,47.2,56.8,1.8,4.9,35.9
145,Jaden McDaniels,MIN,22,56,56,100,4.4,8.6,50.8,57.7,62.8,3.2,5.4,58.9,37.2,1.2,3.2,37.4
146,Clint Capela,ATL,28,41,41,100,5.4,8.6,62.6,62.6,99.7,5.4,8.6,62.7,0.3,0.0,0.0,0.0
147,Gabe Vincent,MIA,26,43,43,100,3.4,8.5,39.8,49.9,38.2,1.7,3.2,51.7,61.8,1.7,5.2,32.5
148,Derrick White,BOS,28,56,56,100,3.9,8.4,45.9,56.1,47.6,2.1,4.0,53.2,52.4,1.7,4.4,39.1
149,Monte Morris,WAS,27,47,47,100,4.1,8.4,48.2,56.2,59.6,2.7,5.0,54.2,40.4,1.3,3.4,39.4
150,Seth Curry,BKN,32,39,39,100,3.9,8.4,46.6,57.9,47.3,2.0,4.0,51.1,52.7,1.9,4.4,42.8
151,Caleb Martin,MIA,27,47,47,100,3.8,8.4,45.0,53.2,55.5,2.4,4.6,51.7,44.5,1.4,3.7,36.6
152,Patrick Williams,CHI,21,55,55,100,3.8,8.3,45.7,54.0,58.2,2.4,4.8,50.0,41.8,1.4,3.5,39.8
153,Jakob Poeltl,TOR,27,46,46,100,5.2,8.3,62.7,62.7,99.7,5.2,8.3,63.0,0.3,0.0,0.0,0.0
154,Duane Washington Jr.,PHX,22,31,30,100,3.0,8.3,36.7,44.5,56.6,1.7,4.7,37.2,43.4,1.3,3.6,36.0
155,Precious Achiuwa,TOR,23,33,33,100,4.0,8.2,48.9,52.2,73.7,3.5,6.0,57.2,26.3,0.6,2.1,25.6
156,Naji Marshall,NOP,25,52,52,100,3.5,8.2,42.7,48.9,60.6,2.5,4.9,49.8,39.4,1.0,3.2,31.8
157,Royce O'Neale,BKN,29,53,53,100,3.2,8.2,39.4,53.1,31.0,1.0,2.5,37.9,69.0,2.3,5.6,40.0
158,Kenyon Martin Jr.,HOU,22,56,56,100,4.6,8.1,56.8,62.4,66.7,3.7,5.4,68.3,33.3,0.9,2.7,33.6
159,Quentin Grimes,NYK,22,47,47,100,3.6,8.1,44.9,56.0,35.4,1.8,2.9,63.8,64.6,1.8,5.2,34.6
160,Kelly Olynyk,UTA,31,46,46,100,3.9,8.1,48.8,57.3,56.3,2.6,4.5,56.6,43.7,1.4,3.5,38.9
161,Jose Alvarado,NOP,24,56,56,100,3.3,8.1,40.9,49.7,48.9,1.9,4.0,47.8,51.1,1.4,4.1,34.1
162,Landry Shamet,PHX,25,30,29,100,3.1,8.1,38.0,50.6,33.1,1.0,2.7,38.6,66.9,2.0,5.4,37.6
163,Dennis Smith Jr.,CHA,25,36,36,100,3.4,8.0,42.4,45.0,76.4,3.0,6.1,48.6,23.6,0.4,1.9,22.2
164,Doug McDermott,SAS,31,49,49,100,3.6,8.0,45.3,56.6,44.2,1.8,3.5,51.0,55.8,1.8,4.5,40.9
165,Tre Mann,OKC,22,50,50,100,3.1,8.0,39.4,47.6,47.2,1.8,3.8,48.9,52.8,1.3,4.2,31.0
166,Aaron Nesmith,IND,23,51,51,100,3.2,7.9,40.5,49.5,47.4,1.8,3.8,47.3,52.6,1.4,4.2,34.2
167,Marvin Bagley III,DET,23,25,25,100,4.3,7.9,54.0,56.3,83.3,3.9,6.6,59.4,16.7,0.4,1.3,27.3
168,Aleksej Pokusevski,OKC,21,31,31,100,3.5,7.8,44.0,51.9,58.4,2.2,4.6,48.7,41.6,1.2,3.3,37.7
169,Malaki Branham,SAS,19,42,42,100,3.3,7.8,42.2,49.1,53.8,2.2,4.2,53.2,46.2,1.1,3.6,29.6
170,Jalen Suggs,ORL,21,32,32,100,3.3,7.8,42.0,49.2,52.8,2.2,4.1,52.3,47.2,1.1,3.7,30.6
171,Dorian Finney-Smith,BKN,29,42,42,100,3.2,7.8,41.2,53.0,31.4,1.4,2.5,55.5,68.6,1.9,5.4,34.7
172,Herbert Jones,NOP,24,41,41,100,3.4,7.8,43.9,48.7,65.8,2.7,5.1,52.0,34.2,0.8,2.7,28.6
173,Nic Claxton,BKN,23,52,52,100,5.7,7.8,73.0,73.0,99.5,5.7,7.7,73.4,0.5,0.0,0.0,0.0
174,Andrew Nembhard,IND,23,51,51,100,3.3,7.8,42.2,50.0,54.3,2.1,4.2,48.8,45.7,1.2,3.5,34.4
175,Pat Connaughton,MIL,30,40,40,100,3.0,7.7,39.5,53.1,23.6,0.9,1.8,51.9,76.4,2.1,5.9,35.6
176,Naz Reid,MIN,23,51,50,100,4.1,7.7,53.6,59.9,62.2,3.1,4.8,65.7,37.8,1.0,2.9,33.8
177,T.J. Warren,PHX,29,26,26,100,3.9,7.7,51.0,55.0,76.0,3.3,5.8,56.6,24.0,0.6,1.9,33.5
178,AJ Griffin,ATL,19,53,53,100,3.7,7.7,47.9,58.0,49.6,2.1,3.8,55.9,50.4,1.6,3.9,40.1
179,Grayson Allen,MIL,27,52,52,100,3.4,7.6,44.3,57.2,36.3,1.4,2.8,51.3,63.7,2.0,4.9,40.2
180,Ayo Dosunmu,CHI,23,53,52,100,3.9,7.6,50.9,56.3,66.5,3.0,5.1,60.1,33.5,0.8,2.5,32.5
181,Tari Eason,HOU,21,56,56,100,3.4,7.6,44.3,48.9,74.1,2.7,5.6,47.4,25.9,0.7,2.0,35.7
182,Bol Bol,ORL,23,52,52,100,4.4,7.6,58.0,61.5,79.4,3.9,6.0,64.5,20.6,0.5,1.6,33.3
183,Moritz Wagner,ORL,25,36,36,100,3.8,7.6,50.0,57.0,57.4,2.7,4.3,62.8,42.6,1.1,3.2,32.9
184,Cam Thomas,BKN,21,39,35,100,3.5,7.6,46.1,51.7,72.2,2.6,5.5,48.4,27.8,0.8,2.1,40.5
185,Deni Avdija,WAS,22,53,53,100,3.3,7.5,44.1,50.3,59.2,2.4,4.4,53.7,40.8,0.9,3.1,30.1
186,Jalen Smith,IND,22,50,50,100,3.4,7.5,46.0,51.5,59.9,2.6,4.5,58.5,40.1,0.8,3.0,27.3
187,Al Horford,BOS,36,43,43,100,3.4,7.4,46.2,59.7,35.2,1.4,2.6,54.6,64.8,2.0,4.8,41.8
188,Coby White,CHI,22,47,46,100,3.0,7.4,40.1,50.7,38.0,1.4,2.8,49.1,62.0,1.6,4.6,34.4
189,Rudy Gobert,MIN,30,48,47,100,5.0,7.3,67.4,67.4,99.2,5.0,7.3,68.0,0.8,0.0,0.1,0.0
190,Shake Milton,PHI,26,51,50,100,3.6,7.2,49.5,54.8,71.7,2.8,5.2,54.1,28.3,0.8,2.0,37.3
191,Chris Boucher,TOR,30,51,50,100,3.5,7.2,48.6,54.5,64.4,2.7,4.7,57.4,35.6,0.8,2.6,32.7
192,Thomas Bryant,DEN,25,42,42,100,4.7,7.2,65.2,68.9,83.4,4.2,6.0,69.5,16.6,0.5,1.2,43.7
193,Cedi Osman,CLE,27,57,56,100,3.3,7.2,45.6,55.4,43.7,1.9,3.1,59.9,56.3,1.4,4.0,34.6
194,Zach Collins,SAS,25,45,45,100,3.9,7.2,55.0,59.0,77.0,3.4,5.5,61.0,23.0,0.6,1.6,35.4
195,Chris Duarte,IND,25,35,35,100,2.5,7.1,35.6,43.0,47.6,1.5,3.4,43.8,52.4,1.1,3.7,28.3
196,Will Barton,WAS,32,40,38,100,2.8,7.1,38.9,48.2,51.6,1.4,3.7,39.4,48.4,1.3,3.5,38.6
197,Terrence Ross,ORL,32,42,40,100,3.1,7.1,43.1,53.3,46.5,1.6,3.3,48.9,53.5,1.4,3.8,38.1
198,Josh Hart,NYK,27,52,52,100,3.6,7.1,50.4,55.3,68.8,2.9,4.9,59.0,31.2,0.7,2.2,31.2
199,Mason Plumlee,LAC,32,56,56,100,4.7,7.0,66.8,66.8,100.0,4.7,7.0,66.8,0.0,0.0,0.0,-
200,Corey Kispert,WAS,23,47,47,100,3.3,7.0,47.3,60.6,35.2,1.4,2.5,58.7,64.8,1.9,4.5,41.1
201,Georges Niang,PHI,29,53,53,100,3.1,7.0,44.9,60.7,23.2,0.9,1.6,56.8,76.8,2.2,5.4,41.2
202,Santi Aldama,MEM,22,52,52,100,3.4,7.0,48.6,58.4,47.5,2.0,3.3,61.0,52.5,1.4,3.6,37.5
203,Donte DiVincenzo,GSW,26,45,45,100,3.0,7.0,42.5,56.5,31.6,1.0,2.2,45.5,68.4,2.0,4.8,41.2
204,Austin Reaves,LAL,24,39,39,100,3.4,7.0,48.7,57.6,52.0,2.1,3.6,59.4,48.0,1.2,3.3,36.9
205,Kevin Love,CLE,34,41,41,100,2.7,7.0,38.9,51.1,31.6,1.0,2.2,46.4,68.4,1.7,4.8,35.3
206,Jae'Sean Tate,HOU,27,18,18,100,3.1,6.9,44.0,46.8,81.6,2.7,5.7,47.1,18.4,0.4,1.3,30.5
207,Cam Reddish,POR,23,21,21,100,3.1,6.9,45.1,51.7,57.6,2.2,4.0,55.4,42.4,0.9,2.9,31.0
208,Justise Winslow,POR,26,29,28,100,2.8,6.8,40.9,44.4,77.3,2.3,5.3,43.8,22.7,0.5,1.6,31.0
209,Evan Fournier,NYK,30,22,22,100,2.4,6.8,35.3,46.3,32.7,0.9,2.2,40.8,67.3,1.5,4.6,32.7
210,Joe Harris,BKN,31,49,49,100,3.1,6.8,46.4,61.4,29.2,1.1,2.0,55.6,70.8,2.0,4.8,42.5
211,Talen Horton-Tucker,UTA,22,44,43,100,2.8,6.8,41.3,46.0,62.8,2.2,4.3,50.8,37.2,0.6,2.5,25.4
212,Jeremiah Robinson-Earl,OKC,22,26,26,100,3.3,6.7,48.9,57.2,56.3,2.1,3.8,57.0,43.7,1.1,2.9,38.4
213,Kendrick Nunn,WAS,27,47,46,100,2.7,6.7,41.2,49.2,51.1,1.7,3.4,49.4,48.9,1.1,3.3,32.5
214,Torrey Craig,PHX,32,55,55,100,3.0,6.6,46.0,55.8,50.4,1.8,3.4,52.5,49.6,1.3,3.3,39.2
215,Terance Mann,LAC,26,58,56,100,3.4,6.6,51.0,57.9,63.3,2.5,4.2,58.9,36.7,0.9,2.4,37.4
216,Damion Lee,PHX,30,58,57,100,2.9,6.6,43.7,56.4,42.9,1.2,2.8,42.8,57.1,1.7,3.8,44.4
217,Shaedon Sharpe,POR,19,55,54,100,3.1,6.5,47.4,54.6,58.2,2.1,3.8,56.6,41.8,0.9,2.7,34.8
218,Jonathan Kuminga,GSW,20,44,43,100,3.2,6.5,49.7,54.7,68.5,2.6,4.5,57.8,31.5,0.7,2.0,32.2
219,Joshua Primo,SAS,20,4,4,100,2.3,6.5,34.6,40.4,53.8,1.5,3.5,42.9,46.2,0.8,3.0,25.0
220,Taurean Prince,MIN,28,35,35,100,3.2,6.5,49.3,59.9,47.1,1.8,3.1,59.8,52.9,1.4,3.4,39.9
221,T.J. McConnell,IND,30,55,55,100,3.4,6.5,52.2,54.8,88.8,3.0,5.8,53.0,11.2,0.3,0.7,45.2
222,Ivica Zubac,LAC,25,57,57,100,4.0,6.4,61.7,61.7,99.5,4.0,6.4,62.0,0.5,0.0,0.0,0.0
223,Brandon Clarke,MEM,26,49,49,100,4.2,6.4,66.2,66.4,98.1,4.2,6.3,67.1,1.9,0.0,0.1,16.7
224,Gary Harris,ORL,28,28,28,100,3.1,6.4,48.0,62.6,36.9,1.2,2.4,51.3,63.1,1.9,4.0,46.0
225,Jevon Carter,MIL,27,56,55,100,2.7,6.4,42.1,53.9,41.9,1.2,2.7,44.4,58.1,1.5,3.7,40.5
226,Romeo Langford,SAS,23,31,30,100,3.1,6.3,48.7,52.0,77.2,2.7,4.9,54.7,22.8,0.4,1.4,29.0
227,Kemba Walker,DAL,32,9,9,100,2.7,6.3,42.1,48.2,50.9,1.9,3.2,58.7,49.1,0.8,3.1,25.1
228,Kenrich Williams,OKC,28,47,47,100,3.3,6.3,52.0,59.8,59.5,2.3,3.7,61.5,40.5,1.0,2.5,38.4
229,Draymond Green,GSW,32,49,49,100,3.2,6.3,51.1,56.2,69.4,2.6,4.3,59.1,30.6,0.6,1.9,32.8
230,Steven Adams,MEM,29,42,42,100,3.7,6.3,59.7,59.7,99.6,3.7,6.2,59.9,0.4,0.0,0.0,0.0
231,Grant Williams,BOS,24,55,54,100,2.9,6.3,46.8,59.0,41.3,1.4,2.6,54.3,58.7,1.5,3.7,41.7
232,Duncan Robinson,MIA,28,28,27,100,2.3,6.2,36.8,50.0,20.1,0.6,1.3,51.2,79.9,1.6,5.0,33.1
233,Keita Bates-Diop,SAS,27,42,38,100,3.0,6.1,49.6,54.1,73.8,2.5,4.5,55.1,26.2,0.6,1.6,34.4
234,Onyeka Okongwu,ATL,22,55,54,100,3.9,6.1,63.9,64.0,98.5,3.9,6.0,64.5,1.5,0.0,0.1,22.2
235,Troy Brown Jr.,LAL,23,51,50,100,2.6,6.1,43.2,53.5,42.6,1.4,2.6,52.9,57.4,1.3,3.5,35.8
236,Brandon Boston Jr.,LAC,21,20,19,100,2.5,6.0,42.1,47.1,76.0,1.9,4.6,42.4,24.0,0.6,1.4,41.4
237,Kyle Anderson,MIN,29,46,43,100,3.0,6.0,50.4,55.6,76.6,2.4,4.6,52.1,23.4,0.6,1.4,44.7
238,Luke Kennard,MEM,26,35,33,100,2.8,6.0,46.4,60.4,37.4,1.1,2.3,49.1,62.6,1.7,3.8,44.8
239,Jarred Vanderbilt,LAL,23,53,53,100,3.4,6.0,56.0,59.0,82.1,3.0,4.9,61.0,17.9,0.4,1.1,33.3
240,Goran Dragic,CHI,36,49,48,100,2.6,6.0,42.9,50.5,57.5,1.6,3.5,47.8,42.5,0.9,2.5,36.1
241,Derrick Rose,NYK,34,26,26,100,2.4,6.0,39.4,45.5,61.3,1.6,3.6,44.4,38.7,0.7,2.3,31.6
242,Josh Green,DAL,22,38,37,100,3.3,5.9,57.0,66.8,54.3,2.2,3.2,68.6,45.7,1.2,2.7,43.3
243,Ricky Rubio,CLE,32,13,13,100,1.9,5.8,32.9,41.4,40.8,0.9,2.4,38.7,59.2,1.0,3.5,28.9
244,Reggie Bullock,DAL,31,56,56,100,2.3,5.8,39.8,55.4,16.2,0.5,0.9,52.6,83.8,1.8,4.9,37.2
245,Hamidou Diallo,DET,24,47,47,100,3.3,5.8,57.3,58.2,93.4,3.2,5.5,59.3,6.6,0.1,0.4,28.9
246,Terence Davis,SAC,25,43,42,100,2.5,5.8,43.8,55.2,35.3,1.2,2.0,59.0,64.7,1.3,3.7,35.6
247,Ben Simmons,BKN,26,40,40,100,3.3,5.8,56.7,56.7,99.1,3.3,5.7,57.2,0.9,0.0,0.1,0.0
248,David Roddy,MEM,21,46,45,100,2.4,5.8,41.9,49.2,49.8,1.6,2.9,54.7,50.2,0.8,2.9,29.4
249,Jeff Green,DEN,36,35,35,100,2.8,5.7,48.7,52.0,71.9,2.4,4.1,58.7,28.1,0.4,1.6,23.1
250,Ziaire Williams,MEM,21,28,27,100,2.4,5.7,42.1,48.4,49.1,1.7,2.8,60.2,50.9,0.7,2.9,24.6
251,Jalen Duren,DET,19,48,47,100,3.7,5.7,65.4,65.4,99.6,3.7,5.7,65.7,0.4,0.0,0.0,0.0
252,Obi Toppin,NYK,24,43,43,100,2.4,5.7,41.4,51.6,41.4,1.2,2.4,50.6,58.6,1.2,3.3,34.8
253,Isaiah Joe,OKC,23,47,43,100,2.7,5.6,47.2,65.8,18.5,0.6,1.0,52.9,81.5,2.1,4.6,45.9
254,Larry Nance Jr.,NOP,30,47,46,100,3.4,5.5,61.9,64.4,86.0,3.1,4.7,66.2,14.0,0.3,0.8,36.4
255,Joe Ingles,MIL,35,23,23,100,2.1,5.4,38.4,52.4,20.8,0.6,1.1,50.4,79.2,1.5,4.3,35.3
256,Ty Jerome,GSW,25,34,32,100,2.7,5.4,50.3,57.9,61.7,1.9,3.3,56.6,38.3,0.8,2.1,39.8
257,Mo Bamba,LAL,24,40,38,100,2.6,5.3,49.5,59.6,49.5,1.6,2.6,59.6,50.5,1.1,2.7,40.0
258,Edmond Sumner,BKN,27,46,43,100,2.5,5.3,45.9,51.6,67.1,1.9,3.6,51.5,32.9,0.6,1.8,34.7
259,Jordan Goodwin,WAS,24,40,39,100,2.4,5.3,45.3,51.4,68.7,1.8,3.7,48.4,31.3,0.7,1.7,38.7
260,MarJon Beauchamp,MIL,22,37,35,100,2.2,5.3,40.4,50.0,40.9,1.1,2.2,52.1,59.1,1.0,3.2,32.6
261,Patrick Beverley,ORL,34,45,45,100,2.1,5.3,40.0,51.3,34.6,0.9,1.8,50.5,65.4,1.2,3.5,34.4
262,Jaden Hardy,DAL,20,29,28,100,2.2,5.2,43.0,50.3,55.6,1.5,2.9,51.0,44.4,0.8,2.3,32.9
263,John Konchar,MEM,26,47,46,100,2.2,5.2,43.0,53.1,44.3,1.2,2.3,51.7,55.7,1.0,2.9,36.0
264,Jordan Nwora,IND,24,38,36,100,2.0,5.2,38.6,48.7,48.2,0.9,2.5,38.0,51.8,1.1,2.7,39.2
265,Trey Lyles,SAC,27,50,48,100,2.5,5.2,47.7,58.3,42.2,1.4,2.2,62.4,57.8,1.1,3.0,36.9
266,Cody Martin,CHA,27,7,6,100,2.0,5.1,38.9,43.1,61.1,1.6,3.1,50.0,38.9,0.4,2.0,21.5
267,Anthony Lamb,GSW,25,41,40,100,2.5,5.1,49.8,62.7,34.0,1.2,1.7,70.5,66.0,1.3,3.4,39.2
268,Davion Mitchell,SAC,24,55,55,100,2.3,5.0,45.0,52.5,53.2,1.5,2.7,56.1,46.8,0.8,2.4,32.2
269,Delon Wright,WAS,30,26,26,100,2.1,5.0,41.2,47.3,55.7,1.5,2.8,52.0,44.3,0.6,2.2,27.8
270,Robert Williams III,BOS,25,21,21,100,3.8,5.0,76.2,76.2,100.0,3.8,5.0,76.2,0.0,0.0,0.0,-
271,Aaron Wiggins,OKC,24,44,42,100,2.5,5.0,50.0,57.0,64.5,1.8,3.2,55.7,35.5,0.7,1.8,39.5
272,Walker Kessler,UTA,21,55,53,100,3.6,5.0,71.5,71.5,100.0,3.6,5.0,71.5,0.0,0.0,0.0,-
273,Jock Landale,PHX,27,49,47,100,2.6,5.0,52.0,55.5,70.1,2.2,3.5,64.2,29.9,0.3,1.5,23.5
274,Nicolas Batum,LAC,34,55,54,100,2.0,4.9,41.5,57.0,19.3,0.5,0.9,53.7,80.7,1.5,4.0,38.6
275,Nick Richards,CHA,25,43,41,100,3.0,4.8,62.5,62.5,100.0,3.0,4.8,62.4,0.0,0.0,0.0,-
276,Chuma Okeke,ORL,24,18,18,100,1.8,4.8,36.8,47.1,31.0,0.8,1.5,52.0,69.0,1.0,3.3,30.0
277,Dario Saric,OKC,28,37,35,100,2.0,4.8,42.7,50.3,61.2,1.3,3.0,44.7,38.8,0.7,1.9,39.2
278,Patty Mills,BKN,34,36,36,100,2.0,4.8,41.0,52.6,36.4,0.9,1.8,49.1,63.6,1.1,3.1,36.3
279,Daniel Theis,IND,30,5,5,100,2.6,4.8,54.2,56.3,79.2,2.4,3.8,63.2,20.8,0.2,1.0,20.0
280,Mike Muscala,BOS,31,44,42,100,2.1,4.8,44.1,58.3,28.9,0.8,1.4,54.0,71.1,1.4,3.4,39.9
281,Jonathan Isaac,ORL,25,9,9,100,2.0,4.8,41.9,46.5,72.1,1.6,3.4,45.3,27.9,0.4,1.3,33.1
282,JaMychal Green,GSW,32,36,35,100,2.5,4.8,52.6,59.1,59.6,1.9,2.8,66.8,40.4,0.6,1.9,31.8
283,Willy Hernangomez,NOP,28,28,26,100,2.5,4.8,52.6,53.0,93.2,2.5,4.4,55.5,6.8,0.0,0.3,12.5
284,Devonte' Graham,SAS,27,55,55,100,1.8,4.8,37.2,51.5,18.4,0.4,0.9,46.0,81.6,1.4,3.9,35.1
285,Rudy Gay,UTA,36,43,43,100,1.8,4.7,38.2,43.9,53.4,1.3,2.5,50.6,46.6,0.5,2.2,24.0
286,Maxi Kleber,DAL,31,22,21,100,2.3,4.7,49.0,60.6,37.5,1.2,1.8,69.5,62.5,1.1,3.0,36.9
287,Robert Covington,LAC,32,36,34,100,1.9,4.7,40.6,50.9,38.2,0.9,1.8,51.9,61.8,1.0,2.9,33.2
288,Isaiah Jackson,IND,21,43,41,100,2.7,4.7,56.9,57.4,94.6,2.6,4.4,59.2,5.4,0.1,0.3,19.2
289,Malachi Flynn,TOR,24,40,38,100,1.7,4.7,35.6,45.7,44.1,0.7,2.1,35.1,55.9,0.9,2.6,36.1
290,Sam Hauser,BOS,25,54,51,100,2.1,4.7,44.3,61.5,16.2,0.5,0.8,60.5,83.8,1.6,3.9,41.0
291,Isaiah Livers,DET,24,34,34,100,1.9,4.7,40.5,54.4,22.2,0.6,1.0,57.3,77.8,1.3,3.6,35.6
292,Daniel Gafford,WAS,24,53,51,100,3.5,4.6,74.4,74.4,100.0,3.5,4.6,74.4,0.0,0.0,0.0,-
293,Isaac Okoro,CLE,22,59,57,100,2.3,4.6,49.3,57.5,52.9,1.5,2.5,62.2,47.1,0.8,2.2,34.7
294,Nassir Little,POR,23,35,34,100,2.2,4.6,47.5,58.3,46.9,1.2,2.2,55.3,53.1,1.0,2.5,40.7
295,Nickeil Alexander-Walker,MIN,24,37,34,100,2.2,4.6,48.5,58.8,49.1,1.3,2.3,57.3,50.9,0.9,2.4,40.4
296,Mitchell Robinson,NYK,24,38,36,100,3.1,4.6,67.4,67.4,100.0,3.1,4.6,67.5,0.0,0.0,0.0,-
297,Nikola Jovic,MIA,19,15,13,100,1.9,4.6,40.6,46.4,49.3,1.3,2.3,58.6,50.7,0.5,2.3,22.7
298,Luka Garza,MIN,24,22,21,100,2.4,4.6,52.5,58.9,64.4,1.8,3.0,61.7,35.6,0.6,1.6,36.0
299,Lamar Stevens,CLE,25,41,38,100,2.1,4.5,46.2,51.3,67.2,1.6,3.0,53.4,32.8,0.5,1.5,30.9
300,TyTy Washington Jr.,HOU,21,21,20,100,1.7,4.5,36.8,40.5,53.7,1.3,2.4,54.7,46.3,0.3,2.1,15.7
301,Payton Pritchard,BOS,25,40,36,100,1.8,4.5,40.0,50.0,39.4,0.9,1.8,50.6,60.6,0.9,2.7,33.0
302,Josh Okogie,PHX,24,48,41,100,1.8,4.5,39.8,46.3,58.3,1.2,2.6,46.0,41.7,0.6,1.9,30.9
303,James Bouknight,CHA,22,26,23,100,1.5,4.5,34.2,41.0,47.9,0.9,2.1,42.8,52.1,0.6,2.4,26.4
304,James Wiseman,DET,21,21,19,100,2.8,4.5,62.8,63.3,97.9,2.8,4.4,63.0,2.1,0.1,0.1,50.0
305,Oshae Brissett,IND,24,49,46,100,1.7,4.5,38.8,47.7,46.6,0.9,2.1,45.2,53.4,0.8,2.4,33.5
306,Justin Holiday,HOU,33,28,27,100,1.7,4.5,38.4,50.4,30.4,0.6,1.4,47.1,69.6,1.1,3.1,34.4
307,Yuta Watanabe,BKN,28,42,42,100,2.3,4.5,51.9,65.5,43.3,1.1,1.9,57.0,56.7,1.2,2.5,48.0
308,Dean Wade,CLE,26,29,26,100,2.0,4.5,45.0,58.9,29.5,0.8,1.3,58.0,70.5,1.2,3.1,39.5
309,Mark Williams,CHA,21,27,25,100,2.9,4.4,64.2,64.2,100.0,2.9,4.4,64.2,0.0,0.0,0.0,-
310,Dalano Banton,TOR,23,24,22,100,1.8,4.4,41.5,47.6,58.5,1.3,2.6,50.0,41.5,0.5,1.8,29.5
311,Andre Drummond,CHI,29,43,39,100,2.8,4.4,63.0,63.0,98.9,2.8,4.3,63.7,1.1,0.0,0.1,0.0
312,Darius Bazley,PHX,22,36,32,100,2.0,4.4,44.9,50.6,71.5,1.5,3.1,46.8,28.5,0.5,1.3,40.0
313,Haywood Highsmith,MIA,26,41,37,100,1.9,4.4,42.8,52.2,47.8,1.1,2.1,50.0,52.2,0.8,2.3,36.2
314,R.J. Hampton,ORL,22,26,23,100,1.9,4.4,43.9,51.8,53.5,1.2,2.4,52.3,46.5,0.7,2.0,33.8
315,Keon Johnson,POR,20,26,25,100,1.6,4.3,37.2,45.6,52.2,0.9,2.3,38.8,47.8,0.7,2.1,35.1
316,Kira Lewis Jr.,NOP,21,12,10,100,2.2,4.3,50.0,56.7,67.3,1.6,2.9,54.1,32.7,0.6,1.4,40.8
317,Theo Maledon,CHA,21,36,33,100,1.8,4.3,41.3,48.1,60.0,1.2,2.6,46.1,40.0,0.6,1.7,33.7
318,Wenyen Gabriel,LAL,25,44,42,100,2.7,4.3,61.9,64.3,84.7,2.5,3.6,67.3,15.3,0.2,0.7,30.3
319,Dewayne Dedmon,MIA,33,30,29,100,2.1,4.3,49.6,53.9,71.3,1.8,3.1,57.7,28.7,0.4,1.2,30.1
320,Jarrett Culver,ATL,23,10,9,100,1.7,4.3,39.5,40.7,72.1,1.6,3.1,51.6,27.9,0.1,1.2,8.3
321,Cory Joseph,DET,31,38,37,100,1.7,4.3,38.7,45.7,55.2,1.1,2.4,44.3,44.8,0.6,1.9,31.8
322,Jalen Johnson,ATL,21,53,50,100,2.0,4.3,47.6,52.4,65.6,1.6,2.8,57.7,34.4,0.4,1.5,28.6
323,Kevin Knox II,POR,23,42,41,100,2.0,4.3,46.9,58.9,35.2,1.0,1.5,65.3,64.8,1.0,2.8,37.0
324,Austin Rivers,MIN,30,44,41,100,1.9,4.3,46.0,56.7,41.7,1.1,1.8,59.3,58.3,0.9,2.5,36.7
325,Isaiah Hartenstein,NYK,24,58,57,100,2.2,4.2,51.2,52.8,86.2,2.0,3.7,55.5,13.8,0.1,0.6,23.7
326,Alex Caruso,CHI,28,47,45,100,1.9,4.2,44.7,54.5,49.2,1.1,2.1,50.7,50.8,0.8,2.1,38.6
327,Kevon Looney,GSW,27,55,54,100,2.7,4.2,64.2,64.2,100.0,2.7,4.2,64.2,0.0,0.0,0.0,-
328,Saben Lee,PHX,23,18,17,100,1.8,4.2,42.1,46.7,76.3,1.4,3.2,43.2,23.7,0.4,1.0,39.0
329,Stanley Johnson,SAS,26,29,29,100,2.2,4.2,52.9,60.3,66.9,1.6,2.8,57.0,33.1,0.6,1.4,44.9
330,Blake Wesley,SAS,19,12,12,100,1.7,4.2,40.0,47.0,70.0,1.1,2.9,37.0,30.0,0.6,1.3,46.4
331,Eugene Omoruyi,OKC,25,22,21,100,1.9,4.1,47.3,51.6,67.0,1.6,2.8,57.4,33.0,0.4,1.4,26.5
332,Trevelin Queen,IND,25,7,7,100,1.0,4.1,24.1,27.6,48.3,0.7,2.0,35.5,51.7,0.3,2.1,13.6
333,Jaylin Williams,OKC,20,23,22,100,2.0,4.1,49.5,57.9,66.3,1.4,2.7,49.3,33.7,0.7,1.4,50.4
334,Patrick Baldwin Jr.,GSW,20,15,13,100,1.8,4.1,43.5,61.3,21.0,0.3,0.9,37.9,79.0,1.5,3.3,45.0
335,Ousmane Dieng,OKC,19,19,18,100,1.7,4.0,41.6,50.0,41.6,1.0,1.7,59.5,58.4,0.7,2.4,28.7
336,Vlatko Cancar,DEN,25,42,36,100,2.0,4.0,50.0,61.3,50.0,1.1,2.0,55.0,50.0,0.9,2.0,45.0
337,Dyson Daniels,NOP,19,39,36,100,1.8,4.0,44.2,50.6,61.5,1.3,2.5,51.2,38.5,0.5,1.5,33.1
338,Thaddeus Young,TOR,34,45,43,100,2.2,4.0,56.2,57.6,83.7,2.1,3.3,63.7,16.3,0.1,0.6,17.2
339,Josh Christopher,HOU,21,38,35,100,1.8,3.9,46.3,49.3,73.8,1.6,2.9,54.7,26.2,0.2,1.0,23.3
340,Ish Wainright,PHX,28,40,36,100,1.5,3.9,39.1,51.9,26.3,0.5,1.0,51.5,73.7,1.0,2.9,34.7
341,Derrick Jones Jr.,CHI,25,44,43,100,1.9,3.8,49.7,55.1,68.3,1.5,2.6,57.1,31.7,0.4,1.2,34.2
342,Moses Moody,GSW,20,41,37,100,1.7,3.8,44.2,55.1,37.8,0.8,1.4,59.0,62.2,0.8,2.4,35.0
343,Isaiah Roby,SAS,25,40,35,100,1.6,3.8,43.0,49.0,61.6,1.2,2.3,50.6,38.4,0.5,1.4,31.0
344,Garrison Mathews,ATL,26,45,43,100,1.3,3.8,35.3,50.9,8.8,0.2,0.3,48.5,91.2,1.2,3.4,34.3
345,George Hill,IND,36,35,32,100,1.7,3.8,44.7,53.4,43.9,1.0,1.7,62.0,56.1,0.7,2.1,31.3
346,Aaron Holiday,ATL,26,49,45,100,1.6,3.8,42.4,50.8,59.8,1.0,2.2,42.9,40.2,0.6,1.5,41.7
347,Otto Porter Jr.,TOR,29,8,8,100,1.9,3.8,50.0,60.0,43.3,1.1,1.6,69.3,56.7,0.8,2.1,35.2
348,Montrezl Harrell,PHI,29,49,44,100,2.2,3.7,60.1,60.1,98.9,2.2,3.7,60.7,1.1,0.0,0.0,0.0
349,Javonte Green,CHI,29,28,26,100,2.2,3.7,58.7,64.9,67.3,1.7,2.5,68.4,32.7,0.5,1.2,38.0
350,Jamal Cain,MIA,23,13,12,100,1.9,3.7,52.1,54.2,77.1,1.8,2.9,62.1,22.9,0.1,0.8,17.6
351,Danny Green,HOU,35,3,3,100,1.0,3.7,27.3,40.9,27.3,0.0,1.0,0.0,72.7,1.0,2.7,37.5
352,Miles McBride,NYK,22,45,41,100,1.2,3.6,33.7,42.9,36.2,0.6,1.3,42.7,63.8,0.7,2.3,29.0
353,Drew Eubanks,POR,26,54,51,100,2.5,3.6,69.6,70.4,96.4,2.4,3.5,70.5,3.6,0.1,0.1,46.2
354,Xavier Tillman,MEM,24,36,34,100,2.2,3.6,60.5,61.6,92.2,2.1,3.3,62.8,7.8,0.1,0.3,28.6
355,Trendon Watford,POR,22,40,39,100,2.0,3.6,57.3,62.2,78.3,1.7,2.8,60.7,21.7,0.3,0.8,44.9
356,Jaxson Hayes,NOP,22,31,29,100,1.9,3.6,53.2,54.5,78.4,1.8,2.8,64.4,21.6,0.1,0.8,13.0
357,Christian Braun,DEN,21,52,43,100,1.7,3.6,48.6,54.3,68.6,1.3,2.4,54.5,31.4,0.4,1.1,35.7
358,Caleb Houstan,ORL,20,32,31,100,1.4,3.6,40.4,53.9,28.9,0.5,1.0,45.6,71.1,1.0,2.5,38.3
359,Dwight Powell,DAL,31,53,49,100,2.5,3.5,71.8,71.8,98.4,2.5,3.5,73.1,1.6,0.0,0.1,0.0
360,Daishen Nix,HOU,20,41,37,100,1.2,3.5,34.5,44.5,35.2,0.5,1.2,41.1,64.8,0.7,2.3,31.0
361,Lindy Waters III,OKC,25,21,20,100,1.4,3.5,39.2,56.1,8.1,0.2,0.3,65.5,91.9,1.2,3.2,36.7
362,Chimezie Metu,SAC,25,43,39,100,2.1,3.5,60.7,63.3,79.3,1.9,2.8,69.7,20.7,0.2,0.7,26.4
363,Zeke Nnaji,DEN,22,44,38,100,2.0,3.5,57.2,61.5,70.4,1.7,2.4,69.1,29.6,0.3,1.0,29.4
364,Jordan McLaughlin,MIN,26,22,22,100,1.4,3.5,42.1,48.0,48.7,1.1,1.7,62.5,51.3,0.4,1.8,23.2
365,Amir Coffey,LAC,25,39,29,100,1.3,3.4,38.8,42.5,73.1,1.1,2.5,43.0,26.9,0.3,0.9,28.3
366,Bryce McGowens,CHA,20,24,21,100,1.3,3.4,39.0,44.5,65.9,1.0,2.3,42.7,34.1,0.4,1.2,32.5
367,Admiral Schofield,ORL,25,27,22,100,1.6,3.4,47.8,57.6,41.3,1.0,1.4,68.1,58.7,0.7,2.0,33.5
368,Serge Ibaka,MIL,33,16,16,100,1.6,3.4,48.1,53.7,66.7,1.3,2.3,55.6,33.3,0.4,1.1,33.6
369,AJ Green,MIL,23,25,18,100,1.5,3.4,44.0,60.7,16.7,0.4,0.6,64.3,83.3,1.1,2.8,40.0
370,Matt Ryan,MIN,25,32,26,100,1.3,3.3,37.4,52.3,22.4,0.3,0.8,33.3,77.6,1.0,2.6,38.6
371,Simone Fontecchio,UTA,27,29,24,100,1.2,3.3,37.1,49.0,29.9,0.5,1.0,45.0,70.1,0.8,2.3,33.8
372,Bryn Forbes,MIN,29,25,23,100,1.2,3.3,36.1,44.6,44.6,0.6,1.5,43.2,55.4,0.6,1.8,30.4
373,Danuel House Jr.,PHI,29,36,35,100,1.5,3.3,46.6,56.8,39.8,0.9,1.3,65.6,60.2,0.7,2.0,34.0
374,Davis Bertans,DAL,30,34,33,100,1.4,3.3,42.3,59.0,12.6,0.3,0.4,70.7,87.4,1.1,2.9,38.2
375,Ochai Agbaji,UTA,22,35,29,100,1.5,3.2,48.6,60.4,40.5,0.8,1.3,62.0,59.5,0.7,1.9,39.2
376,Gorgui Dieng,SAS,33,19,16,100,1.3,3.2,40.0,50.0,31.7,0.6,1.0,63.0,68.3,0.6,2.2,29.2
377,Jason Preston,LAC,23,13,12,100,1.4,3.1,43.9,50.0,56.1,1.0,1.8,56.5,43.9,0.4,1.4,27.5
378,Furkan Korkmaz,PHI,25,25,19,100,1.3,3.1,41.0,48.7,55.1,0.8,1.7,46.5,44.9,0.5,1.4,34.3
379,Ish Smith,DEN,34,28,21,100,1.3,3.1,41.4,42.5,93.1,1.2,2.9,41.9,6.9,0.1,0.2,33.3
380,Jordan Hall,SAS,21,9,8,100,1.0,3.1,32.1,37.5,46.4,0.7,1.4,46.5,53.6,0.3,1.7,19.8
381,Day'Ron Sharpe,BKN,21,31,25,100,1.6,3.1,52.1,54.2,93.8,1.5,2.9,51.0,6.3,0.1,0.2,68.4
382,Wesley Matthews,MIL,36,37,35,100,1.0,3.1,33.3,46.5,20.2,0.2,0.6,35.5,79.8,0.8,2.5,32.9
383,David Duke Jr.,BKN,23,15,13,100,1.4,3.1,45.7,45.7,87.0,1.4,2.7,52.4,13.0,0.0,0.4,0.0
384,Blake Griffin,BOS,33,24,19,100,1.5,3.0,50.7,61.0,47.9,0.9,1.5,63.0,52.1,0.6,1.6,39.9
385,Markieff Morris,DAL,33,27,25,100,1.2,3.0,40.2,52.4,40.2,0.5,1.2,39.3,59.8,0.7,1.8,40.9
386,JaVale McGee,DAL,35,34,32,100,1.8,3.0,60.2,60.7,96.1,1.8,2.9,61.5,3.9,0.0,0.1,25.0
387,Bismack Biyombo,PHX,30,45,39,100,1.7,3.0,56.6,56.6,100.0,1.7,3.0,56.6,0.0,0.0,0.0,-
388,Orlando Robinson,MIA,22,27,24,100,1.6,3.0,53.1,53.1,93.8,1.6,2.8,56.6,6.2,0.0,0.2,0.0
389,Bruno Fernando,ATL,24,31,29,100,1.6,3.0,51.6,51.6,98.9,1.6,3.0,52.2,1.1,0.0,0.0,0.0
390,Max Christie,LAL,20,34,29,100,1.3,3.0,42.2,54.9,40.2,0.5,1.2,41.3,59.8,0.8,1.8,42.5
391,Jared Rhoden,DET,23,1,1,100,1.0,3.0,33.3,33.3,66.7,1.0,2.0,50.0,33.3,0.0,1.0,0.0
392,Charles Bassey,SAS,22,24,20,100,2.0,2.9,67.1,68.6,91.4,1.9,2.7,70.4,8.6,0.1,0.3,32.0
393,P.J. Tucker,PHI,37,53,48,100,1.2,2.9,41.8,53.3,41.2,0.6,1.2,46.2,58.8,0.7,1.7,38.8
394,Jake LaRavia,MEM,21,30,23,100,1.1,2.9,39.5,51.7,27.9,0.4,0.8,53.8,72.1,0.7,2.1,33.8
395,Dru Smith,BKN,25,7,6,100,1.1,2.9,40.0,45.0,55.0,0.9,1.6,54.8,45.0,0.3,1.3,22.5
396,Kevon Harris,ORL,25,27,24,100,1.2,2.9,41.6,48.7,63.6,0.8,1.8,43.1,36.4,0.4,1.0,39.4
397,DeAndre Jordan,DEN,34,34,32,100,2.2,2.8,77.1,77.6,99.0,2.1,2.8,77.1,1.0,0.0,0.0,100
398,Moses Brown,LAC,23,34,28,100,1.8,2.8,63.5,63.5,100.0,1.8,2.8,63.5,0.0,0.0,0.0,-
399,Christian Koloko,TOR,22,45,41,100,1.4,2.8,48.8,49.2,92.8,1.3,2.6,51.6,7.2,0.0,0.2,10.0
400,Trent Forrest,ATL,24,18,15,100,1.3,2.8,48.0,48.0,96.0,1.3,2.7,49.8,4.0,0.0,0.1,0.0
401,Juancho Hernangomez,TOR,27,41,33,100,1.2,2.8,42.5,50.0,41.6,0.8,1.1,66.1,58.4,0.4,1.6,25.5
402,Kennedy Chandler,MEM,20,24,19,100,1.1,2.8,39.4,40.9,78.8,1.0,2.2,46.1,21.2,0.1,0.6,13.8
403,Gary Payton II,GSW,30,15,14,100,1.6,2.7,58.5,69.5,58.5,1.0,1.6,62.5,41.5,0.6,1.1,53.1
404,Rodney McGruder,DET,31,21,17,100,1.1,2.7,38.6,52.6,28.1,0.3,0.8,38.2,71.9,0.8,1.9,39.0
405,Taj Gibson,WAS,37,35,30,100,1.4,2.6,54.3,56.0,83.7,1.3,2.2,60.9,16.3,0.1,0.4,20.9
406,Frank Ntilikina,DAL,24,34,28,100,0.9,2.6,35.2,40.9,47.7,0.6,1.2,50.0,52.3,0.3,1.4,21.5
407,JT Thor,CHA,20,45,39,100,0.9,2.6,36.5,42.2,50.4,0.6,1.3,49.6,49.6,0.3,1.3,22.8
408,Joe Wieskamp,TOR,23,2,2,100,1.5,2.5,60.0,90.0,20.0,0.0,0.5,0.0,80.0,1.5,2.0,75.0
409,Moussa Diabate,LAC,21,16,11,100,1.3,2.5,52.5,53.8,95.0,1.3,2.4,52.5,5.0,0.1,0.1,46.2
410,Dominick Barlow,SAS,19,8,8,100,1.3,2.5,50.0,50.0,80.0,1.3,2.0,62.5,20.0,0.0,0.5,0.0
411,Terry Taylor,IND,23,26,20,100,1.1,2.5,46.2,49.2,72.3,1.0,1.8,55.2,27.7,0.1,0.7,21.7
412,Goga Bitadze,IND,23,21,16,100,1.3,2.5,51.9,55.8,73.1,1.1,1.8,60.8,26.9,0.2,0.7,28.4
413,Josh Minott,MIN,20,11,8,100,1.3,2.5,51.9,53.7,85.2,1.2,2.1,56.5,14.8,0.1,0.4,25.0
414,Usman Garuba,HOU,20,49,45,100,1.3,2.4,52.5,58.5,73.7,1.0,1.8,55.1,26.3,0.3,0.6,46.0
415,Luke Kornet,BOS,27,48,37,100,1.7,2.4,70.4,71.7,92.2,1.6,2.2,73.8,7.8,0.1,0.2,31.6
416,Matisse Thybulle,POR,25,49,36,100,1.0,2.4,43.1,52.2,45.7,0.6,1.1,54.6,54.3,0.4,1.3,33.3
417,McKinley Wright IV,DAL,24,19,14,100,1.0,2.4,42.2,44.4,73.3,0.9,1.7,51.1,26.7,0.1,0.6,17.5
418,Sandro Mamukelashvili,MIL,23,23,21,100,0.8,2.4,35.2,41.7,48.1,0.5,1.1,46.0,51.9,0.3,1.2,24.6
419,Paul Reed,PHI,23,42,30,100,1.3,2.3,57.3,57.3,95.8,1.3,2.2,59.8,4.2,0.0,0.1,0.0
420,Davon Reed,LAL,27,35,25,100,0.7,2.3,31.3,41.3,45.0,0.3,1.0,25.2,55.0,0.5,1.3,36.5
421,Jabari Walker,POR,20,36,29,100,1.0,2.3,44.4,47.5,74.1,0.9,1.7,51.5,25.9,0.1,0.6,24.1
422,Kenneth Lofton Jr.,MEM,20,8,7,100,0.9,2.3,38.9,38.9,83.3,0.9,1.9,46.8,16.7,0.0,0.4,0.0
423,James Johnson,IND,35,12,10,100,0.8,2.3,37.0,42.6,63.0,0.6,1.4,40.8,37.0,0.3,0.8,30.1
424,Jericho Sims,NYK,24,45,36,100,1.7,2.2,77.2,77.2,99.0,1.7,2.2,77.9,1.0,0.0,0.0,0.0
425,Nathan Knight,MIN,25,33,22,100,1.3,2.2,56.8,62.2,71.6,1.0,1.6,64.0,28.4,0.2,0.6,37.5
426,Juan Toscano-Anderson,UTA,29,30,25,100,1.1,2.2,50.0,53.0,69.7,1.0,1.5,63.4,30.3,0.1,0.7,19.4
427,Kai Jones,CHA,22,27,22,100,1.1,2.2,52.5,55.1,81.4,1.0,1.8,58.4,18.6,0.1,0.4,26.8
428,Raul Neto,CLE,30,38,28,100,1.1,2.2,51.8,58.4,57.8,0.8,1.3,66.7,42.2,0.3,0.9,31.5
429,Nerlens Noel,DET,28,14,12,100,0.9,2.1,40.0,41.7,93.3,0.8,2.0,39.5,6.7,0.1,0.1,50.0
430,Richaun Holmes,SAC,29,33,26,100,1.4,2.1,68.1,70.3,94.2,1.3,2.0,67.5,5.8,0.1,0.1,75.0
431,Anthony Gill,WAS,30,39,27,100,1.2,2.0,60.0,61.9,76.3,1.1,1.6,73.7,23.8,0.1,0.5,16.3
432,Neemias Queta,SAC,23,4,2,100,1.5,2.0,75.0,75.0,100.0,1.5,2.0,75.0,0.0,0.0,0.0,-
433,Scotty Pippen Jr.,LAL,22,6,5,100,0.7,2.0,33.3,37.5,75.0,0.5,1.5,33.3,25.0,0.2,0.5,34.0
434,Udonis Haslem,MIA,42,6,6,100,0.2,2.0,8.3,8.3,83.3,0.2,1.7,10.2,16.7,0.0,0.3,0.0
435,Garrett Temple,NOP,36,18,16,100,0.8,1.9,42.9,55.7,40.0,0.3,0.8,42.3,60.0,0.5,1.2,42.7
436,Robin Lopez,CLE,34,30,21,100,1.2,1.9,64.3,66.1,94.6,1.1,1.8,63.8,5.4,0.1,0.1,70.0
437,Jeff Dowtin Jr.,TOR,25,14,9,100,0.9,1.8,48.0,50.0,84.0,0.8,1.5,52.7,16.0,0.1,0.3,24.1
438,Greg Brown III,POR,21,16,12,100,0.7,1.8,39.3,41.1,75.0,0.6,1.3,48.1,25.0,0.1,0.4,13.6
439,Jaden Springer,PHI,20,7,6,100,1.0,1.7,58.3,58.3,100.0,1.0,1.7,58.5,0.0,0.0,0.0,-
440,Kessler Edwards,SAC,22,14,10,100,0.4,1.7,25.0,29.2,50.0,0.3,0.9,33.7,50.0,0.1,0.9,16.3
441,Frank Kaminsky,HOU,29,26,16,100,1.0,1.7,56.8,69.3,47.7,0.5,0.8,66.7,52.3,0.4,0.9,47.7
442,Damian Jones,UTA,27,22,12,100,0.9,1.7,54.1,54.1,91.9,0.9,1.6,58.7,8.1,0.0,0.1,0.0
443,Tyler Dorsey,DAL,26,3,2,100,1.3,1.7,80.0,90.0,60.0,1.0,1.0,100,40.0,0.3,0.7,49.3
444,Ron Harper Jr.,TOR,22,3,3,100,1.0,1.7,60.0,80.0,40.0,0.3,0.7,49.3,60.0,0.7,1.0,67.0
445,A.J. Lawson,DAL,22,12,9,100,0.8,1.7,45.0,57.5,35.0,0.3,0.6,56.9,65.0,0.4,1.1,38.9
446,Ryan Rollins,GSW,20,12,9,100,0.6,1.7,35.0,42.5,55.0,0.3,0.9,35.9,45.0,0.3,0.8,33.3
447,Mamadi Diakite,CLE,26,16,13,100,0.7,1.6,42.3,50.0,42.3,0.4,0.7,63.8,57.7,0.3,0.9,26.6
448,Facundo Campazzo,DAL,31,8,4,100,0.4,1.6,23.1,34.6,15.4,0.0,0.3,0.0,84.6,0.4,1.4,27.5
449,Khem Birch,SAS,30,20,15,100,0.9,1.6,59.4,60.9,93.8,0.9,1.5,60.0,6.3,0.1,0.1,50.0
450,Theo Pinson,DAL,27,30,18,100,0.6,1.6,37.5,51.0,27.1,0.2,0.4,39.5,72.9,0.4,1.2,36.8
451,Boban Marjanovic,HOU,34,17,12,100,1.1,1.6,66.7,66.7,96.3,1.1,1.5,69.3,3.7,0.0,0.1,0.0
452,Peyton Watson,DEN,20,11,9,100,0.8,1.6,52.9,55.9,88.2,0.7,1.4,53.7,11.8,0.1,0.2,50.0
453,Wendell Moore Jr.,MIN,21,24,18,100,0.6,1.5,40.5,43.2,56.8,0.5,0.9,61.4,43.2,0.1,0.7,11.9
454,Alize Johnson,SAS,26,4,2,100,0.8,1.5,50.0,50.0,66.7,0.8,1.0,75.0,33.3,0.0,0.5,0.0
455,Cole Swider,LAL,23,6,4,100,0.5,1.5,33.3,50.0,11.1,0.0,0.2,0.0,88.9,0.5,1.3,37.6
456,Jamaree Bouyea,MIA,23,2,1,100,0.5,1.5,33.3,33.3,66.7,0.5,1.0,50.0,33.3,0.0,0.5,0.0
457,Devon Dotson,WAS,23,6,5,100,0.2,1.5,11.1,16.7,66.7,0.0,1.0,0.0,33.3,0.2,0.5,34.0
458,Vince Williams Jr.,MEM,22,9,7,100,0.3,1.4,23.1,26.9,30.8,0.2,0.4,50.0,69.2,0.1,1.0,11.0
459,Johnny Davis,WAS,20,12,8,100,0.4,1.4,29.4,29.4,82.4,0.4,1.2,35.9,17.6,0.0,0.3,0.0
460,Matthew Dellavedova,SAC,32,23,14,100,0.5,1.4,37.5,46.9,53.1,0.3,0.7,35.1,46.9,0.3,0.7,40.0
461,Leandro Bolmaro,UTA,22,14,11,100,0.2,1.4,15.8,15.8,78.9,0.2,1.1,19.6,21.1,0.0,0.3,0.0
462,Vit Krejci,ATL,22,20,12,100,0.5,1.4,37.0,46.3,33.3,0.3,0.5,55.6,66.7,0.3,0.9,27.8
463,Tyrese Martin,ATL,23,13,9,100,0.5,1.2,37.5,40.6,68.8,0.4,0.8,44.7,31.3,0.1,0.4,21.1
464,Kendall Brown,IND,19,6,4,100,0.7,1.2,57.1,57.1,85.7,0.7,1.0,67.0,14.3,0.0,0.2,0.0
465,Justin Jackson,BOS,27,23,15,100,0.3,1.2,25.9,35.2,25.9,0.1,0.3,30.0,74.1,0.2,0.9,25.3
466,Keon Ellis,SAC,23,8,4,100,0.8,1.1,66.7,94.4,22.2,0.1,0.3,52.0,77.8,0.6,0.9,71.6
467,KZ Okpala,SAC,23,35,18,100,0.5,1.1,42.1,51.3,44.7,0.3,0.5,53.1,55.3,0.2,0.6,33.3
468,Jack White,DEN,25,13,7,100,0.4,1.1,35.7,39.3,57.1,0.3,0.6,50.0,42.9,0.1,0.5,17.4
469,Noah Vonleh,BOS,27,23,10,100,0.5,1.0,45.8,47.9,83.3,0.4,0.9,49.4,16.7,0.0,0.2,23.5
470,Darius Days,HOU,23,1,1,100,1.0,1.0,100.0,100.0,100.0,1.0,1.0,100,0.0,0.0,0.0,-
471,Chris Silva,DAL,26,1,1,100,1.0,1.0,100.0,100.0,100.0,1.0,1.0,100,0.0,0.0,0.0,-
472,Justin Champagnie,TOR,21,3,2,100,1.0,1.0,100.0,100.0,100.0,1.0,1.0,100,0.0,0.0,0.0,-
473,Udoka Azubuike,UTA,23,22,12,100,0.9,1.0,86.4,86.4,100.0,0.9,1.0,86.0,0.0,0.0,0.0,-
474,Isaiah Mobley,CLE,23,8,5,100,0.5,1.0,50.0,56.3,75.0,0.4,0.8,50.7,25.0,0.1,0.3,52.0
475,Chima Moneke,SAC,27,2,2,100,0.5,1.0,50.0,50.0,100.0,0.5,1.0,50.0,0.0,0.0,0.0,-
476,Dereon Seabron,NOP,22,4,2,100,0.5,1.0,50.0,50.0,100.0,0.5,1.0,50.0,0.0,0.0,0.0,-
477,Mfiondu Kabengele,BOS,25,2,1,100,0.5,1.0,50.0,50.0,50.0,0.5,0.5,100,50.0,0.0,0.5,0.0
478,Jordan Schakel,WAS,24,2,1,100,0.5,1.0,50.0,75.0,50.0,0.0,0.5,0.0,50.0,0.5,0.5,100
479,Isaiah Todd,WAS,21,4,3,100,0.3,1.0,25.0,25.0,25.0,0.3,0.3,100,75.0,0.0,0.8,0.0
480,JD Davison,BOS,20,5,3,100,0.2,1.0,20.0,20.0,60.0,0.2,0.6,33.3,40.0,0.0,0.4,0.0
481,Trevor Keels,NYK,19,1,1,100,0.0,1.0,0.0,0.0,0.0,0.0,0.0,-,100.0,0.0,1.0,0.0
482,Quenton Jackson,WAS,24,1,1,100,0.0,1.0,0.0,0.0,0.0,0.0,0.0,-,100.0,0.0,1.0,0.0
483,Julian Champagnie,PHI,21,2,2,100,0.0,1.0,0.0,0.0,50.0,0.0,0.5,0.0,50.0,0.0,0.5,0.0
484,Marko Simonovic,CHI,23,1,1,100,0.0,1.0,0.0,0.0,0.0,0.0,0.0,-,100.0,0.0,1.0,0.0
485,Deonte Burton,SAC,29,2,2,100,0.0,1.0,0.0,0.0,50.0,0.0,0.5,0.0,50.0,0.0,0.5,0.0
486,Sterling Brown,LAL,28,4,2,100,0.0,1.0,0.0,0.0,50.0,0.0,0.5,0.0,50.0,0.0,0.5,0.0
487,Svi Mykhailiuk,CHA,25,13,8,100,0.5,0.9,50.0,75.0,16.7,0.0,0.1,0.0,83.3,0.5,0.8,59.7
488,Dalen Terry,CHI,20,19,11,100,0.3,0.8,31.3,34.4,68.8,0.2,0.6,36.2,31.3,0.1,0.3,19.2
489,Tony Bradley,CHI,25,10,7,100,0.4,0.8,50.0,62.5,50.0,0.2,0.4,50.0,50.0,0.2,0.4,50.0
490,Alex Len,SAC,29,13,6,100,0.4,0.8,50.0,50.0,90.0,0.4,0.7,55.1,10.0,0.0,0.1,0.0
491,PJ Dozier,SAC,26,4,3,100,0.5,0.8,66.7,83.3,33.3,0.3,0.3,100,66.7,0.3,0.5,50.0
492,Thanasis Antetokounmpo,MIL,30,24,9,100,0.2,0.7,23.5,23.5,76.5,0.2,0.5,31.5,23.5,0.0,0.2,0.0
493,Vernon Carey Jr.,WAS,21,10,4,100,0.1,0.7,14.3,14.3,100.0,0.1,0.7,14.3,0.0,0.0,0.0,-
494,Micah Potter,UTA,24,3,1,100,0.7,0.7,100.0,100.0,100.0,0.7,0.7,100,0.0,0.0,0.0,-
495,John Butler Jr.,POR,20,7,3,100,0.1,0.6,25.0,25.0,25.0,0.1,0.1,100,75.0,0.0,0.4,0.0
496,Trevor Hudgins,HOU,23,2,1,100,0.5,0.5,100.0,150.0,0.0,0.0,0.0,-,100.0,0.5,0.5,100
497,Andre Iguodala,GSW,39,2,1,100,0.5,0.5,100.0,100.0,100.0,0.5,0.5,100,0.0,0.0,0.0,-
498,Ryan Arcidiacono,POR,28,11,4,100,0.1,0.5,20.0,30.0,40.0,0.0,0.2,0.0,60.0,0.1,0.3,33.3
499,Braxton Key,DET,25,3,1,100,0.3,0.3,100.0,100.0,100.0,0.3,0.3,100,0.0,0.0,0.0,-
